table_id,table_name,arc_id,split,kind,output_transition
0,"delay_template_6x6",1567,MAX,DELAY,RISE
0,"delay_template_6x6",1543,MAX,DELAY,RISE
0,"delay_template_6x6",1519,MAX,DELAY,RISE
0,"delay_template_6x6",1494,MAX,DELAY,RISE
0,"delay_template_6x6",1469,MAX,DELAY,RISE
0,"delay_template_6x6",1444,MAX,DELAY,RISE
0,"delay_template_6x6",1420,MAX,DELAY,RISE
0,"delay_template_6x6",1396,MAX,DELAY,RISE
0,"delay_template_6x6",1372,MAX,DELAY,RISE
0,"delay_template_6x6",1348,MAX,DELAY,RISE
0,"delay_template_6x6",1325,MAX,DELAY,RISE
0,"delay_template_6x6",1302,MAX,DELAY,RISE
0,"delay_template_6x6",1278,MAX,DELAY,RISE
0,"delay_template_6x6",1255,MAX,DELAY,RISE
0,"delay_template_6x6",1231,MAX,DELAY,RISE
0,"delay_template_6x6",1208,MAX,DELAY,RISE
0,"delay_template_6x6",1184,MAX,DELAY,RISE
0,"delay_template_6x6",1162,MAX,DELAY,RISE
0,"delay_template_6x6",1140,MAX,DELAY,RISE
0,"delay_template_6x6",1118,MAX,DELAY,RISE
0,"delay_template_6x6",1096,MAX,DELAY,RISE
0,"delay_template_6x6",1074,MAX,DELAY,RISE
0,"delay_template_6x6",1052,MAX,DELAY,RISE
0,"delay_template_6x6",1030,MAX,DELAY,RISE
0,"delay_template_6x6",1008,MAX,DELAY,RISE
0,"delay_template_6x6",986,MAX,DELAY,RISE
0,"delay_template_6x6",964,MAX,DELAY,RISE
0,"delay_template_6x6",942,MAX,DELAY,RISE
0,"delay_template_6x6",908,MAX,DELAY,RISE
0,"delay_template_6x6",886,MAX,DELAY,RISE
0,"delay_template_6x6",864,MAX,DELAY,RISE
0,"delay_template_6x6",832,MAX,DELAY,RISE
1,"delay_template_6x6",1567,MAX,SLEW,RISE
1,"delay_template_6x6",1543,MAX,SLEW,RISE
1,"delay_template_6x6",1519,MAX,SLEW,RISE
1,"delay_template_6x6",1494,MAX,SLEW,RISE
1,"delay_template_6x6",1469,MAX,SLEW,RISE
1,"delay_template_6x6",1444,MAX,SLEW,RISE
1,"delay_template_6x6",1420,MAX,SLEW,RISE
1,"delay_template_6x6",1396,MAX,SLEW,RISE
1,"delay_template_6x6",1372,MAX,SLEW,RISE
1,"delay_template_6x6",1348,MAX,SLEW,RISE
1,"delay_template_6x6",1325,MAX,SLEW,RISE
1,"delay_template_6x6",1302,MAX,SLEW,RISE
1,"delay_template_6x6",1278,MAX,SLEW,RISE
1,"delay_template_6x6",1255,MAX,SLEW,RISE
1,"delay_template_6x6",1231,MAX,SLEW,RISE
1,"delay_template_6x6",1208,MAX,SLEW,RISE
1,"delay_template_6x6",1184,MAX,SLEW,RISE
1,"delay_template_6x6",1162,MAX,SLEW,RISE
1,"delay_template_6x6",1140,MAX,SLEW,RISE
1,"delay_template_6x6",1118,MAX,SLEW,RISE
1,"delay_template_6x6",1096,MAX,SLEW,RISE
1,"delay_template_6x6",1074,MAX,SLEW,RISE
1,"delay_template_6x6",1052,MAX,SLEW,RISE
1,"delay_template_6x6",1030,MAX,SLEW,RISE
1,"delay_template_6x6",1008,MAX,SLEW,RISE
1,"delay_template_6x6",986,MAX,SLEW,RISE
1,"delay_template_6x6",964,MAX,SLEW,RISE
1,"delay_template_6x6",942,MAX,SLEW,RISE
1,"delay_template_6x6",908,MAX,SLEW,RISE
1,"delay_template_6x6",886,MAX,SLEW,RISE
1,"delay_template_6x6",864,MAX,SLEW,RISE
1,"delay_template_6x6",832,MAX,SLEW,RISE
2,"delay_template_6x6",1566,MAX,DELAY,RISE
2,"delay_template_6x6",1542,MAX,DELAY,RISE
2,"delay_template_6x6",1518,MAX,DELAY,RISE
2,"delay_template_6x6",1493,MAX,DELAY,RISE
2,"delay_template_6x6",1468,MAX,DELAY,RISE
2,"delay_template_6x6",1443,MAX,DELAY,RISE
2,"delay_template_6x6",1419,MAX,DELAY,RISE
2,"delay_template_6x6",1395,MAX,DELAY,RISE
2,"delay_template_6x6",1371,MAX,DELAY,RISE
2,"delay_template_6x6",1347,MAX,DELAY,RISE
2,"delay_template_6x6",1324,MAX,DELAY,RISE
2,"delay_template_6x6",1301,MAX,DELAY,RISE
2,"delay_template_6x6",1277,MAX,DELAY,RISE
2,"delay_template_6x6",1254,MAX,DELAY,RISE
2,"delay_template_6x6",1230,MAX,DELAY,RISE
2,"delay_template_6x6",1207,MAX,DELAY,RISE
2,"delay_template_6x6",1183,MAX,DELAY,RISE
2,"delay_template_6x6",1161,MAX,DELAY,RISE
2,"delay_template_6x6",1139,MAX,DELAY,RISE
2,"delay_template_6x6",1117,MAX,DELAY,RISE
2,"delay_template_6x6",1095,MAX,DELAY,RISE
2,"delay_template_6x6",1073,MAX,DELAY,RISE
2,"delay_template_6x6",1051,MAX,DELAY,RISE
2,"delay_template_6x6",1029,MAX,DELAY,RISE
2,"delay_template_6x6",1007,MAX,DELAY,RISE
2,"delay_template_6x6",985,MAX,DELAY,RISE
2,"delay_template_6x6",963,MAX,DELAY,RISE
2,"delay_template_6x6",941,MAX,DELAY,RISE
2,"delay_template_6x6",907,MAX,DELAY,RISE
2,"delay_template_6x6",885,MAX,DELAY,RISE
2,"delay_template_6x6",863,MAX,DELAY,RISE
2,"delay_template_6x6",831,MAX,DELAY,RISE
3,"delay_template_6x6",1566,MAX,DELAY,FALL
3,"delay_template_6x6",1542,MAX,DELAY,FALL
3,"delay_template_6x6",1518,MAX,DELAY,FALL
3,"delay_template_6x6",1493,MAX,DELAY,FALL
3,"delay_template_6x6",1468,MAX,DELAY,FALL
3,"delay_template_6x6",1443,MAX,DELAY,FALL
3,"delay_template_6x6",1419,MAX,DELAY,FALL
3,"delay_template_6x6",1395,MAX,DELAY,FALL
3,"delay_template_6x6",1371,MAX,DELAY,FALL
3,"delay_template_6x6",1347,MAX,DELAY,FALL
3,"delay_template_6x6",1324,MAX,DELAY,FALL
3,"delay_template_6x6",1301,MAX,DELAY,FALL
3,"delay_template_6x6",1277,MAX,DELAY,FALL
3,"delay_template_6x6",1254,MAX,DELAY,FALL
3,"delay_template_6x6",1230,MAX,DELAY,FALL
3,"delay_template_6x6",1207,MAX,DELAY,FALL
3,"delay_template_6x6",1183,MAX,DELAY,FALL
3,"delay_template_6x6",1161,MAX,DELAY,FALL
3,"delay_template_6x6",1139,MAX,DELAY,FALL
3,"delay_template_6x6",1117,MAX,DELAY,FALL
3,"delay_template_6x6",1095,MAX,DELAY,FALL
3,"delay_template_6x6",1073,MAX,DELAY,FALL
3,"delay_template_6x6",1051,MAX,DELAY,FALL
3,"delay_template_6x6",1029,MAX,DELAY,FALL
3,"delay_template_6x6",1007,MAX,DELAY,FALL
3,"delay_template_6x6",985,MAX,DELAY,FALL
3,"delay_template_6x6",963,MAX,DELAY,FALL
3,"delay_template_6x6",941,MAX,DELAY,FALL
3,"delay_template_6x6",907,MAX,DELAY,FALL
3,"delay_template_6x6",885,MAX,DELAY,FALL
3,"delay_template_6x6",863,MAX,DELAY,FALL
3,"delay_template_6x6",831,MAX,DELAY,FALL
4,"delay_template_6x6",1566,MAX,SLEW,RISE
4,"delay_template_6x6",1542,MAX,SLEW,RISE
4,"delay_template_6x6",1518,MAX,SLEW,RISE
4,"delay_template_6x6",1493,MAX,SLEW,RISE
4,"delay_template_6x6",1468,MAX,SLEW,RISE
4,"delay_template_6x6",1443,MAX,SLEW,RISE
4,"delay_template_6x6",1419,MAX,SLEW,RISE
4,"delay_template_6x6",1395,MAX,SLEW,RISE
4,"delay_template_6x6",1371,MAX,SLEW,RISE
4,"delay_template_6x6",1347,MAX,SLEW,RISE
4,"delay_template_6x6",1324,MAX,SLEW,RISE
4,"delay_template_6x6",1301,MAX,SLEW,RISE
4,"delay_template_6x6",1277,MAX,SLEW,RISE
4,"delay_template_6x6",1254,MAX,SLEW,RISE
4,"delay_template_6x6",1230,MAX,SLEW,RISE
4,"delay_template_6x6",1207,MAX,SLEW,RISE
4,"delay_template_6x6",1183,MAX,SLEW,RISE
4,"delay_template_6x6",1161,MAX,SLEW,RISE
4,"delay_template_6x6",1139,MAX,SLEW,RISE
4,"delay_template_6x6",1117,MAX,SLEW,RISE
4,"delay_template_6x6",1095,MAX,SLEW,RISE
4,"delay_template_6x6",1073,MAX,SLEW,RISE
4,"delay_template_6x6",1051,MAX,SLEW,RISE
4,"delay_template_6x6",1029,MAX,SLEW,RISE
4,"delay_template_6x6",1007,MAX,SLEW,RISE
4,"delay_template_6x6",985,MAX,SLEW,RISE
4,"delay_template_6x6",963,MAX,SLEW,RISE
4,"delay_template_6x6",941,MAX,SLEW,RISE
4,"delay_template_6x6",907,MAX,SLEW,RISE
4,"delay_template_6x6",885,MAX,SLEW,RISE
4,"delay_template_6x6",863,MAX,SLEW,RISE
4,"delay_template_6x6",831,MAX,SLEW,RISE
5,"delay_template_6x6",1566,MAX,SLEW,FALL
5,"delay_template_6x6",1542,MAX,SLEW,FALL
5,"delay_template_6x6",1518,MAX,SLEW,FALL
5,"delay_template_6x6",1493,MAX,SLEW,FALL
5,"delay_template_6x6",1468,MAX,SLEW,FALL
5,"delay_template_6x6",1443,MAX,SLEW,FALL
5,"delay_template_6x6",1419,MAX,SLEW,FALL
5,"delay_template_6x6",1395,MAX,SLEW,FALL
5,"delay_template_6x6",1371,MAX,SLEW,FALL
5,"delay_template_6x6",1347,MAX,SLEW,FALL
5,"delay_template_6x6",1324,MAX,SLEW,FALL
5,"delay_template_6x6",1301,MAX,SLEW,FALL
5,"delay_template_6x6",1277,MAX,SLEW,FALL
5,"delay_template_6x6",1254,MAX,SLEW,FALL
5,"delay_template_6x6",1230,MAX,SLEW,FALL
5,"delay_template_6x6",1207,MAX,SLEW,FALL
5,"delay_template_6x6",1183,MAX,SLEW,FALL
5,"delay_template_6x6",1161,MAX,SLEW,FALL
5,"delay_template_6x6",1139,MAX,SLEW,FALL
5,"delay_template_6x6",1117,MAX,SLEW,FALL
5,"delay_template_6x6",1095,MAX,SLEW,FALL
5,"delay_template_6x6",1073,MAX,SLEW,FALL
5,"delay_template_6x6",1051,MAX,SLEW,FALL
5,"delay_template_6x6",1029,MAX,SLEW,FALL
5,"delay_template_6x6",1007,MAX,SLEW,FALL
5,"delay_template_6x6",985,MAX,SLEW,FALL
5,"delay_template_6x6",963,MAX,SLEW,FALL
5,"delay_template_6x6",941,MAX,SLEW,FALL
5,"delay_template_6x6",907,MAX,SLEW,FALL
5,"delay_template_6x6",885,MAX,SLEW,FALL
5,"delay_template_6x6",863,MAX,SLEW,FALL
5,"delay_template_6x6",831,MAX,SLEW,FALL
6,"delay_template_6x6",1565,MAX,DELAY,RISE
6,"delay_template_6x6",1541,MAX,DELAY,RISE
6,"delay_template_6x6",1517,MAX,DELAY,RISE
6,"delay_template_6x6",1492,MAX,DELAY,RISE
6,"delay_template_6x6",1467,MAX,DELAY,RISE
6,"delay_template_6x6",1442,MAX,DELAY,RISE
6,"delay_template_6x6",1418,MAX,DELAY,RISE
6,"delay_template_6x6",1394,MAX,DELAY,RISE
6,"delay_template_6x6",1370,MAX,DELAY,RISE
6,"delay_template_6x6",1346,MAX,DELAY,RISE
6,"delay_template_6x6",1323,MAX,DELAY,RISE
6,"delay_template_6x6",1300,MAX,DELAY,RISE
6,"delay_template_6x6",1276,MAX,DELAY,RISE
6,"delay_template_6x6",1253,MAX,DELAY,RISE
6,"delay_template_6x6",1229,MAX,DELAY,RISE
6,"delay_template_6x6",1206,MAX,DELAY,RISE
6,"delay_template_6x6",1182,MAX,DELAY,RISE
6,"delay_template_6x6",1160,MAX,DELAY,RISE
6,"delay_template_6x6",1138,MAX,DELAY,RISE
6,"delay_template_6x6",1116,MAX,DELAY,RISE
6,"delay_template_6x6",1094,MAX,DELAY,RISE
6,"delay_template_6x6",1072,MAX,DELAY,RISE
6,"delay_template_6x6",1050,MAX,DELAY,RISE
6,"delay_template_6x6",1028,MAX,DELAY,RISE
6,"delay_template_6x6",1006,MAX,DELAY,RISE
6,"delay_template_6x6",984,MAX,DELAY,RISE
6,"delay_template_6x6",962,MAX,DELAY,RISE
6,"delay_template_6x6",940,MAX,DELAY,RISE
6,"delay_template_6x6",906,MAX,DELAY,RISE
6,"delay_template_6x6",884,MAX,DELAY,RISE
6,"delay_template_6x6",862,MAX,DELAY,RISE
6,"delay_template_6x6",830,MAX,DELAY,RISE
7,"delay_template_6x6",1565,MAX,DELAY,FALL
7,"delay_template_6x6",1541,MAX,DELAY,FALL
7,"delay_template_6x6",1517,MAX,DELAY,FALL
7,"delay_template_6x6",1492,MAX,DELAY,FALL
7,"delay_template_6x6",1467,MAX,DELAY,FALL
7,"delay_template_6x6",1442,MAX,DELAY,FALL
7,"delay_template_6x6",1418,MAX,DELAY,FALL
7,"delay_template_6x6",1394,MAX,DELAY,FALL
7,"delay_template_6x6",1370,MAX,DELAY,FALL
7,"delay_template_6x6",1346,MAX,DELAY,FALL
7,"delay_template_6x6",1323,MAX,DELAY,FALL
7,"delay_template_6x6",1300,MAX,DELAY,FALL
7,"delay_template_6x6",1276,MAX,DELAY,FALL
7,"delay_template_6x6",1253,MAX,DELAY,FALL
7,"delay_template_6x6",1229,MAX,DELAY,FALL
7,"delay_template_6x6",1206,MAX,DELAY,FALL
7,"delay_template_6x6",1182,MAX,DELAY,FALL
7,"delay_template_6x6",1160,MAX,DELAY,FALL
7,"delay_template_6x6",1138,MAX,DELAY,FALL
7,"delay_template_6x6",1116,MAX,DELAY,FALL
7,"delay_template_6x6",1094,MAX,DELAY,FALL
7,"delay_template_6x6",1072,MAX,DELAY,FALL
7,"delay_template_6x6",1050,MAX,DELAY,FALL
7,"delay_template_6x6",1028,MAX,DELAY,FALL
7,"delay_template_6x6",1006,MAX,DELAY,FALL
7,"delay_template_6x6",984,MAX,DELAY,FALL
7,"delay_template_6x6",962,MAX,DELAY,FALL
7,"delay_template_6x6",940,MAX,DELAY,FALL
7,"delay_template_6x6",906,MAX,DELAY,FALL
7,"delay_template_6x6",884,MAX,DELAY,FALL
7,"delay_template_6x6",862,MAX,DELAY,FALL
7,"delay_template_6x6",830,MAX,DELAY,FALL
8,"delay_template_6x6",1565,MAX,SLEW,RISE
8,"delay_template_6x6",1541,MAX,SLEW,RISE
8,"delay_template_6x6",1517,MAX,SLEW,RISE
8,"delay_template_6x6",1492,MAX,SLEW,RISE
8,"delay_template_6x6",1467,MAX,SLEW,RISE
8,"delay_template_6x6",1442,MAX,SLEW,RISE
8,"delay_template_6x6",1418,MAX,SLEW,RISE
8,"delay_template_6x6",1394,MAX,SLEW,RISE
8,"delay_template_6x6",1370,MAX,SLEW,RISE
8,"delay_template_6x6",1346,MAX,SLEW,RISE
8,"delay_template_6x6",1323,MAX,SLEW,RISE
8,"delay_template_6x6",1300,MAX,SLEW,RISE
8,"delay_template_6x6",1276,MAX,SLEW,RISE
8,"delay_template_6x6",1253,MAX,SLEW,RISE
8,"delay_template_6x6",1229,MAX,SLEW,RISE
8,"delay_template_6x6",1206,MAX,SLEW,RISE
8,"delay_template_6x6",1182,MAX,SLEW,RISE
8,"delay_template_6x6",1160,MAX,SLEW,RISE
8,"delay_template_6x6",1138,MAX,SLEW,RISE
8,"delay_template_6x6",1116,MAX,SLEW,RISE
8,"delay_template_6x6",1094,MAX,SLEW,RISE
8,"delay_template_6x6",1072,MAX,SLEW,RISE
8,"delay_template_6x6",1050,MAX,SLEW,RISE
8,"delay_template_6x6",1028,MAX,SLEW,RISE
8,"delay_template_6x6",1006,MAX,SLEW,RISE
8,"delay_template_6x6",984,MAX,SLEW,RISE
8,"delay_template_6x6",962,MAX,SLEW,RISE
8,"delay_template_6x6",940,MAX,SLEW,RISE
8,"delay_template_6x6",906,MAX,SLEW,RISE
8,"delay_template_6x6",884,MAX,SLEW,RISE
8,"delay_template_6x6",862,MAX,SLEW,RISE
8,"delay_template_6x6",830,MAX,SLEW,RISE
9,"delay_template_6x6",1565,MAX,SLEW,FALL
9,"delay_template_6x6",1541,MAX,SLEW,FALL
9,"delay_template_6x6",1517,MAX,SLEW,FALL
9,"delay_template_6x6",1492,MAX,SLEW,FALL
9,"delay_template_6x6",1467,MAX,SLEW,FALL
9,"delay_template_6x6",1442,MAX,SLEW,FALL
9,"delay_template_6x6",1418,MAX,SLEW,FALL
9,"delay_template_6x6",1394,MAX,SLEW,FALL
9,"delay_template_6x6",1370,MAX,SLEW,FALL
9,"delay_template_6x6",1346,MAX,SLEW,FALL
9,"delay_template_6x6",1323,MAX,SLEW,FALL
9,"delay_template_6x6",1300,MAX,SLEW,FALL
9,"delay_template_6x6",1276,MAX,SLEW,FALL
9,"delay_template_6x6",1253,MAX,SLEW,FALL
9,"delay_template_6x6",1229,MAX,SLEW,FALL
9,"delay_template_6x6",1206,MAX,SLEW,FALL
9,"delay_template_6x6",1182,MAX,SLEW,FALL
9,"delay_template_6x6",1160,MAX,SLEW,FALL
9,"delay_template_6x6",1138,MAX,SLEW,FALL
9,"delay_template_6x6",1116,MAX,SLEW,FALL
9,"delay_template_6x6",1094,MAX,SLEW,FALL
9,"delay_template_6x6",1072,MAX,SLEW,FALL
9,"delay_template_6x6",1050,MAX,SLEW,FALL
9,"delay_template_6x6",1028,MAX,SLEW,FALL
9,"delay_template_6x6",1006,MAX,SLEW,FALL
9,"delay_template_6x6",984,MAX,SLEW,FALL
9,"delay_template_6x6",962,MAX,SLEW,FALL
9,"delay_template_6x6",940,MAX,SLEW,FALL
9,"delay_template_6x6",906,MAX,SLEW,FALL
9,"delay_template_6x6",884,MAX,SLEW,FALL
9,"delay_template_6x6",862,MAX,SLEW,FALL
9,"delay_template_6x6",830,MAX,SLEW,FALL
10,"delay_template_6x6",1558,MIN,DELAY,RISE
10,"delay_template_6x6",1534,MIN,DELAY,RISE
10,"delay_template_6x6",1510,MIN,DELAY,RISE
10,"delay_template_6x6",1485,MIN,DELAY,RISE
10,"delay_template_6x6",1460,MIN,DELAY,RISE
10,"delay_template_6x6",1435,MIN,DELAY,RISE
10,"delay_template_6x6",1411,MIN,DELAY,RISE
10,"delay_template_6x6",1387,MIN,DELAY,RISE
10,"delay_template_6x6",1363,MIN,DELAY,RISE
10,"delay_template_6x6",1339,MIN,DELAY,RISE
10,"delay_template_6x6",1316,MIN,DELAY,RISE
10,"delay_template_6x6",1293,MIN,DELAY,RISE
10,"delay_template_6x6",1269,MIN,DELAY,RISE
10,"delay_template_6x6",1246,MIN,DELAY,RISE
10,"delay_template_6x6",1222,MIN,DELAY,RISE
10,"delay_template_6x6",1199,MIN,DELAY,RISE
10,"delay_template_6x6",1175,MIN,DELAY,RISE
10,"delay_template_6x6",1153,MIN,DELAY,RISE
10,"delay_template_6x6",1131,MIN,DELAY,RISE
10,"delay_template_6x6",1109,MIN,DELAY,RISE
10,"delay_template_6x6",1087,MIN,DELAY,RISE
10,"delay_template_6x6",1065,MIN,DELAY,RISE
10,"delay_template_6x6",1043,MIN,DELAY,RISE
10,"delay_template_6x6",1021,MIN,DELAY,RISE
10,"delay_template_6x6",999,MIN,DELAY,RISE
10,"delay_template_6x6",977,MIN,DELAY,RISE
10,"delay_template_6x6",955,MIN,DELAY,RISE
10,"delay_template_6x6",933,MIN,DELAY,RISE
10,"delay_template_6x6",899,MIN,DELAY,RISE
10,"delay_template_6x6",877,MIN,DELAY,RISE
10,"delay_template_6x6",855,MIN,DELAY,RISE
10,"delay_template_6x6",823,MIN,DELAY,RISE
11,"delay_template_6x6",1558,MIN,SLEW,RISE
11,"delay_template_6x6",1534,MIN,SLEW,RISE
11,"delay_template_6x6",1510,MIN,SLEW,RISE
11,"delay_template_6x6",1485,MIN,SLEW,RISE
11,"delay_template_6x6",1460,MIN,SLEW,RISE
11,"delay_template_6x6",1435,MIN,SLEW,RISE
11,"delay_template_6x6",1411,MIN,SLEW,RISE
11,"delay_template_6x6",1387,MIN,SLEW,RISE
11,"delay_template_6x6",1363,MIN,SLEW,RISE
11,"delay_template_6x6",1339,MIN,SLEW,RISE
11,"delay_template_6x6",1316,MIN,SLEW,RISE
11,"delay_template_6x6",1293,MIN,SLEW,RISE
11,"delay_template_6x6",1269,MIN,SLEW,RISE
11,"delay_template_6x6",1246,MIN,SLEW,RISE
11,"delay_template_6x6",1222,MIN,SLEW,RISE
11,"delay_template_6x6",1199,MIN,SLEW,RISE
11,"delay_template_6x6",1175,MIN,SLEW,RISE
11,"delay_template_6x6",1153,MIN,SLEW,RISE
11,"delay_template_6x6",1131,MIN,SLEW,RISE
11,"delay_template_6x6",1109,MIN,SLEW,RISE
11,"delay_template_6x6",1087,MIN,SLEW,RISE
11,"delay_template_6x6",1065,MIN,SLEW,RISE
11,"delay_template_6x6",1043,MIN,SLEW,RISE
11,"delay_template_6x6",1021,MIN,SLEW,RISE
11,"delay_template_6x6",999,MIN,SLEW,RISE
11,"delay_template_6x6",977,MIN,SLEW,RISE
11,"delay_template_6x6",955,MIN,SLEW,RISE
11,"delay_template_6x6",933,MIN,SLEW,RISE
11,"delay_template_6x6",899,MIN,SLEW,RISE
11,"delay_template_6x6",877,MIN,SLEW,RISE
11,"delay_template_6x6",855,MIN,SLEW,RISE
11,"delay_template_6x6",823,MIN,SLEW,RISE
12,"delay_template_6x6",1557,MIN,DELAY,RISE
12,"delay_template_6x6",1533,MIN,DELAY,RISE
12,"delay_template_6x6",1509,MIN,DELAY,RISE
12,"delay_template_6x6",1484,MIN,DELAY,RISE
12,"delay_template_6x6",1459,MIN,DELAY,RISE
12,"delay_template_6x6",1434,MIN,DELAY,RISE
12,"delay_template_6x6",1410,MIN,DELAY,RISE
12,"delay_template_6x6",1386,MIN,DELAY,RISE
12,"delay_template_6x6",1362,MIN,DELAY,RISE
12,"delay_template_6x6",1338,MIN,DELAY,RISE
12,"delay_template_6x6",1315,MIN,DELAY,RISE
12,"delay_template_6x6",1292,MIN,DELAY,RISE
12,"delay_template_6x6",1268,MIN,DELAY,RISE
12,"delay_template_6x6",1245,MIN,DELAY,RISE
12,"delay_template_6x6",1221,MIN,DELAY,RISE
12,"delay_template_6x6",1198,MIN,DELAY,RISE
12,"delay_template_6x6",1174,MIN,DELAY,RISE
12,"delay_template_6x6",1152,MIN,DELAY,RISE
12,"delay_template_6x6",1130,MIN,DELAY,RISE
12,"delay_template_6x6",1108,MIN,DELAY,RISE
12,"delay_template_6x6",1086,MIN,DELAY,RISE
12,"delay_template_6x6",1064,MIN,DELAY,RISE
12,"delay_template_6x6",1042,MIN,DELAY,RISE
12,"delay_template_6x6",1020,MIN,DELAY,RISE
12,"delay_template_6x6",998,MIN,DELAY,RISE
12,"delay_template_6x6",976,MIN,DELAY,RISE
12,"delay_template_6x6",954,MIN,DELAY,RISE
12,"delay_template_6x6",932,MIN,DELAY,RISE
12,"delay_template_6x6",898,MIN,DELAY,RISE
12,"delay_template_6x6",876,MIN,DELAY,RISE
12,"delay_template_6x6",854,MIN,DELAY,RISE
12,"delay_template_6x6",822,MIN,DELAY,RISE
13,"delay_template_6x6",1557,MIN,DELAY,FALL
13,"delay_template_6x6",1533,MIN,DELAY,FALL
13,"delay_template_6x6",1509,MIN,DELAY,FALL
13,"delay_template_6x6",1484,MIN,DELAY,FALL
13,"delay_template_6x6",1459,MIN,DELAY,FALL
13,"delay_template_6x6",1434,MIN,DELAY,FALL
13,"delay_template_6x6",1410,MIN,DELAY,FALL
13,"delay_template_6x6",1386,MIN,DELAY,FALL
13,"delay_template_6x6",1362,MIN,DELAY,FALL
13,"delay_template_6x6",1338,MIN,DELAY,FALL
13,"delay_template_6x6",1315,MIN,DELAY,FALL
13,"delay_template_6x6",1292,MIN,DELAY,FALL
13,"delay_template_6x6",1268,MIN,DELAY,FALL
13,"delay_template_6x6",1245,MIN,DELAY,FALL
13,"delay_template_6x6",1221,MIN,DELAY,FALL
13,"delay_template_6x6",1198,MIN,DELAY,FALL
13,"delay_template_6x6",1174,MIN,DELAY,FALL
13,"delay_template_6x6",1152,MIN,DELAY,FALL
13,"delay_template_6x6",1130,MIN,DELAY,FALL
13,"delay_template_6x6",1108,MIN,DELAY,FALL
13,"delay_template_6x6",1086,MIN,DELAY,FALL
13,"delay_template_6x6",1064,MIN,DELAY,FALL
13,"delay_template_6x6",1042,MIN,DELAY,FALL
13,"delay_template_6x6",1020,MIN,DELAY,FALL
13,"delay_template_6x6",998,MIN,DELAY,FALL
13,"delay_template_6x6",976,MIN,DELAY,FALL
13,"delay_template_6x6",954,MIN,DELAY,FALL
13,"delay_template_6x6",932,MIN,DELAY,FALL
13,"delay_template_6x6",898,MIN,DELAY,FALL
13,"delay_template_6x6",876,MIN,DELAY,FALL
13,"delay_template_6x6",854,MIN,DELAY,FALL
13,"delay_template_6x6",822,MIN,DELAY,FALL
14,"delay_template_6x6",1557,MIN,SLEW,RISE
14,"delay_template_6x6",1533,MIN,SLEW,RISE
14,"delay_template_6x6",1509,MIN,SLEW,RISE
14,"delay_template_6x6",1484,MIN,SLEW,RISE
14,"delay_template_6x6",1459,MIN,SLEW,RISE
14,"delay_template_6x6",1434,MIN,SLEW,RISE
14,"delay_template_6x6",1410,MIN,SLEW,RISE
14,"delay_template_6x6",1386,MIN,SLEW,RISE
14,"delay_template_6x6",1362,MIN,SLEW,RISE
14,"delay_template_6x6",1338,MIN,SLEW,RISE
14,"delay_template_6x6",1315,MIN,SLEW,RISE
14,"delay_template_6x6",1292,MIN,SLEW,RISE
14,"delay_template_6x6",1268,MIN,SLEW,RISE
14,"delay_template_6x6",1245,MIN,SLEW,RISE
14,"delay_template_6x6",1221,MIN,SLEW,RISE
14,"delay_template_6x6",1198,MIN,SLEW,RISE
14,"delay_template_6x6",1174,MIN,SLEW,RISE
14,"delay_template_6x6",1152,MIN,SLEW,RISE
14,"delay_template_6x6",1130,MIN,SLEW,RISE
14,"delay_template_6x6",1108,MIN,SLEW,RISE
14,"delay_template_6x6",1086,MIN,SLEW,RISE
14,"delay_template_6x6",1064,MIN,SLEW,RISE
14,"delay_template_6x6",1042,MIN,SLEW,RISE
14,"delay_template_6x6",1020,MIN,SLEW,RISE
14,"delay_template_6x6",998,MIN,SLEW,RISE
14,"delay_template_6x6",976,MIN,SLEW,RISE
14,"delay_template_6x6",954,MIN,SLEW,RISE
14,"delay_template_6x6",932,MIN,SLEW,RISE
14,"delay_template_6x6",898,MIN,SLEW,RISE
14,"delay_template_6x6",876,MIN,SLEW,RISE
14,"delay_template_6x6",854,MIN,SLEW,RISE
14,"delay_template_6x6",822,MIN,SLEW,RISE
15,"delay_template_6x6",1557,MIN,SLEW,FALL
15,"delay_template_6x6",1533,MIN,SLEW,FALL
15,"delay_template_6x6",1509,MIN,SLEW,FALL
15,"delay_template_6x6",1484,MIN,SLEW,FALL
15,"delay_template_6x6",1459,MIN,SLEW,FALL
15,"delay_template_6x6",1434,MIN,SLEW,FALL
15,"delay_template_6x6",1410,MIN,SLEW,FALL
15,"delay_template_6x6",1386,MIN,SLEW,FALL
15,"delay_template_6x6",1362,MIN,SLEW,FALL
15,"delay_template_6x6",1338,MIN,SLEW,FALL
15,"delay_template_6x6",1315,MIN,SLEW,FALL
15,"delay_template_6x6",1292,MIN,SLEW,FALL
15,"delay_template_6x6",1268,MIN,SLEW,FALL
15,"delay_template_6x6",1245,MIN,SLEW,FALL
15,"delay_template_6x6",1221,MIN,SLEW,FALL
15,"delay_template_6x6",1198,MIN,SLEW,FALL
15,"delay_template_6x6",1174,MIN,SLEW,FALL
15,"delay_template_6x6",1152,MIN,SLEW,FALL
15,"delay_template_6x6",1130,MIN,SLEW,FALL
15,"delay_template_6x6",1108,MIN,SLEW,FALL
15,"delay_template_6x6",1086,MIN,SLEW,FALL
15,"delay_template_6x6",1064,MIN,SLEW,FALL
15,"delay_template_6x6",1042,MIN,SLEW,FALL
15,"delay_template_6x6",1020,MIN,SLEW,FALL
15,"delay_template_6x6",998,MIN,SLEW,FALL
15,"delay_template_6x6",976,MIN,SLEW,FALL
15,"delay_template_6x6",954,MIN,SLEW,FALL
15,"delay_template_6x6",932,MIN,SLEW,FALL
15,"delay_template_6x6",898,MIN,SLEW,FALL
15,"delay_template_6x6",876,MIN,SLEW,FALL
15,"delay_template_6x6",854,MIN,SLEW,FALL
15,"delay_template_6x6",822,MIN,SLEW,FALL
16,"delay_template_6x6",1556,MIN,DELAY,RISE
16,"delay_template_6x6",1532,MIN,DELAY,RISE
16,"delay_template_6x6",1508,MIN,DELAY,RISE
16,"delay_template_6x6",1483,MIN,DELAY,RISE
16,"delay_template_6x6",1458,MIN,DELAY,RISE
16,"delay_template_6x6",1433,MIN,DELAY,RISE
16,"delay_template_6x6",1409,MIN,DELAY,RISE
16,"delay_template_6x6",1385,MIN,DELAY,RISE
16,"delay_template_6x6",1361,MIN,DELAY,RISE
16,"delay_template_6x6",1337,MIN,DELAY,RISE
16,"delay_template_6x6",1314,MIN,DELAY,RISE
16,"delay_template_6x6",1291,MIN,DELAY,RISE
16,"delay_template_6x6",1267,MIN,DELAY,RISE
16,"delay_template_6x6",1244,MIN,DELAY,RISE
16,"delay_template_6x6",1220,MIN,DELAY,RISE
16,"delay_template_6x6",1197,MIN,DELAY,RISE
16,"delay_template_6x6",1173,MIN,DELAY,RISE
16,"delay_template_6x6",1151,MIN,DELAY,RISE
16,"delay_template_6x6",1129,MIN,DELAY,RISE
16,"delay_template_6x6",1107,MIN,DELAY,RISE
16,"delay_template_6x6",1085,MIN,DELAY,RISE
16,"delay_template_6x6",1063,MIN,DELAY,RISE
16,"delay_template_6x6",1041,MIN,DELAY,RISE
16,"delay_template_6x6",1019,MIN,DELAY,RISE
16,"delay_template_6x6",997,MIN,DELAY,RISE
16,"delay_template_6x6",975,MIN,DELAY,RISE
16,"delay_template_6x6",953,MIN,DELAY,RISE
16,"delay_template_6x6",931,MIN,DELAY,RISE
16,"delay_template_6x6",897,MIN,DELAY,RISE
16,"delay_template_6x6",875,MIN,DELAY,RISE
16,"delay_template_6x6",853,MIN,DELAY,RISE
16,"delay_template_6x6",821,MIN,DELAY,RISE
17,"delay_template_6x6",1556,MIN,DELAY,FALL
17,"delay_template_6x6",1532,MIN,DELAY,FALL
17,"delay_template_6x6",1508,MIN,DELAY,FALL
17,"delay_template_6x6",1483,MIN,DELAY,FALL
17,"delay_template_6x6",1458,MIN,DELAY,FALL
17,"delay_template_6x6",1433,MIN,DELAY,FALL
17,"delay_template_6x6",1409,MIN,DELAY,FALL
17,"delay_template_6x6",1385,MIN,DELAY,FALL
17,"delay_template_6x6",1361,MIN,DELAY,FALL
17,"delay_template_6x6",1337,MIN,DELAY,FALL
17,"delay_template_6x6",1314,MIN,DELAY,FALL
17,"delay_template_6x6",1291,MIN,DELAY,FALL
17,"delay_template_6x6",1267,MIN,DELAY,FALL
17,"delay_template_6x6",1244,MIN,DELAY,FALL
17,"delay_template_6x6",1220,MIN,DELAY,FALL
17,"delay_template_6x6",1197,MIN,DELAY,FALL
17,"delay_template_6x6",1173,MIN,DELAY,FALL
17,"delay_template_6x6",1151,MIN,DELAY,FALL
17,"delay_template_6x6",1129,MIN,DELAY,FALL
17,"delay_template_6x6",1107,MIN,DELAY,FALL
17,"delay_template_6x6",1085,MIN,DELAY,FALL
17,"delay_template_6x6",1063,MIN,DELAY,FALL
17,"delay_template_6x6",1041,MIN,DELAY,FALL
17,"delay_template_6x6",1019,MIN,DELAY,FALL
17,"delay_template_6x6",997,MIN,DELAY,FALL
17,"delay_template_6x6",975,MIN,DELAY,FALL
17,"delay_template_6x6",953,MIN,DELAY,FALL
17,"delay_template_6x6",931,MIN,DELAY,FALL
17,"delay_template_6x6",897,MIN,DELAY,FALL
17,"delay_template_6x6",875,MIN,DELAY,FALL
17,"delay_template_6x6",853,MIN,DELAY,FALL
17,"delay_template_6x6",821,MIN,DELAY,FALL
18,"delay_template_6x6",1556,MIN,SLEW,RISE
18,"delay_template_6x6",1532,MIN,SLEW,RISE
18,"delay_template_6x6",1508,MIN,SLEW,RISE
18,"delay_template_6x6",1483,MIN,SLEW,RISE
18,"delay_template_6x6",1458,MIN,SLEW,RISE
18,"delay_template_6x6",1433,MIN,SLEW,RISE
18,"delay_template_6x6",1409,MIN,SLEW,RISE
18,"delay_template_6x6",1385,MIN,SLEW,RISE
18,"delay_template_6x6",1361,MIN,SLEW,RISE
18,"delay_template_6x6",1337,MIN,SLEW,RISE
18,"delay_template_6x6",1314,MIN,SLEW,RISE
18,"delay_template_6x6",1291,MIN,SLEW,RISE
18,"delay_template_6x6",1267,MIN,SLEW,RISE
18,"delay_template_6x6",1244,MIN,SLEW,RISE
18,"delay_template_6x6",1220,MIN,SLEW,RISE
18,"delay_template_6x6",1197,MIN,SLEW,RISE
18,"delay_template_6x6",1173,MIN,SLEW,RISE
18,"delay_template_6x6",1151,MIN,SLEW,RISE
18,"delay_template_6x6",1129,MIN,SLEW,RISE
18,"delay_template_6x6",1107,MIN,SLEW,RISE
18,"delay_template_6x6",1085,MIN,SLEW,RISE
18,"delay_template_6x6",1063,MIN,SLEW,RISE
18,"delay_template_6x6",1041,MIN,SLEW,RISE
18,"delay_template_6x6",1019,MIN,SLEW,RISE
18,"delay_template_6x6",997,MIN,SLEW,RISE
18,"delay_template_6x6",975,MIN,SLEW,RISE
18,"delay_template_6x6",953,MIN,SLEW,RISE
18,"delay_template_6x6",931,MIN,SLEW,RISE
18,"delay_template_6x6",897,MIN,SLEW,RISE
18,"delay_template_6x6",875,MIN,SLEW,RISE
18,"delay_template_6x6",853,MIN,SLEW,RISE
18,"delay_template_6x6",821,MIN,SLEW,RISE
19,"delay_template_6x6",1556,MIN,SLEW,FALL
19,"delay_template_6x6",1532,MIN,SLEW,FALL
19,"delay_template_6x6",1508,MIN,SLEW,FALL
19,"delay_template_6x6",1483,MIN,SLEW,FALL
19,"delay_template_6x6",1458,MIN,SLEW,FALL
19,"delay_template_6x6",1433,MIN,SLEW,FALL
19,"delay_template_6x6",1409,MIN,SLEW,FALL
19,"delay_template_6x6",1385,MIN,SLEW,FALL
19,"delay_template_6x6",1361,MIN,SLEW,FALL
19,"delay_template_6x6",1337,MIN,SLEW,FALL
19,"delay_template_6x6",1314,MIN,SLEW,FALL
19,"delay_template_6x6",1291,MIN,SLEW,FALL
19,"delay_template_6x6",1267,MIN,SLEW,FALL
19,"delay_template_6x6",1244,MIN,SLEW,FALL
19,"delay_template_6x6",1220,MIN,SLEW,FALL
19,"delay_template_6x6",1197,MIN,SLEW,FALL
19,"delay_template_6x6",1173,MIN,SLEW,FALL
19,"delay_template_6x6",1151,MIN,SLEW,FALL
19,"delay_template_6x6",1129,MIN,SLEW,FALL
19,"delay_template_6x6",1107,MIN,SLEW,FALL
19,"delay_template_6x6",1085,MIN,SLEW,FALL
19,"delay_template_6x6",1063,MIN,SLEW,FALL
19,"delay_template_6x6",1041,MIN,SLEW,FALL
19,"delay_template_6x6",1019,MIN,SLEW,FALL
19,"delay_template_6x6",997,MIN,SLEW,FALL
19,"delay_template_6x6",975,MIN,SLEW,FALL
19,"delay_template_6x6",953,MIN,SLEW,FALL
19,"delay_template_6x6",931,MIN,SLEW,FALL
19,"delay_template_6x6",897,MIN,SLEW,FALL
19,"delay_template_6x6",875,MIN,SLEW,FALL
19,"delay_template_6x6",853,MIN,SLEW,FALL
19,"delay_template_6x6",821,MIN,SLEW,FALL
20,"delay_template_5x5",817,MAX,DELAY,RISE
20,"delay_template_5x5",814,MAX,DELAY,RISE
20,"delay_template_5x5",811,MAX,DELAY,RISE
20,"delay_template_5x5",808,MAX,DELAY,RISE
20,"delay_template_5x5",805,MAX,DELAY,RISE
20,"delay_template_5x5",802,MAX,DELAY,RISE
20,"delay_template_5x5",799,MAX,DELAY,RISE
20,"delay_template_5x5",796,MAX,DELAY,RISE
20,"delay_template_5x5",793,MAX,DELAY,RISE
20,"delay_template_5x5",790,MAX,DELAY,RISE
20,"delay_template_5x5",787,MAX,DELAY,RISE
20,"delay_template_5x5",784,MAX,DELAY,RISE
20,"delay_template_5x5",781,MAX,DELAY,RISE
20,"delay_template_5x5",778,MAX,DELAY,RISE
20,"delay_template_5x5",775,MAX,DELAY,RISE
20,"delay_template_5x5",772,MAX,DELAY,RISE
20,"delay_template_5x5",769,MAX,DELAY,RISE
20,"delay_template_5x5",766,MAX,DELAY,RISE
20,"delay_template_5x5",763,MAX,DELAY,RISE
20,"delay_template_5x5",760,MAX,DELAY,RISE
20,"delay_template_5x5",757,MAX,DELAY,RISE
20,"delay_template_5x5",754,MAX,DELAY,RISE
20,"delay_template_5x5",751,MAX,DELAY,RISE
20,"delay_template_5x5",748,MAX,DELAY,RISE
20,"delay_template_5x5",745,MAX,DELAY,RISE
20,"delay_template_5x5",742,MAX,DELAY,RISE
21,"delay_template_5x5",817,MAX,DELAY,FALL
21,"delay_template_5x5",814,MAX,DELAY,FALL
21,"delay_template_5x5",811,MAX,DELAY,FALL
21,"delay_template_5x5",808,MAX,DELAY,FALL
21,"delay_template_5x5",805,MAX,DELAY,FALL
21,"delay_template_5x5",802,MAX,DELAY,FALL
21,"delay_template_5x5",799,MAX,DELAY,FALL
21,"delay_template_5x5",796,MAX,DELAY,FALL
21,"delay_template_5x5",793,MAX,DELAY,FALL
21,"delay_template_5x5",790,MAX,DELAY,FALL
21,"delay_template_5x5",787,MAX,DELAY,FALL
21,"delay_template_5x5",784,MAX,DELAY,FALL
21,"delay_template_5x5",781,MAX,DELAY,FALL
21,"delay_template_5x5",778,MAX,DELAY,FALL
21,"delay_template_5x5",775,MAX,DELAY,FALL
21,"delay_template_5x5",772,MAX,DELAY,FALL
21,"delay_template_5x5",769,MAX,DELAY,FALL
21,"delay_template_5x5",766,MAX,DELAY,FALL
21,"delay_template_5x5",763,MAX,DELAY,FALL
21,"delay_template_5x5",760,MAX,DELAY,FALL
21,"delay_template_5x5",757,MAX,DELAY,FALL
21,"delay_template_5x5",754,MAX,DELAY,FALL
21,"delay_template_5x5",751,MAX,DELAY,FALL
21,"delay_template_5x5",748,MAX,DELAY,FALL
21,"delay_template_5x5",745,MAX,DELAY,FALL
21,"delay_template_5x5",742,MAX,DELAY,FALL
22,"delay_template_5x5",817,MAX,SLEW,RISE
22,"delay_template_5x5",814,MAX,SLEW,RISE
22,"delay_template_5x5",811,MAX,SLEW,RISE
22,"delay_template_5x5",808,MAX,SLEW,RISE
22,"delay_template_5x5",805,MAX,SLEW,RISE
22,"delay_template_5x5",802,MAX,SLEW,RISE
22,"delay_template_5x5",799,MAX,SLEW,RISE
22,"delay_template_5x5",796,MAX,SLEW,RISE
22,"delay_template_5x5",793,MAX,SLEW,RISE
22,"delay_template_5x5",790,MAX,SLEW,RISE
22,"delay_template_5x5",787,MAX,SLEW,RISE
22,"delay_template_5x5",784,MAX,SLEW,RISE
22,"delay_template_5x5",781,MAX,SLEW,RISE
22,"delay_template_5x5",778,MAX,SLEW,RISE
22,"delay_template_5x5",775,MAX,SLEW,RISE
22,"delay_template_5x5",772,MAX,SLEW,RISE
22,"delay_template_5x5",769,MAX,SLEW,RISE
22,"delay_template_5x5",766,MAX,SLEW,RISE
22,"delay_template_5x5",763,MAX,SLEW,RISE
22,"delay_template_5x5",760,MAX,SLEW,RISE
22,"delay_template_5x5",757,MAX,SLEW,RISE
22,"delay_template_5x5",754,MAX,SLEW,RISE
22,"delay_template_5x5",751,MAX,SLEW,RISE
22,"delay_template_5x5",748,MAX,SLEW,RISE
22,"delay_template_5x5",745,MAX,SLEW,RISE
22,"delay_template_5x5",742,MAX,SLEW,RISE
23,"delay_template_5x5",817,MAX,SLEW,FALL
23,"delay_template_5x5",814,MAX,SLEW,FALL
23,"delay_template_5x5",811,MAX,SLEW,FALL
23,"delay_template_5x5",808,MAX,SLEW,FALL
23,"delay_template_5x5",805,MAX,SLEW,FALL
23,"delay_template_5x5",802,MAX,SLEW,FALL
23,"delay_template_5x5",799,MAX,SLEW,FALL
23,"delay_template_5x5",796,MAX,SLEW,FALL
23,"delay_template_5x5",793,MAX,SLEW,FALL
23,"delay_template_5x5",790,MAX,SLEW,FALL
23,"delay_template_5x5",787,MAX,SLEW,FALL
23,"delay_template_5x5",784,MAX,SLEW,FALL
23,"delay_template_5x5",781,MAX,SLEW,FALL
23,"delay_template_5x5",778,MAX,SLEW,FALL
23,"delay_template_5x5",775,MAX,SLEW,FALL
23,"delay_template_5x5",772,MAX,SLEW,FALL
23,"delay_template_5x5",769,MAX,SLEW,FALL
23,"delay_template_5x5",766,MAX,SLEW,FALL
23,"delay_template_5x5",763,MAX,SLEW,FALL
23,"delay_template_5x5",760,MAX,SLEW,FALL
23,"delay_template_5x5",757,MAX,SLEW,FALL
23,"delay_template_5x5",754,MAX,SLEW,FALL
23,"delay_template_5x5",751,MAX,SLEW,FALL
23,"delay_template_5x5",748,MAX,SLEW,FALL
23,"delay_template_5x5",745,MAX,SLEW,FALL
23,"delay_template_5x5",742,MAX,SLEW,FALL
24,"delay_template_5x5",816,MIN,DELAY,RISE
24,"delay_template_5x5",813,MIN,DELAY,RISE
24,"delay_template_5x5",810,MIN,DELAY,RISE
24,"delay_template_5x5",807,MIN,DELAY,RISE
24,"delay_template_5x5",804,MIN,DELAY,RISE
24,"delay_template_5x5",801,MIN,DELAY,RISE
24,"delay_template_5x5",798,MIN,DELAY,RISE
24,"delay_template_5x5",795,MIN,DELAY,RISE
24,"delay_template_5x5",792,MIN,DELAY,RISE
24,"delay_template_5x5",789,MIN,DELAY,RISE
24,"delay_template_5x5",786,MIN,DELAY,RISE
24,"delay_template_5x5",783,MIN,DELAY,RISE
24,"delay_template_5x5",780,MIN,DELAY,RISE
24,"delay_template_5x5",777,MIN,DELAY,RISE
24,"delay_template_5x5",774,MIN,DELAY,RISE
24,"delay_template_5x5",771,MIN,DELAY,RISE
24,"delay_template_5x5",768,MIN,DELAY,RISE
24,"delay_template_5x5",765,MIN,DELAY,RISE
24,"delay_template_5x5",762,MIN,DELAY,RISE
24,"delay_template_5x5",759,MIN,DELAY,RISE
24,"delay_template_5x5",756,MIN,DELAY,RISE
24,"delay_template_5x5",753,MIN,DELAY,RISE
24,"delay_template_5x5",750,MIN,DELAY,RISE
24,"delay_template_5x5",747,MIN,DELAY,RISE
24,"delay_template_5x5",744,MIN,DELAY,RISE
24,"delay_template_5x5",741,MIN,DELAY,RISE
25,"delay_template_5x5",816,MIN,DELAY,FALL
25,"delay_template_5x5",813,MIN,DELAY,FALL
25,"delay_template_5x5",810,MIN,DELAY,FALL
25,"delay_template_5x5",807,MIN,DELAY,FALL
25,"delay_template_5x5",804,MIN,DELAY,FALL
25,"delay_template_5x5",801,MIN,DELAY,FALL
25,"delay_template_5x5",798,MIN,DELAY,FALL
25,"delay_template_5x5",795,MIN,DELAY,FALL
25,"delay_template_5x5",792,MIN,DELAY,FALL
25,"delay_template_5x5",789,MIN,DELAY,FALL
25,"delay_template_5x5",786,MIN,DELAY,FALL
25,"delay_template_5x5",783,MIN,DELAY,FALL
25,"delay_template_5x5",780,MIN,DELAY,FALL
25,"delay_template_5x5",777,MIN,DELAY,FALL
25,"delay_template_5x5",774,MIN,DELAY,FALL
25,"delay_template_5x5",771,MIN,DELAY,FALL
25,"delay_template_5x5",768,MIN,DELAY,FALL
25,"delay_template_5x5",765,MIN,DELAY,FALL
25,"delay_template_5x5",762,MIN,DELAY,FALL
25,"delay_template_5x5",759,MIN,DELAY,FALL
25,"delay_template_5x5",756,MIN,DELAY,FALL
25,"delay_template_5x5",753,MIN,DELAY,FALL
25,"delay_template_5x5",750,MIN,DELAY,FALL
25,"delay_template_5x5",747,MIN,DELAY,FALL
25,"delay_template_5x5",744,MIN,DELAY,FALL
25,"delay_template_5x5",741,MIN,DELAY,FALL
26,"delay_template_5x5",816,MIN,SLEW,RISE
26,"delay_template_5x5",813,MIN,SLEW,RISE
26,"delay_template_5x5",810,MIN,SLEW,RISE
26,"delay_template_5x5",807,MIN,SLEW,RISE
26,"delay_template_5x5",804,MIN,SLEW,RISE
26,"delay_template_5x5",801,MIN,SLEW,RISE
26,"delay_template_5x5",798,MIN,SLEW,RISE
26,"delay_template_5x5",795,MIN,SLEW,RISE
26,"delay_template_5x5",792,MIN,SLEW,RISE
26,"delay_template_5x5",789,MIN,SLEW,RISE
26,"delay_template_5x5",786,MIN,SLEW,RISE
26,"delay_template_5x5",783,MIN,SLEW,RISE
26,"delay_template_5x5",780,MIN,SLEW,RISE
26,"delay_template_5x5",777,MIN,SLEW,RISE
26,"delay_template_5x5",774,MIN,SLEW,RISE
26,"delay_template_5x5",771,MIN,SLEW,RISE
26,"delay_template_5x5",768,MIN,SLEW,RISE
26,"delay_template_5x5",765,MIN,SLEW,RISE
26,"delay_template_5x5",762,MIN,SLEW,RISE
26,"delay_template_5x5",759,MIN,SLEW,RISE
26,"delay_template_5x5",756,MIN,SLEW,RISE
26,"delay_template_5x5",753,MIN,SLEW,RISE
26,"delay_template_5x5",750,MIN,SLEW,RISE
26,"delay_template_5x5",747,MIN,SLEW,RISE
26,"delay_template_5x5",744,MIN,SLEW,RISE
26,"delay_template_5x5",741,MIN,SLEW,RISE
27,"delay_template_5x5",816,MIN,SLEW,FALL
27,"delay_template_5x5",813,MIN,SLEW,FALL
27,"delay_template_5x5",810,MIN,SLEW,FALL
27,"delay_template_5x5",807,MIN,SLEW,FALL
27,"delay_template_5x5",804,MIN,SLEW,FALL
27,"delay_template_5x5",801,MIN,SLEW,FALL
27,"delay_template_5x5",798,MIN,SLEW,FALL
27,"delay_template_5x5",795,MIN,SLEW,FALL
27,"delay_template_5x5",792,MIN,SLEW,FALL
27,"delay_template_5x5",789,MIN,SLEW,FALL
27,"delay_template_5x5",786,MIN,SLEW,FALL
27,"delay_template_5x5",783,MIN,SLEW,FALL
27,"delay_template_5x5",780,MIN,SLEW,FALL
27,"delay_template_5x5",777,MIN,SLEW,FALL
27,"delay_template_5x5",774,MIN,SLEW,FALL
27,"delay_template_5x5",771,MIN,SLEW,FALL
27,"delay_template_5x5",768,MIN,SLEW,FALL
27,"delay_template_5x5",765,MIN,SLEW,FALL
27,"delay_template_5x5",762,MIN,SLEW,FALL
27,"delay_template_5x5",759,MIN,SLEW,FALL
27,"delay_template_5x5",756,MIN,SLEW,FALL
27,"delay_template_5x5",753,MIN,SLEW,FALL
27,"delay_template_5x5",750,MIN,SLEW,FALL
27,"delay_template_5x5",747,MIN,SLEW,FALL
27,"delay_template_5x5",744,MIN,SLEW,FALL
27,"delay_template_5x5",741,MIN,SLEW,FALL
28,"delay_template_5x5",739,MAX,DELAY,RISE
28,"delay_template_5x5",736,MAX,DELAY,RISE
28,"delay_template_5x5",733,MAX,DELAY,RISE
28,"delay_template_5x5",730,MAX,DELAY,RISE
28,"delay_template_5x5",727,MAX,DELAY,RISE
28,"delay_template_5x5",724,MAX,DELAY,RISE
28,"delay_template_5x5",721,MAX,DELAY,RISE
28,"delay_template_5x5",718,MAX,DELAY,RISE
28,"delay_template_5x5",715,MAX,DELAY,RISE
28,"delay_template_5x5",712,MAX,DELAY,RISE
28,"delay_template_5x5",709,MAX,DELAY,RISE
28,"delay_template_5x5",706,MAX,DELAY,RISE
28,"delay_template_5x5",703,MAX,DELAY,RISE
28,"delay_template_5x5",700,MAX,DELAY,RISE
28,"delay_template_5x5",697,MAX,DELAY,RISE
28,"delay_template_5x5",694,MAX,DELAY,RISE
28,"delay_template_5x5",691,MAX,DELAY,RISE
28,"delay_template_5x5",688,MAX,DELAY,RISE
28,"delay_template_5x5",685,MAX,DELAY,RISE
28,"delay_template_5x5",682,MAX,DELAY,RISE
28,"delay_template_5x5",679,MAX,DELAY,RISE
28,"delay_template_5x5",676,MAX,DELAY,RISE
28,"delay_template_5x5",673,MAX,DELAY,RISE
28,"delay_template_5x5",670,MAX,DELAY,RISE
28,"delay_template_5x5",667,MAX,DELAY,RISE
28,"delay_template_5x5",664,MAX,DELAY,RISE
28,"delay_template_5x5",661,MAX,DELAY,RISE
28,"delay_template_5x5",658,MAX,DELAY,RISE
28,"delay_template_5x5",655,MAX,DELAY,RISE
28,"delay_template_5x5",652,MAX,DELAY,RISE
28,"delay_template_5x5",649,MAX,DELAY,RISE
28,"delay_template_5x5",646,MAX,DELAY,RISE
28,"delay_template_5x5",380,MAX,DELAY,RISE
28,"delay_template_5x5",175,MAX,DELAY,RISE
28,"delay_template_5x5",164,MAX,DELAY,RISE
28,"delay_template_5x5",154,MAX,DELAY,RISE
28,"delay_template_5x5",144,MAX,DELAY,RISE
28,"delay_template_5x5",134,MAX,DELAY,RISE
28,"delay_template_5x5",124,MAX,DELAY,RISE
28,"delay_template_5x5",114,MAX,DELAY,RISE
28,"delay_template_5x5",104,MAX,DELAY,RISE
28,"delay_template_5x5",94,MAX,DELAY,RISE
28,"delay_template_5x5",21,MAX,DELAY,RISE
28,"delay_template_5x5",18,MAX,DELAY,RISE
28,"delay_template_5x5",15,MAX,DELAY,RISE
28,"delay_template_5x5",13,MAX,DELAY,RISE
28,"delay_template_5x5",10,MAX,DELAY,RISE
28,"delay_template_5x5",8,MAX,DELAY,RISE
28,"delay_template_5x5",6,MAX,DELAY,RISE
28,"delay_template_5x5",4,MAX,DELAY,RISE
28,"delay_template_5x5",1,MAX,DELAY,RISE
29,"delay_template_5x5",739,MAX,DELAY,FALL
29,"delay_template_5x5",736,MAX,DELAY,FALL
29,"delay_template_5x5",733,MAX,DELAY,FALL
29,"delay_template_5x5",730,MAX,DELAY,FALL
29,"delay_template_5x5",727,MAX,DELAY,FALL
29,"delay_template_5x5",724,MAX,DELAY,FALL
29,"delay_template_5x5",721,MAX,DELAY,FALL
29,"delay_template_5x5",718,MAX,DELAY,FALL
29,"delay_template_5x5",715,MAX,DELAY,FALL
29,"delay_template_5x5",712,MAX,DELAY,FALL
29,"delay_template_5x5",709,MAX,DELAY,FALL
29,"delay_template_5x5",706,MAX,DELAY,FALL
29,"delay_template_5x5",703,MAX,DELAY,FALL
29,"delay_template_5x5",700,MAX,DELAY,FALL
29,"delay_template_5x5",697,MAX,DELAY,FALL
29,"delay_template_5x5",694,MAX,DELAY,FALL
29,"delay_template_5x5",691,MAX,DELAY,FALL
29,"delay_template_5x5",688,MAX,DELAY,FALL
29,"delay_template_5x5",685,MAX,DELAY,FALL
29,"delay_template_5x5",682,MAX,DELAY,FALL
29,"delay_template_5x5",679,MAX,DELAY,FALL
29,"delay_template_5x5",676,MAX,DELAY,FALL
29,"delay_template_5x5",673,MAX,DELAY,FALL
29,"delay_template_5x5",670,MAX,DELAY,FALL
29,"delay_template_5x5",667,MAX,DELAY,FALL
29,"delay_template_5x5",664,MAX,DELAY,FALL
29,"delay_template_5x5",661,MAX,DELAY,FALL
29,"delay_template_5x5",658,MAX,DELAY,FALL
29,"delay_template_5x5",655,MAX,DELAY,FALL
29,"delay_template_5x5",652,MAX,DELAY,FALL
29,"delay_template_5x5",649,MAX,DELAY,FALL
29,"delay_template_5x5",646,MAX,DELAY,FALL
29,"delay_template_5x5",380,MAX,DELAY,FALL
29,"delay_template_5x5",175,MAX,DELAY,FALL
29,"delay_template_5x5",164,MAX,DELAY,FALL
29,"delay_template_5x5",154,MAX,DELAY,FALL
29,"delay_template_5x5",144,MAX,DELAY,FALL
29,"delay_template_5x5",134,MAX,DELAY,FALL
29,"delay_template_5x5",124,MAX,DELAY,FALL
29,"delay_template_5x5",114,MAX,DELAY,FALL
29,"delay_template_5x5",104,MAX,DELAY,FALL
29,"delay_template_5x5",94,MAX,DELAY,FALL
29,"delay_template_5x5",21,MAX,DELAY,FALL
29,"delay_template_5x5",18,MAX,DELAY,FALL
29,"delay_template_5x5",15,MAX,DELAY,FALL
29,"delay_template_5x5",13,MAX,DELAY,FALL
29,"delay_template_5x5",10,MAX,DELAY,FALL
29,"delay_template_5x5",8,MAX,DELAY,FALL
29,"delay_template_5x5",6,MAX,DELAY,FALL
29,"delay_template_5x5",4,MAX,DELAY,FALL
29,"delay_template_5x5",1,MAX,DELAY,FALL
30,"delay_template_5x5",739,MAX,SLEW,RISE
30,"delay_template_5x5",736,MAX,SLEW,RISE
30,"delay_template_5x5",733,MAX,SLEW,RISE
30,"delay_template_5x5",730,MAX,SLEW,RISE
30,"delay_template_5x5",727,MAX,SLEW,RISE
30,"delay_template_5x5",724,MAX,SLEW,RISE
30,"delay_template_5x5",721,MAX,SLEW,RISE
30,"delay_template_5x5",718,MAX,SLEW,RISE
30,"delay_template_5x5",715,MAX,SLEW,RISE
30,"delay_template_5x5",712,MAX,SLEW,RISE
30,"delay_template_5x5",709,MAX,SLEW,RISE
30,"delay_template_5x5",706,MAX,SLEW,RISE
30,"delay_template_5x5",703,MAX,SLEW,RISE
30,"delay_template_5x5",700,MAX,SLEW,RISE
30,"delay_template_5x5",697,MAX,SLEW,RISE
30,"delay_template_5x5",694,MAX,SLEW,RISE
30,"delay_template_5x5",691,MAX,SLEW,RISE
30,"delay_template_5x5",688,MAX,SLEW,RISE
30,"delay_template_5x5",685,MAX,SLEW,RISE
30,"delay_template_5x5",682,MAX,SLEW,RISE
30,"delay_template_5x5",679,MAX,SLEW,RISE
30,"delay_template_5x5",676,MAX,SLEW,RISE
30,"delay_template_5x5",673,MAX,SLEW,RISE
30,"delay_template_5x5",670,MAX,SLEW,RISE
30,"delay_template_5x5",667,MAX,SLEW,RISE
30,"delay_template_5x5",664,MAX,SLEW,RISE
30,"delay_template_5x5",661,MAX,SLEW,RISE
30,"delay_template_5x5",658,MAX,SLEW,RISE
30,"delay_template_5x5",655,MAX,SLEW,RISE
30,"delay_template_5x5",652,MAX,SLEW,RISE
30,"delay_template_5x5",649,MAX,SLEW,RISE
30,"delay_template_5x5",646,MAX,SLEW,RISE
30,"delay_template_5x5",380,MAX,SLEW,RISE
30,"delay_template_5x5",175,MAX,SLEW,RISE
30,"delay_template_5x5",164,MAX,SLEW,RISE
30,"delay_template_5x5",154,MAX,SLEW,RISE
30,"delay_template_5x5",144,MAX,SLEW,RISE
30,"delay_template_5x5",134,MAX,SLEW,RISE
30,"delay_template_5x5",124,MAX,SLEW,RISE
30,"delay_template_5x5",114,MAX,SLEW,RISE
30,"delay_template_5x5",104,MAX,SLEW,RISE
30,"delay_template_5x5",94,MAX,SLEW,RISE
30,"delay_template_5x5",21,MAX,SLEW,RISE
30,"delay_template_5x5",18,MAX,SLEW,RISE
30,"delay_template_5x5",15,MAX,SLEW,RISE
30,"delay_template_5x5",13,MAX,SLEW,RISE
30,"delay_template_5x5",10,MAX,SLEW,RISE
30,"delay_template_5x5",8,MAX,SLEW,RISE
30,"delay_template_5x5",6,MAX,SLEW,RISE
30,"delay_template_5x5",4,MAX,SLEW,RISE
30,"delay_template_5x5",1,MAX,SLEW,RISE
31,"delay_template_5x5",739,MAX,SLEW,FALL
31,"delay_template_5x5",736,MAX,SLEW,FALL
31,"delay_template_5x5",733,MAX,SLEW,FALL
31,"delay_template_5x5",730,MAX,SLEW,FALL
31,"delay_template_5x5",727,MAX,SLEW,FALL
31,"delay_template_5x5",724,MAX,SLEW,FALL
31,"delay_template_5x5",721,MAX,SLEW,FALL
31,"delay_template_5x5",718,MAX,SLEW,FALL
31,"delay_template_5x5",715,MAX,SLEW,FALL
31,"delay_template_5x5",712,MAX,SLEW,FALL
31,"delay_template_5x5",709,MAX,SLEW,FALL
31,"delay_template_5x5",706,MAX,SLEW,FALL
31,"delay_template_5x5",703,MAX,SLEW,FALL
31,"delay_template_5x5",700,MAX,SLEW,FALL
31,"delay_template_5x5",697,MAX,SLEW,FALL
31,"delay_template_5x5",694,MAX,SLEW,FALL
31,"delay_template_5x5",691,MAX,SLEW,FALL
31,"delay_template_5x5",688,MAX,SLEW,FALL
31,"delay_template_5x5",685,MAX,SLEW,FALL
31,"delay_template_5x5",682,MAX,SLEW,FALL
31,"delay_template_5x5",679,MAX,SLEW,FALL
31,"delay_template_5x5",676,MAX,SLEW,FALL
31,"delay_template_5x5",673,MAX,SLEW,FALL
31,"delay_template_5x5",670,MAX,SLEW,FALL
31,"delay_template_5x5",667,MAX,SLEW,FALL
31,"delay_template_5x5",664,MAX,SLEW,FALL
31,"delay_template_5x5",661,MAX,SLEW,FALL
31,"delay_template_5x5",658,MAX,SLEW,FALL
31,"delay_template_5x5",655,MAX,SLEW,FALL
31,"delay_template_5x5",652,MAX,SLEW,FALL
31,"delay_template_5x5",649,MAX,SLEW,FALL
31,"delay_template_5x5",646,MAX,SLEW,FALL
31,"delay_template_5x5",380,MAX,SLEW,FALL
31,"delay_template_5x5",175,MAX,SLEW,FALL
31,"delay_template_5x5",164,MAX,SLEW,FALL
31,"delay_template_5x5",154,MAX,SLEW,FALL
31,"delay_template_5x5",144,MAX,SLEW,FALL
31,"delay_template_5x5",134,MAX,SLEW,FALL
31,"delay_template_5x5",124,MAX,SLEW,FALL
31,"delay_template_5x5",114,MAX,SLEW,FALL
31,"delay_template_5x5",104,MAX,SLEW,FALL
31,"delay_template_5x5",94,MAX,SLEW,FALL
31,"delay_template_5x5",21,MAX,SLEW,FALL
31,"delay_template_5x5",18,MAX,SLEW,FALL
31,"delay_template_5x5",15,MAX,SLEW,FALL
31,"delay_template_5x5",13,MAX,SLEW,FALL
31,"delay_template_5x5",10,MAX,SLEW,FALL
31,"delay_template_5x5",8,MAX,SLEW,FALL
31,"delay_template_5x5",6,MAX,SLEW,FALL
31,"delay_template_5x5",4,MAX,SLEW,FALL
31,"delay_template_5x5",1,MAX,SLEW,FALL
32,"delay_template_5x5",738,MIN,DELAY,RISE
32,"delay_template_5x5",735,MIN,DELAY,RISE
32,"delay_template_5x5",732,MIN,DELAY,RISE
32,"delay_template_5x5",729,MIN,DELAY,RISE
32,"delay_template_5x5",726,MIN,DELAY,RISE
32,"delay_template_5x5",723,MIN,DELAY,RISE
32,"delay_template_5x5",720,MIN,DELAY,RISE
32,"delay_template_5x5",717,MIN,DELAY,RISE
32,"delay_template_5x5",714,MIN,DELAY,RISE
32,"delay_template_5x5",711,MIN,DELAY,RISE
32,"delay_template_5x5",708,MIN,DELAY,RISE
32,"delay_template_5x5",705,MIN,DELAY,RISE
32,"delay_template_5x5",702,MIN,DELAY,RISE
32,"delay_template_5x5",699,MIN,DELAY,RISE
32,"delay_template_5x5",696,MIN,DELAY,RISE
32,"delay_template_5x5",693,MIN,DELAY,RISE
32,"delay_template_5x5",690,MIN,DELAY,RISE
32,"delay_template_5x5",687,MIN,DELAY,RISE
32,"delay_template_5x5",684,MIN,DELAY,RISE
32,"delay_template_5x5",681,MIN,DELAY,RISE
32,"delay_template_5x5",678,MIN,DELAY,RISE
32,"delay_template_5x5",675,MIN,DELAY,RISE
32,"delay_template_5x5",672,MIN,DELAY,RISE
32,"delay_template_5x5",669,MIN,DELAY,RISE
32,"delay_template_5x5",666,MIN,DELAY,RISE
32,"delay_template_5x5",663,MIN,DELAY,RISE
32,"delay_template_5x5",660,MIN,DELAY,RISE
32,"delay_template_5x5",657,MIN,DELAY,RISE
32,"delay_template_5x5",654,MIN,DELAY,RISE
32,"delay_template_5x5",651,MIN,DELAY,RISE
32,"delay_template_5x5",648,MIN,DELAY,RISE
32,"delay_template_5x5",645,MIN,DELAY,RISE
32,"delay_template_5x5",379,MIN,DELAY,RISE
32,"delay_template_5x5",174,MIN,DELAY,RISE
32,"delay_template_5x5",163,MIN,DELAY,RISE
32,"delay_template_5x5",153,MIN,DELAY,RISE
32,"delay_template_5x5",143,MIN,DELAY,RISE
32,"delay_template_5x5",133,MIN,DELAY,RISE
32,"delay_template_5x5",123,MIN,DELAY,RISE
32,"delay_template_5x5",113,MIN,DELAY,RISE
32,"delay_template_5x5",103,MIN,DELAY,RISE
32,"delay_template_5x5",93,MIN,DELAY,RISE
32,"delay_template_5x5",20,MIN,DELAY,RISE
32,"delay_template_5x5",17,MIN,DELAY,RISE
32,"delay_template_5x5",14,MIN,DELAY,RISE
32,"delay_template_5x5",12,MIN,DELAY,RISE
32,"delay_template_5x5",9,MIN,DELAY,RISE
32,"delay_template_5x5",7,MIN,DELAY,RISE
32,"delay_template_5x5",5,MIN,DELAY,RISE
32,"delay_template_5x5",3,MIN,DELAY,RISE
32,"delay_template_5x5",0,MIN,DELAY,RISE
33,"delay_template_5x5",738,MIN,DELAY,FALL
33,"delay_template_5x5",735,MIN,DELAY,FALL
33,"delay_template_5x5",732,MIN,DELAY,FALL
33,"delay_template_5x5",729,MIN,DELAY,FALL
33,"delay_template_5x5",726,MIN,DELAY,FALL
33,"delay_template_5x5",723,MIN,DELAY,FALL
33,"delay_template_5x5",720,MIN,DELAY,FALL
33,"delay_template_5x5",717,MIN,DELAY,FALL
33,"delay_template_5x5",714,MIN,DELAY,FALL
33,"delay_template_5x5",711,MIN,DELAY,FALL
33,"delay_template_5x5",708,MIN,DELAY,FALL
33,"delay_template_5x5",705,MIN,DELAY,FALL
33,"delay_template_5x5",702,MIN,DELAY,FALL
33,"delay_template_5x5",699,MIN,DELAY,FALL
33,"delay_template_5x5",696,MIN,DELAY,FALL
33,"delay_template_5x5",693,MIN,DELAY,FALL
33,"delay_template_5x5",690,MIN,DELAY,FALL
33,"delay_template_5x5",687,MIN,DELAY,FALL
33,"delay_template_5x5",684,MIN,DELAY,FALL
33,"delay_template_5x5",681,MIN,DELAY,FALL
33,"delay_template_5x5",678,MIN,DELAY,FALL
33,"delay_template_5x5",675,MIN,DELAY,FALL
33,"delay_template_5x5",672,MIN,DELAY,FALL
33,"delay_template_5x5",669,MIN,DELAY,FALL
33,"delay_template_5x5",666,MIN,DELAY,FALL
33,"delay_template_5x5",663,MIN,DELAY,FALL
33,"delay_template_5x5",660,MIN,DELAY,FALL
33,"delay_template_5x5",657,MIN,DELAY,FALL
33,"delay_template_5x5",654,MIN,DELAY,FALL
33,"delay_template_5x5",651,MIN,DELAY,FALL
33,"delay_template_5x5",648,MIN,DELAY,FALL
33,"delay_template_5x5",645,MIN,DELAY,FALL
33,"delay_template_5x5",379,MIN,DELAY,FALL
33,"delay_template_5x5",174,MIN,DELAY,FALL
33,"delay_template_5x5",163,MIN,DELAY,FALL
33,"delay_template_5x5",153,MIN,DELAY,FALL
33,"delay_template_5x5",143,MIN,DELAY,FALL
33,"delay_template_5x5",133,MIN,DELAY,FALL
33,"delay_template_5x5",123,MIN,DELAY,FALL
33,"delay_template_5x5",113,MIN,DELAY,FALL
33,"delay_template_5x5",103,MIN,DELAY,FALL
33,"delay_template_5x5",93,MIN,DELAY,FALL
33,"delay_template_5x5",20,MIN,DELAY,FALL
33,"delay_template_5x5",17,MIN,DELAY,FALL
33,"delay_template_5x5",14,MIN,DELAY,FALL
33,"delay_template_5x5",12,MIN,DELAY,FALL
33,"delay_template_5x5",9,MIN,DELAY,FALL
33,"delay_template_5x5",7,MIN,DELAY,FALL
33,"delay_template_5x5",5,MIN,DELAY,FALL
33,"delay_template_5x5",3,MIN,DELAY,FALL
33,"delay_template_5x5",0,MIN,DELAY,FALL
34,"delay_template_5x5",738,MIN,SLEW,RISE
34,"delay_template_5x5",735,MIN,SLEW,RISE
34,"delay_template_5x5",732,MIN,SLEW,RISE
34,"delay_template_5x5",729,MIN,SLEW,RISE
34,"delay_template_5x5",726,MIN,SLEW,RISE
34,"delay_template_5x5",723,MIN,SLEW,RISE
34,"delay_template_5x5",720,MIN,SLEW,RISE
34,"delay_template_5x5",717,MIN,SLEW,RISE
34,"delay_template_5x5",714,MIN,SLEW,RISE
34,"delay_template_5x5",711,MIN,SLEW,RISE
34,"delay_template_5x5",708,MIN,SLEW,RISE
34,"delay_template_5x5",705,MIN,SLEW,RISE
34,"delay_template_5x5",702,MIN,SLEW,RISE
34,"delay_template_5x5",699,MIN,SLEW,RISE
34,"delay_template_5x5",696,MIN,SLEW,RISE
34,"delay_template_5x5",693,MIN,SLEW,RISE
34,"delay_template_5x5",690,MIN,SLEW,RISE
34,"delay_template_5x5",687,MIN,SLEW,RISE
34,"delay_template_5x5",684,MIN,SLEW,RISE
34,"delay_template_5x5",681,MIN,SLEW,RISE
34,"delay_template_5x5",678,MIN,SLEW,RISE
34,"delay_template_5x5",675,MIN,SLEW,RISE
34,"delay_template_5x5",672,MIN,SLEW,RISE
34,"delay_template_5x5",669,MIN,SLEW,RISE
34,"delay_template_5x5",666,MIN,SLEW,RISE
34,"delay_template_5x5",663,MIN,SLEW,RISE
34,"delay_template_5x5",660,MIN,SLEW,RISE
34,"delay_template_5x5",657,MIN,SLEW,RISE
34,"delay_template_5x5",654,MIN,SLEW,RISE
34,"delay_template_5x5",651,MIN,SLEW,RISE
34,"delay_template_5x5",648,MIN,SLEW,RISE
34,"delay_template_5x5",645,MIN,SLEW,RISE
34,"delay_template_5x5",379,MIN,SLEW,RISE
34,"delay_template_5x5",174,MIN,SLEW,RISE
34,"delay_template_5x5",163,MIN,SLEW,RISE
34,"delay_template_5x5",153,MIN,SLEW,RISE
34,"delay_template_5x5",143,MIN,SLEW,RISE
34,"delay_template_5x5",133,MIN,SLEW,RISE
34,"delay_template_5x5",123,MIN,SLEW,RISE
34,"delay_template_5x5",113,MIN,SLEW,RISE
34,"delay_template_5x5",103,MIN,SLEW,RISE
34,"delay_template_5x5",93,MIN,SLEW,RISE
34,"delay_template_5x5",20,MIN,SLEW,RISE
34,"delay_template_5x5",17,MIN,SLEW,RISE
34,"delay_template_5x5",14,MIN,SLEW,RISE
34,"delay_template_5x5",12,MIN,SLEW,RISE
34,"delay_template_5x5",9,MIN,SLEW,RISE
34,"delay_template_5x5",7,MIN,SLEW,RISE
34,"delay_template_5x5",5,MIN,SLEW,RISE
34,"delay_template_5x5",3,MIN,SLEW,RISE
34,"delay_template_5x5",0,MIN,SLEW,RISE
35,"delay_template_5x5",738,MIN,SLEW,FALL
35,"delay_template_5x5",735,MIN,SLEW,FALL
35,"delay_template_5x5",732,MIN,SLEW,FALL
35,"delay_template_5x5",729,MIN,SLEW,FALL
35,"delay_template_5x5",726,MIN,SLEW,FALL
35,"delay_template_5x5",723,MIN,SLEW,FALL
35,"delay_template_5x5",720,MIN,SLEW,FALL
35,"delay_template_5x5",717,MIN,SLEW,FALL
35,"delay_template_5x5",714,MIN,SLEW,FALL
35,"delay_template_5x5",711,MIN,SLEW,FALL
35,"delay_template_5x5",708,MIN,SLEW,FALL
35,"delay_template_5x5",705,MIN,SLEW,FALL
35,"delay_template_5x5",702,MIN,SLEW,FALL
35,"delay_template_5x5",699,MIN,SLEW,FALL
35,"delay_template_5x5",696,MIN,SLEW,FALL
35,"delay_template_5x5",693,MIN,SLEW,FALL
35,"delay_template_5x5",690,MIN,SLEW,FALL
35,"delay_template_5x5",687,MIN,SLEW,FALL
35,"delay_template_5x5",684,MIN,SLEW,FALL
35,"delay_template_5x5",681,MIN,SLEW,FALL
35,"delay_template_5x5",678,MIN,SLEW,FALL
35,"delay_template_5x5",675,MIN,SLEW,FALL
35,"delay_template_5x5",672,MIN,SLEW,FALL
35,"delay_template_5x5",669,MIN,SLEW,FALL
35,"delay_template_5x5",666,MIN,SLEW,FALL
35,"delay_template_5x5",663,MIN,SLEW,FALL
35,"delay_template_5x5",660,MIN,SLEW,FALL
35,"delay_template_5x5",657,MIN,SLEW,FALL
35,"delay_template_5x5",654,MIN,SLEW,FALL
35,"delay_template_5x5",651,MIN,SLEW,FALL
35,"delay_template_5x5",648,MIN,SLEW,FALL
35,"delay_template_5x5",645,MIN,SLEW,FALL
35,"delay_template_5x5",379,MIN,SLEW,FALL
35,"delay_template_5x5",174,MIN,SLEW,FALL
35,"delay_template_5x5",163,MIN,SLEW,FALL
35,"delay_template_5x5",153,MIN,SLEW,FALL
35,"delay_template_5x5",143,MIN,SLEW,FALL
35,"delay_template_5x5",133,MIN,SLEW,FALL
35,"delay_template_5x5",123,MIN,SLEW,FALL
35,"delay_template_5x5",113,MIN,SLEW,FALL
35,"delay_template_5x5",103,MIN,SLEW,FALL
35,"delay_template_5x5",93,MIN,SLEW,FALL
35,"delay_template_5x5",20,MIN,SLEW,FALL
35,"delay_template_5x5",17,MIN,SLEW,FALL
35,"delay_template_5x5",14,MIN,SLEW,FALL
35,"delay_template_5x5",12,MIN,SLEW,FALL
35,"delay_template_5x5",9,MIN,SLEW,FALL
35,"delay_template_5x5",7,MIN,SLEW,FALL
35,"delay_template_5x5",5,MIN,SLEW,FALL
35,"delay_template_5x5",3,MIN,SLEW,FALL
35,"delay_template_5x5",0,MIN,SLEW,FALL
36,"delay_template_5x5",643,MAX,DELAY,RISE
36,"delay_template_5x5",606,MAX,DELAY,RISE
36,"delay_template_5x5",546,MAX,DELAY,RISE
36,"delay_template_5x5",358,MAX,DELAY,RISE
36,"delay_template_5x5",352,MAX,DELAY,RISE
36,"delay_template_5x5",340,MAX,DELAY,RISE
36,"delay_template_5x5",321,MAX,DELAY,RISE
36,"delay_template_5x5",61,MAX,DELAY,RISE
36,"delay_template_5x5",42,MAX,DELAY,RISE
37,"delay_template_5x5",643,MAX,DELAY,FALL
37,"delay_template_5x5",606,MAX,DELAY,FALL
37,"delay_template_5x5",546,MAX,DELAY,FALL
37,"delay_template_5x5",358,MAX,DELAY,FALL
37,"delay_template_5x5",352,MAX,DELAY,FALL
37,"delay_template_5x5",340,MAX,DELAY,FALL
37,"delay_template_5x5",321,MAX,DELAY,FALL
37,"delay_template_5x5",61,MAX,DELAY,FALL
37,"delay_template_5x5",42,MAX,DELAY,FALL
38,"delay_template_5x5",643,MAX,SLEW,RISE
38,"delay_template_5x5",606,MAX,SLEW,RISE
38,"delay_template_5x5",546,MAX,SLEW,RISE
38,"delay_template_5x5",358,MAX,SLEW,RISE
38,"delay_template_5x5",352,MAX,SLEW,RISE
38,"delay_template_5x5",340,MAX,SLEW,RISE
38,"delay_template_5x5",321,MAX,SLEW,RISE
38,"delay_template_5x5",61,MAX,SLEW,RISE
38,"delay_template_5x5",42,MAX,SLEW,RISE
39,"delay_template_5x5",643,MAX,SLEW,FALL
39,"delay_template_5x5",606,MAX,SLEW,FALL
39,"delay_template_5x5",546,MAX,SLEW,FALL
39,"delay_template_5x5",358,MAX,SLEW,FALL
39,"delay_template_5x5",352,MAX,SLEW,FALL
39,"delay_template_5x5",340,MAX,SLEW,FALL
39,"delay_template_5x5",321,MAX,SLEW,FALL
39,"delay_template_5x5",61,MAX,SLEW,FALL
39,"delay_template_5x5",42,MAX,SLEW,FALL
40,"delay_template_5x5",642,MAX,DELAY,RISE
40,"delay_template_5x5",605,MAX,DELAY,RISE
40,"delay_template_5x5",545,MAX,DELAY,RISE
40,"delay_template_5x5",357,MAX,DELAY,RISE
40,"delay_template_5x5",351,MAX,DELAY,RISE
40,"delay_template_5x5",339,MAX,DELAY,RISE
40,"delay_template_5x5",320,MAX,DELAY,RISE
40,"delay_template_5x5",60,MAX,DELAY,RISE
40,"delay_template_5x5",41,MAX,DELAY,RISE
41,"delay_template_5x5",642,MAX,DELAY,FALL
41,"delay_template_5x5",605,MAX,DELAY,FALL
41,"delay_template_5x5",545,MAX,DELAY,FALL
41,"delay_template_5x5",357,MAX,DELAY,FALL
41,"delay_template_5x5",351,MAX,DELAY,FALL
41,"delay_template_5x5",339,MAX,DELAY,FALL
41,"delay_template_5x5",320,MAX,DELAY,FALL
41,"delay_template_5x5",60,MAX,DELAY,FALL
41,"delay_template_5x5",41,MAX,DELAY,FALL
42,"delay_template_5x5",642,MAX,SLEW,RISE
42,"delay_template_5x5",605,MAX,SLEW,RISE
42,"delay_template_5x5",545,MAX,SLEW,RISE
42,"delay_template_5x5",357,MAX,SLEW,RISE
42,"delay_template_5x5",351,MAX,SLEW,RISE
42,"delay_template_5x5",339,MAX,SLEW,RISE
42,"delay_template_5x5",320,MAX,SLEW,RISE
42,"delay_template_5x5",60,MAX,SLEW,RISE
42,"delay_template_5x5",41,MAX,SLEW,RISE
43,"delay_template_5x5",642,MAX,SLEW,FALL
43,"delay_template_5x5",605,MAX,SLEW,FALL
43,"delay_template_5x5",545,MAX,SLEW,FALL
43,"delay_template_5x5",357,MAX,SLEW,FALL
43,"delay_template_5x5",351,MAX,SLEW,FALL
43,"delay_template_5x5",339,MAX,SLEW,FALL
43,"delay_template_5x5",320,MAX,SLEW,FALL
43,"delay_template_5x5",60,MAX,SLEW,FALL
43,"delay_template_5x5",41,MAX,SLEW,FALL
44,"delay_template_5x5",641,MIN,DELAY,RISE
44,"delay_template_5x5",604,MIN,DELAY,RISE
44,"delay_template_5x5",544,MIN,DELAY,RISE
44,"delay_template_5x5",356,MIN,DELAY,RISE
44,"delay_template_5x5",350,MIN,DELAY,RISE
44,"delay_template_5x5",338,MIN,DELAY,RISE
44,"delay_template_5x5",319,MIN,DELAY,RISE
44,"delay_template_5x5",59,MIN,DELAY,RISE
44,"delay_template_5x5",40,MIN,DELAY,RISE
45,"delay_template_5x5",641,MIN,DELAY,FALL
45,"delay_template_5x5",604,MIN,DELAY,FALL
45,"delay_template_5x5",544,MIN,DELAY,FALL
45,"delay_template_5x5",356,MIN,DELAY,FALL
45,"delay_template_5x5",350,MIN,DELAY,FALL
45,"delay_template_5x5",338,MIN,DELAY,FALL
45,"delay_template_5x5",319,MIN,DELAY,FALL
45,"delay_template_5x5",59,MIN,DELAY,FALL
45,"delay_template_5x5",40,MIN,DELAY,FALL
46,"delay_template_5x5",641,MIN,SLEW,RISE
46,"delay_template_5x5",604,MIN,SLEW,RISE
46,"delay_template_5x5",544,MIN,SLEW,RISE
46,"delay_template_5x5",356,MIN,SLEW,RISE
46,"delay_template_5x5",350,MIN,SLEW,RISE
46,"delay_template_5x5",338,MIN,SLEW,RISE
46,"delay_template_5x5",319,MIN,SLEW,RISE
46,"delay_template_5x5",59,MIN,SLEW,RISE
46,"delay_template_5x5",40,MIN,SLEW,RISE
47,"delay_template_5x5",641,MIN,SLEW,FALL
47,"delay_template_5x5",604,MIN,SLEW,FALL
47,"delay_template_5x5",544,MIN,SLEW,FALL
47,"delay_template_5x5",356,MIN,SLEW,FALL
47,"delay_template_5x5",350,MIN,SLEW,FALL
47,"delay_template_5x5",338,MIN,SLEW,FALL
47,"delay_template_5x5",319,MIN,SLEW,FALL
47,"delay_template_5x5",59,MIN,SLEW,FALL
47,"delay_template_5x5",40,MIN,SLEW,FALL
48,"delay_template_5x5",640,MIN,DELAY,RISE
48,"delay_template_5x5",603,MIN,DELAY,RISE
48,"delay_template_5x5",543,MIN,DELAY,RISE
48,"delay_template_5x5",355,MIN,DELAY,RISE
48,"delay_template_5x5",349,MIN,DELAY,RISE
48,"delay_template_5x5",337,MIN,DELAY,RISE
48,"delay_template_5x5",318,MIN,DELAY,RISE
48,"delay_template_5x5",58,MIN,DELAY,RISE
48,"delay_template_5x5",39,MIN,DELAY,RISE
49,"delay_template_5x5",640,MIN,DELAY,FALL
49,"delay_template_5x5",603,MIN,DELAY,FALL
49,"delay_template_5x5",543,MIN,DELAY,FALL
49,"delay_template_5x5",355,MIN,DELAY,FALL
49,"delay_template_5x5",349,MIN,DELAY,FALL
49,"delay_template_5x5",337,MIN,DELAY,FALL
49,"delay_template_5x5",318,MIN,DELAY,FALL
49,"delay_template_5x5",58,MIN,DELAY,FALL
49,"delay_template_5x5",39,MIN,DELAY,FALL
50,"delay_template_5x5",640,MIN,SLEW,RISE
50,"delay_template_5x5",603,MIN,SLEW,RISE
50,"delay_template_5x5",543,MIN,SLEW,RISE
50,"delay_template_5x5",355,MIN,SLEW,RISE
50,"delay_template_5x5",349,MIN,SLEW,RISE
50,"delay_template_5x5",337,MIN,SLEW,RISE
50,"delay_template_5x5",318,MIN,SLEW,RISE
50,"delay_template_5x5",58,MIN,SLEW,RISE
50,"delay_template_5x5",39,MIN,SLEW,RISE
51,"delay_template_5x5",640,MIN,SLEW,FALL
51,"delay_template_5x5",603,MIN,SLEW,FALL
51,"delay_template_5x5",543,MIN,SLEW,FALL
51,"delay_template_5x5",355,MIN,SLEW,FALL
51,"delay_template_5x5",349,MIN,SLEW,FALL
51,"delay_template_5x5",337,MIN,SLEW,FALL
51,"delay_template_5x5",318,MIN,SLEW,FALL
51,"delay_template_5x5",58,MIN,SLEW,FALL
51,"delay_template_5x5",39,MIN,SLEW,FALL
52,"delay_template_5x5",637,MAX,DELAY,RISE
52,"delay_template_5x5",625,MAX,DELAY,RISE
52,"delay_template_5x5",588,MAX,DELAY,RISE
52,"delay_template_5x5",479,MAX,DELAY,RISE
52,"delay_template_5x5",311,MAX,DELAY,RISE
52,"delay_template_5x5",299,MAX,DELAY,RISE
52,"delay_template_5x5",293,MAX,DELAY,RISE
52,"delay_template_5x5",281,MAX,DELAY,RISE
52,"delay_template_5x5",275,MAX,DELAY,RISE
52,"delay_template_5x5",263,MAX,DELAY,RISE
52,"delay_template_5x5",257,MAX,DELAY,RISE
52,"delay_template_5x5",245,MAX,DELAY,RISE
52,"delay_template_5x5",239,MAX,DELAY,RISE
52,"delay_template_5x5",227,MAX,DELAY,RISE
52,"delay_template_5x5",221,MAX,DELAY,RISE
52,"delay_template_5x5",209,MAX,DELAY,RISE
52,"delay_template_5x5",67,MAX,DELAY,RISE
52,"delay_template_5x5",38,MAX,DELAY,RISE
52,"delay_template_5x5",34,MAX,DELAY,RISE
53,"delay_template_5x5",637,MAX,DELAY,FALL
53,"delay_template_5x5",625,MAX,DELAY,FALL
53,"delay_template_5x5",588,MAX,DELAY,FALL
53,"delay_template_5x5",479,MAX,DELAY,FALL
53,"delay_template_5x5",311,MAX,DELAY,FALL
53,"delay_template_5x5",299,MAX,DELAY,FALL
53,"delay_template_5x5",293,MAX,DELAY,FALL
53,"delay_template_5x5",281,MAX,DELAY,FALL
53,"delay_template_5x5",275,MAX,DELAY,FALL
53,"delay_template_5x5",263,MAX,DELAY,FALL
53,"delay_template_5x5",257,MAX,DELAY,FALL
53,"delay_template_5x5",245,MAX,DELAY,FALL
53,"delay_template_5x5",239,MAX,DELAY,FALL
53,"delay_template_5x5",227,MAX,DELAY,FALL
53,"delay_template_5x5",221,MAX,DELAY,FALL
53,"delay_template_5x5",209,MAX,DELAY,FALL
53,"delay_template_5x5",67,MAX,DELAY,FALL
53,"delay_template_5x5",38,MAX,DELAY,FALL
53,"delay_template_5x5",34,MAX,DELAY,FALL
54,"delay_template_5x5",637,MAX,SLEW,RISE
54,"delay_template_5x5",625,MAX,SLEW,RISE
54,"delay_template_5x5",588,MAX,SLEW,RISE
54,"delay_template_5x5",479,MAX,SLEW,RISE
54,"delay_template_5x5",311,MAX,SLEW,RISE
54,"delay_template_5x5",299,MAX,SLEW,RISE
54,"delay_template_5x5",293,MAX,SLEW,RISE
54,"delay_template_5x5",281,MAX,SLEW,RISE
54,"delay_template_5x5",275,MAX,SLEW,RISE
54,"delay_template_5x5",263,MAX,SLEW,RISE
54,"delay_template_5x5",257,MAX,SLEW,RISE
54,"delay_template_5x5",245,MAX,SLEW,RISE
54,"delay_template_5x5",239,MAX,SLEW,RISE
54,"delay_template_5x5",227,MAX,SLEW,RISE
54,"delay_template_5x5",221,MAX,SLEW,RISE
54,"delay_template_5x5",209,MAX,SLEW,RISE
54,"delay_template_5x5",67,MAX,SLEW,RISE
54,"delay_template_5x5",38,MAX,SLEW,RISE
54,"delay_template_5x5",34,MAX,SLEW,RISE
55,"delay_template_5x5",637,MAX,SLEW,FALL
55,"delay_template_5x5",625,MAX,SLEW,FALL
55,"delay_template_5x5",588,MAX,SLEW,FALL
55,"delay_template_5x5",479,MAX,SLEW,FALL
55,"delay_template_5x5",311,MAX,SLEW,FALL
55,"delay_template_5x5",299,MAX,SLEW,FALL
55,"delay_template_5x5",293,MAX,SLEW,FALL
55,"delay_template_5x5",281,MAX,SLEW,FALL
55,"delay_template_5x5",275,MAX,SLEW,FALL
55,"delay_template_5x5",263,MAX,SLEW,FALL
55,"delay_template_5x5",257,MAX,SLEW,FALL
55,"delay_template_5x5",245,MAX,SLEW,FALL
55,"delay_template_5x5",239,MAX,SLEW,FALL
55,"delay_template_5x5",227,MAX,SLEW,FALL
55,"delay_template_5x5",221,MAX,SLEW,FALL
55,"delay_template_5x5",209,MAX,SLEW,FALL
55,"delay_template_5x5",67,MAX,SLEW,FALL
55,"delay_template_5x5",38,MAX,SLEW,FALL
55,"delay_template_5x5",34,MAX,SLEW,FALL
56,"delay_template_5x5",636,MAX,DELAY,RISE
56,"delay_template_5x5",624,MAX,DELAY,RISE
56,"delay_template_5x5",587,MAX,DELAY,RISE
56,"delay_template_5x5",478,MAX,DELAY,RISE
56,"delay_template_5x5",310,MAX,DELAY,RISE
56,"delay_template_5x5",298,MAX,DELAY,RISE
56,"delay_template_5x5",292,MAX,DELAY,RISE
56,"delay_template_5x5",280,MAX,DELAY,RISE
56,"delay_template_5x5",274,MAX,DELAY,RISE
56,"delay_template_5x5",262,MAX,DELAY,RISE
56,"delay_template_5x5",256,MAX,DELAY,RISE
56,"delay_template_5x5",244,MAX,DELAY,RISE
56,"delay_template_5x5",238,MAX,DELAY,RISE
56,"delay_template_5x5",226,MAX,DELAY,RISE
56,"delay_template_5x5",220,MAX,DELAY,RISE
56,"delay_template_5x5",208,MAX,DELAY,RISE
56,"delay_template_5x5",66,MAX,DELAY,RISE
56,"delay_template_5x5",37,MAX,DELAY,RISE
56,"delay_template_5x5",33,MAX,DELAY,RISE
57,"delay_template_5x5",636,MAX,DELAY,FALL
57,"delay_template_5x5",624,MAX,DELAY,FALL
57,"delay_template_5x5",587,MAX,DELAY,FALL
57,"delay_template_5x5",478,MAX,DELAY,FALL
57,"delay_template_5x5",310,MAX,DELAY,FALL
57,"delay_template_5x5",298,MAX,DELAY,FALL
57,"delay_template_5x5",292,MAX,DELAY,FALL
57,"delay_template_5x5",280,MAX,DELAY,FALL
57,"delay_template_5x5",274,MAX,DELAY,FALL
57,"delay_template_5x5",262,MAX,DELAY,FALL
57,"delay_template_5x5",256,MAX,DELAY,FALL
57,"delay_template_5x5",244,MAX,DELAY,FALL
57,"delay_template_5x5",238,MAX,DELAY,FALL
57,"delay_template_5x5",226,MAX,DELAY,FALL
57,"delay_template_5x5",220,MAX,DELAY,FALL
57,"delay_template_5x5",208,MAX,DELAY,FALL
57,"delay_template_5x5",66,MAX,DELAY,FALL
57,"delay_template_5x5",37,MAX,DELAY,FALL
57,"delay_template_5x5",33,MAX,DELAY,FALL
58,"delay_template_5x5",636,MAX,SLEW,RISE
58,"delay_template_5x5",624,MAX,SLEW,RISE
58,"delay_template_5x5",587,MAX,SLEW,RISE
58,"delay_template_5x5",478,MAX,SLEW,RISE
58,"delay_template_5x5",310,MAX,SLEW,RISE
58,"delay_template_5x5",298,MAX,SLEW,RISE
58,"delay_template_5x5",292,MAX,SLEW,RISE
58,"delay_template_5x5",280,MAX,SLEW,RISE
58,"delay_template_5x5",274,MAX,SLEW,RISE
58,"delay_template_5x5",262,MAX,SLEW,RISE
58,"delay_template_5x5",256,MAX,SLEW,RISE
58,"delay_template_5x5",244,MAX,SLEW,RISE
58,"delay_template_5x5",238,MAX,SLEW,RISE
58,"delay_template_5x5",226,MAX,SLEW,RISE
58,"delay_template_5x5",220,MAX,SLEW,RISE
58,"delay_template_5x5",208,MAX,SLEW,RISE
58,"delay_template_5x5",66,MAX,SLEW,RISE
58,"delay_template_5x5",37,MAX,SLEW,RISE
58,"delay_template_5x5",33,MAX,SLEW,RISE
59,"delay_template_5x5",636,MAX,SLEW,FALL
59,"delay_template_5x5",624,MAX,SLEW,FALL
59,"delay_template_5x5",587,MAX,SLEW,FALL
59,"delay_template_5x5",478,MAX,SLEW,FALL
59,"delay_template_5x5",310,MAX,SLEW,FALL
59,"delay_template_5x5",298,MAX,SLEW,FALL
59,"delay_template_5x5",292,MAX,SLEW,FALL
59,"delay_template_5x5",280,MAX,SLEW,FALL
59,"delay_template_5x5",274,MAX,SLEW,FALL
59,"delay_template_5x5",262,MAX,SLEW,FALL
59,"delay_template_5x5",256,MAX,SLEW,FALL
59,"delay_template_5x5",244,MAX,SLEW,FALL
59,"delay_template_5x5",238,MAX,SLEW,FALL
59,"delay_template_5x5",226,MAX,SLEW,FALL
59,"delay_template_5x5",220,MAX,SLEW,FALL
59,"delay_template_5x5",208,MAX,SLEW,FALL
59,"delay_template_5x5",66,MAX,SLEW,FALL
59,"delay_template_5x5",37,MAX,SLEW,FALL
59,"delay_template_5x5",33,MAX,SLEW,FALL
60,"delay_template_5x5",635,MIN,DELAY,RISE
60,"delay_template_5x5",623,MIN,DELAY,RISE
60,"delay_template_5x5",586,MIN,DELAY,RISE
60,"delay_template_5x5",477,MIN,DELAY,RISE
60,"delay_template_5x5",309,MIN,DELAY,RISE
60,"delay_template_5x5",297,MIN,DELAY,RISE
60,"delay_template_5x5",291,MIN,DELAY,RISE
60,"delay_template_5x5",279,MIN,DELAY,RISE
60,"delay_template_5x5",273,MIN,DELAY,RISE
60,"delay_template_5x5",261,MIN,DELAY,RISE
60,"delay_template_5x5",255,MIN,DELAY,RISE
60,"delay_template_5x5",243,MIN,DELAY,RISE
60,"delay_template_5x5",237,MIN,DELAY,RISE
60,"delay_template_5x5",225,MIN,DELAY,RISE
60,"delay_template_5x5",219,MIN,DELAY,RISE
60,"delay_template_5x5",207,MIN,DELAY,RISE
60,"delay_template_5x5",65,MIN,DELAY,RISE
60,"delay_template_5x5",36,MIN,DELAY,RISE
60,"delay_template_5x5",32,MIN,DELAY,RISE
61,"delay_template_5x5",635,MIN,DELAY,FALL
61,"delay_template_5x5",623,MIN,DELAY,FALL
61,"delay_template_5x5",586,MIN,DELAY,FALL
61,"delay_template_5x5",477,MIN,DELAY,FALL
61,"delay_template_5x5",309,MIN,DELAY,FALL
61,"delay_template_5x5",297,MIN,DELAY,FALL
61,"delay_template_5x5",291,MIN,DELAY,FALL
61,"delay_template_5x5",279,MIN,DELAY,FALL
61,"delay_template_5x5",273,MIN,DELAY,FALL
61,"delay_template_5x5",261,MIN,DELAY,FALL
61,"delay_template_5x5",255,MIN,DELAY,FALL
61,"delay_template_5x5",243,MIN,DELAY,FALL
61,"delay_template_5x5",237,MIN,DELAY,FALL
61,"delay_template_5x5",225,MIN,DELAY,FALL
61,"delay_template_5x5",219,MIN,DELAY,FALL
61,"delay_template_5x5",207,MIN,DELAY,FALL
61,"delay_template_5x5",65,MIN,DELAY,FALL
61,"delay_template_5x5",36,MIN,DELAY,FALL
61,"delay_template_5x5",32,MIN,DELAY,FALL
62,"delay_template_5x5",635,MIN,SLEW,RISE
62,"delay_template_5x5",623,MIN,SLEW,RISE
62,"delay_template_5x5",586,MIN,SLEW,RISE
62,"delay_template_5x5",477,MIN,SLEW,RISE
62,"delay_template_5x5",309,MIN,SLEW,RISE
62,"delay_template_5x5",297,MIN,SLEW,RISE
62,"delay_template_5x5",291,MIN,SLEW,RISE
62,"delay_template_5x5",279,MIN,SLEW,RISE
62,"delay_template_5x5",273,MIN,SLEW,RISE
62,"delay_template_5x5",261,MIN,SLEW,RISE
62,"delay_template_5x5",255,MIN,SLEW,RISE
62,"delay_template_5x5",243,MIN,SLEW,RISE
62,"delay_template_5x5",237,MIN,SLEW,RISE
62,"delay_template_5x5",225,MIN,SLEW,RISE
62,"delay_template_5x5",219,MIN,SLEW,RISE
62,"delay_template_5x5",207,MIN,SLEW,RISE
62,"delay_template_5x5",65,MIN,SLEW,RISE
62,"delay_template_5x5",36,MIN,SLEW,RISE
62,"delay_template_5x5",32,MIN,SLEW,RISE
63,"delay_template_5x5",635,MIN,SLEW,FALL
63,"delay_template_5x5",623,MIN,SLEW,FALL
63,"delay_template_5x5",586,MIN,SLEW,FALL
63,"delay_template_5x5",477,MIN,SLEW,FALL
63,"delay_template_5x5",309,MIN,SLEW,FALL
63,"delay_template_5x5",297,MIN,SLEW,FALL
63,"delay_template_5x5",291,MIN,SLEW,FALL
63,"delay_template_5x5",279,MIN,SLEW,FALL
63,"delay_template_5x5",273,MIN,SLEW,FALL
63,"delay_template_5x5",261,MIN,SLEW,FALL
63,"delay_template_5x5",255,MIN,SLEW,FALL
63,"delay_template_5x5",243,MIN,SLEW,FALL
63,"delay_template_5x5",237,MIN,SLEW,FALL
63,"delay_template_5x5",225,MIN,SLEW,FALL
63,"delay_template_5x5",219,MIN,SLEW,FALL
63,"delay_template_5x5",207,MIN,SLEW,FALL
63,"delay_template_5x5",65,MIN,SLEW,FALL
63,"delay_template_5x5",36,MIN,SLEW,FALL
63,"delay_template_5x5",32,MIN,SLEW,FALL
64,"delay_template_5x5",634,MIN,DELAY,RISE
64,"delay_template_5x5",622,MIN,DELAY,RISE
64,"delay_template_5x5",585,MIN,DELAY,RISE
64,"delay_template_5x5",476,MIN,DELAY,RISE
64,"delay_template_5x5",308,MIN,DELAY,RISE
64,"delay_template_5x5",296,MIN,DELAY,RISE
64,"delay_template_5x5",290,MIN,DELAY,RISE
64,"delay_template_5x5",278,MIN,DELAY,RISE
64,"delay_template_5x5",272,MIN,DELAY,RISE
64,"delay_template_5x5",260,MIN,DELAY,RISE
64,"delay_template_5x5",254,MIN,DELAY,RISE
64,"delay_template_5x5",242,MIN,DELAY,RISE
64,"delay_template_5x5",236,MIN,DELAY,RISE
64,"delay_template_5x5",224,MIN,DELAY,RISE
64,"delay_template_5x5",218,MIN,DELAY,RISE
64,"delay_template_5x5",206,MIN,DELAY,RISE
64,"delay_template_5x5",64,MIN,DELAY,RISE
64,"delay_template_5x5",35,MIN,DELAY,RISE
64,"delay_template_5x5",31,MIN,DELAY,RISE
65,"delay_template_5x5",634,MIN,DELAY,FALL
65,"delay_template_5x5",622,MIN,DELAY,FALL
65,"delay_template_5x5",585,MIN,DELAY,FALL
65,"delay_template_5x5",476,MIN,DELAY,FALL
65,"delay_template_5x5",308,MIN,DELAY,FALL
65,"delay_template_5x5",296,MIN,DELAY,FALL
65,"delay_template_5x5",290,MIN,DELAY,FALL
65,"delay_template_5x5",278,MIN,DELAY,FALL
65,"delay_template_5x5",272,MIN,DELAY,FALL
65,"delay_template_5x5",260,MIN,DELAY,FALL
65,"delay_template_5x5",254,MIN,DELAY,FALL
65,"delay_template_5x5",242,MIN,DELAY,FALL
65,"delay_template_5x5",236,MIN,DELAY,FALL
65,"delay_template_5x5",224,MIN,DELAY,FALL
65,"delay_template_5x5",218,MIN,DELAY,FALL
65,"delay_template_5x5",206,MIN,DELAY,FALL
65,"delay_template_5x5",64,MIN,DELAY,FALL
65,"delay_template_5x5",35,MIN,DELAY,FALL
65,"delay_template_5x5",31,MIN,DELAY,FALL
66,"delay_template_5x5",634,MIN,SLEW,RISE
66,"delay_template_5x5",622,MIN,SLEW,RISE
66,"delay_template_5x5",585,MIN,SLEW,RISE
66,"delay_template_5x5",476,MIN,SLEW,RISE
66,"delay_template_5x5",308,MIN,SLEW,RISE
66,"delay_template_5x5",296,MIN,SLEW,RISE
66,"delay_template_5x5",290,MIN,SLEW,RISE
66,"delay_template_5x5",278,MIN,SLEW,RISE
66,"delay_template_5x5",272,MIN,SLEW,RISE
66,"delay_template_5x5",260,MIN,SLEW,RISE
66,"delay_template_5x5",254,MIN,SLEW,RISE
66,"delay_template_5x5",242,MIN,SLEW,RISE
66,"delay_template_5x5",236,MIN,SLEW,RISE
66,"delay_template_5x5",224,MIN,SLEW,RISE
66,"delay_template_5x5",218,MIN,SLEW,RISE
66,"delay_template_5x5",206,MIN,SLEW,RISE
66,"delay_template_5x5",64,MIN,SLEW,RISE
66,"delay_template_5x5",35,MIN,SLEW,RISE
66,"delay_template_5x5",31,MIN,SLEW,RISE
67,"delay_template_5x5",634,MIN,SLEW,FALL
67,"delay_template_5x5",622,MIN,SLEW,FALL
67,"delay_template_5x5",585,MIN,SLEW,FALL
67,"delay_template_5x5",476,MIN,SLEW,FALL
67,"delay_template_5x5",308,MIN,SLEW,FALL
67,"delay_template_5x5",296,MIN,SLEW,FALL
67,"delay_template_5x5",290,MIN,SLEW,FALL
67,"delay_template_5x5",278,MIN,SLEW,FALL
67,"delay_template_5x5",272,MIN,SLEW,FALL
67,"delay_template_5x5",260,MIN,SLEW,FALL
67,"delay_template_5x5",254,MIN,SLEW,FALL
67,"delay_template_5x5",242,MIN,SLEW,FALL
67,"delay_template_5x5",236,MIN,SLEW,FALL
67,"delay_template_5x5",224,MIN,SLEW,FALL
67,"delay_template_5x5",218,MIN,SLEW,FALL
67,"delay_template_5x5",206,MIN,SLEW,FALL
67,"delay_template_5x5",64,MIN,SLEW,FALL
67,"delay_template_5x5",35,MIN,SLEW,FALL
67,"delay_template_5x5",31,MIN,SLEW,FALL
68,"delay_template_5x5",631,MAX,DELAY,RISE
68,"delay_template_5x5",613,MAX,DELAY,RISE
68,"delay_template_5x5",559,MAX,DELAY,RISE
68,"delay_template_5x5",539,MAX,DELAY,RISE
68,"delay_template_5x5",522,MAX,DELAY,RISE
68,"delay_template_5x5",508,MAX,DELAY,RISE
68,"delay_template_5x5",491,MAX,DELAY,RISE
68,"delay_template_5x5",464,MAX,DELAY,RISE
68,"delay_template_5x5",431,MAX,DELAY,RISE
68,"delay_template_5x5",409,MAX,DELAY,RISE
68,"delay_template_5x5",366,MAX,DELAY,RISE
68,"delay_template_5x5",347,MAX,DELAY,RISE
68,"delay_template_5x5",328,MAX,DELAY,RISE
68,"delay_template_5x5",305,MAX,DELAY,RISE
68,"delay_template_5x5",287,MAX,DELAY,RISE
68,"delay_template_5x5",269,MAX,DELAY,RISE
68,"delay_template_5x5",251,MAX,DELAY,RISE
68,"delay_template_5x5",233,MAX,DELAY,RISE
68,"delay_template_5x5",215,MAX,DELAY,RISE
68,"delay_template_5x5",196,MAX,DELAY,RISE
68,"delay_template_5x5",74,MAX,DELAY,RISE
68,"delay_template_5x5",56,MAX,DELAY,RISE
69,"delay_template_5x5",631,MAX,DELAY,FALL
69,"delay_template_5x5",613,MAX,DELAY,FALL
69,"delay_template_5x5",559,MAX,DELAY,FALL
69,"delay_template_5x5",539,MAX,DELAY,FALL
69,"delay_template_5x5",522,MAX,DELAY,FALL
69,"delay_template_5x5",508,MAX,DELAY,FALL
69,"delay_template_5x5",491,MAX,DELAY,FALL
69,"delay_template_5x5",464,MAX,DELAY,FALL
69,"delay_template_5x5",431,MAX,DELAY,FALL
69,"delay_template_5x5",409,MAX,DELAY,FALL
69,"delay_template_5x5",366,MAX,DELAY,FALL
69,"delay_template_5x5",347,MAX,DELAY,FALL
69,"delay_template_5x5",328,MAX,DELAY,FALL
69,"delay_template_5x5",305,MAX,DELAY,FALL
69,"delay_template_5x5",287,MAX,DELAY,FALL
69,"delay_template_5x5",269,MAX,DELAY,FALL
69,"delay_template_5x5",251,MAX,DELAY,FALL
69,"delay_template_5x5",233,MAX,DELAY,FALL
69,"delay_template_5x5",215,MAX,DELAY,FALL
69,"delay_template_5x5",196,MAX,DELAY,FALL
69,"delay_template_5x5",74,MAX,DELAY,FALL
69,"delay_template_5x5",56,MAX,DELAY,FALL
70,"delay_template_5x5",631,MAX,SLEW,RISE
70,"delay_template_5x5",613,MAX,SLEW,RISE
70,"delay_template_5x5",559,MAX,SLEW,RISE
70,"delay_template_5x5",539,MAX,SLEW,RISE
70,"delay_template_5x5",522,MAX,SLEW,RISE
70,"delay_template_5x5",508,MAX,SLEW,RISE
70,"delay_template_5x5",491,MAX,SLEW,RISE
70,"delay_template_5x5",464,MAX,SLEW,RISE
70,"delay_template_5x5",431,MAX,SLEW,RISE
70,"delay_template_5x5",409,MAX,SLEW,RISE
70,"delay_template_5x5",366,MAX,SLEW,RISE
70,"delay_template_5x5",347,MAX,SLEW,RISE
70,"delay_template_5x5",328,MAX,SLEW,RISE
70,"delay_template_5x5",305,MAX,SLEW,RISE
70,"delay_template_5x5",287,MAX,SLEW,RISE
70,"delay_template_5x5",269,MAX,SLEW,RISE
70,"delay_template_5x5",251,MAX,SLEW,RISE
70,"delay_template_5x5",233,MAX,SLEW,RISE
70,"delay_template_5x5",215,MAX,SLEW,RISE
70,"delay_template_5x5",196,MAX,SLEW,RISE
70,"delay_template_5x5",74,MAX,SLEW,RISE
70,"delay_template_5x5",56,MAX,SLEW,RISE
71,"delay_template_5x5",631,MAX,SLEW,FALL
71,"delay_template_5x5",613,MAX,SLEW,FALL
71,"delay_template_5x5",559,MAX,SLEW,FALL
71,"delay_template_5x5",539,MAX,SLEW,FALL
71,"delay_template_5x5",522,MAX,SLEW,FALL
71,"delay_template_5x5",508,MAX,SLEW,FALL
71,"delay_template_5x5",491,MAX,SLEW,FALL
71,"delay_template_5x5",464,MAX,SLEW,FALL
71,"delay_template_5x5",431,MAX,SLEW,FALL
71,"delay_template_5x5",409,MAX,SLEW,FALL
71,"delay_template_5x5",366,MAX,SLEW,FALL
71,"delay_template_5x5",347,MAX,SLEW,FALL
71,"delay_template_5x5",328,MAX,SLEW,FALL
71,"delay_template_5x5",305,MAX,SLEW,FALL
71,"delay_template_5x5",287,MAX,SLEW,FALL
71,"delay_template_5x5",269,MAX,SLEW,FALL
71,"delay_template_5x5",251,MAX,SLEW,FALL
71,"delay_template_5x5",233,MAX,SLEW,FALL
71,"delay_template_5x5",215,MAX,SLEW,FALL
71,"delay_template_5x5",196,MAX,SLEW,FALL
71,"delay_template_5x5",74,MAX,SLEW,FALL
71,"delay_template_5x5",56,MAX,SLEW,FALL
72,"delay_template_5x5",630,MAX,DELAY,RISE
72,"delay_template_5x5",612,MAX,DELAY,RISE
72,"delay_template_5x5",558,MAX,DELAY,RISE
72,"delay_template_5x5",538,MAX,DELAY,RISE
72,"delay_template_5x5",521,MAX,DELAY,RISE
72,"delay_template_5x5",507,MAX,DELAY,RISE
72,"delay_template_5x5",490,MAX,DELAY,RISE
72,"delay_template_5x5",463,MAX,DELAY,RISE
72,"delay_template_5x5",430,MAX,DELAY,RISE
72,"delay_template_5x5",408,MAX,DELAY,RISE
72,"delay_template_5x5",365,MAX,DELAY,RISE
72,"delay_template_5x5",346,MAX,DELAY,RISE
72,"delay_template_5x5",327,MAX,DELAY,RISE
72,"delay_template_5x5",304,MAX,DELAY,RISE
72,"delay_template_5x5",286,MAX,DELAY,RISE
72,"delay_template_5x5",268,MAX,DELAY,RISE
72,"delay_template_5x5",250,MAX,DELAY,RISE
72,"delay_template_5x5",232,MAX,DELAY,RISE
72,"delay_template_5x5",214,MAX,DELAY,RISE
72,"delay_template_5x5",195,MAX,DELAY,RISE
72,"delay_template_5x5",73,MAX,DELAY,RISE
72,"delay_template_5x5",55,MAX,DELAY,RISE
73,"delay_template_5x5",630,MAX,DELAY,FALL
73,"delay_template_5x5",612,MAX,DELAY,FALL
73,"delay_template_5x5",558,MAX,DELAY,FALL
73,"delay_template_5x5",538,MAX,DELAY,FALL
73,"delay_template_5x5",521,MAX,DELAY,FALL
73,"delay_template_5x5",507,MAX,DELAY,FALL
73,"delay_template_5x5",490,MAX,DELAY,FALL
73,"delay_template_5x5",463,MAX,DELAY,FALL
73,"delay_template_5x5",430,MAX,DELAY,FALL
73,"delay_template_5x5",408,MAX,DELAY,FALL
73,"delay_template_5x5",365,MAX,DELAY,FALL
73,"delay_template_5x5",346,MAX,DELAY,FALL
73,"delay_template_5x5",327,MAX,DELAY,FALL
73,"delay_template_5x5",304,MAX,DELAY,FALL
73,"delay_template_5x5",286,MAX,DELAY,FALL
73,"delay_template_5x5",268,MAX,DELAY,FALL
73,"delay_template_5x5",250,MAX,DELAY,FALL
73,"delay_template_5x5",232,MAX,DELAY,FALL
73,"delay_template_5x5",214,MAX,DELAY,FALL
73,"delay_template_5x5",195,MAX,DELAY,FALL
73,"delay_template_5x5",73,MAX,DELAY,FALL
73,"delay_template_5x5",55,MAX,DELAY,FALL
74,"delay_template_5x5",630,MAX,SLEW,RISE
74,"delay_template_5x5",612,MAX,SLEW,RISE
74,"delay_template_5x5",558,MAX,SLEW,RISE
74,"delay_template_5x5",538,MAX,SLEW,RISE
74,"delay_template_5x5",521,MAX,SLEW,RISE
74,"delay_template_5x5",507,MAX,SLEW,RISE
74,"delay_template_5x5",490,MAX,SLEW,RISE
74,"delay_template_5x5",463,MAX,SLEW,RISE
74,"delay_template_5x5",430,MAX,SLEW,RISE
74,"delay_template_5x5",408,MAX,SLEW,RISE
74,"delay_template_5x5",365,MAX,SLEW,RISE
74,"delay_template_5x5",346,MAX,SLEW,RISE
74,"delay_template_5x5",327,MAX,SLEW,RISE
74,"delay_template_5x5",304,MAX,SLEW,RISE
74,"delay_template_5x5",286,MAX,SLEW,RISE
74,"delay_template_5x5",268,MAX,SLEW,RISE
74,"delay_template_5x5",250,MAX,SLEW,RISE
74,"delay_template_5x5",232,MAX,SLEW,RISE
74,"delay_template_5x5",214,MAX,SLEW,RISE
74,"delay_template_5x5",195,MAX,SLEW,RISE
74,"delay_template_5x5",73,MAX,SLEW,RISE
74,"delay_template_5x5",55,MAX,SLEW,RISE
75,"delay_template_5x5",630,MAX,SLEW,FALL
75,"delay_template_5x5",612,MAX,SLEW,FALL
75,"delay_template_5x5",558,MAX,SLEW,FALL
75,"delay_template_5x5",538,MAX,SLEW,FALL
75,"delay_template_5x5",521,MAX,SLEW,FALL
75,"delay_template_5x5",507,MAX,SLEW,FALL
75,"delay_template_5x5",490,MAX,SLEW,FALL
75,"delay_template_5x5",463,MAX,SLEW,FALL
75,"delay_template_5x5",430,MAX,SLEW,FALL
75,"delay_template_5x5",408,MAX,SLEW,FALL
75,"delay_template_5x5",365,MAX,SLEW,FALL
75,"delay_template_5x5",346,MAX,SLEW,FALL
75,"delay_template_5x5",327,MAX,SLEW,FALL
75,"delay_template_5x5",304,MAX,SLEW,FALL
75,"delay_template_5x5",286,MAX,SLEW,FALL
75,"delay_template_5x5",268,MAX,SLEW,FALL
75,"delay_template_5x5",250,MAX,SLEW,FALL
75,"delay_template_5x5",232,MAX,SLEW,FALL
75,"delay_template_5x5",214,MAX,SLEW,FALL
75,"delay_template_5x5",195,MAX,SLEW,FALL
75,"delay_template_5x5",73,MAX,SLEW,FALL
75,"delay_template_5x5",55,MAX,SLEW,FALL
76,"delay_template_5x5",629,MAX,DELAY,RISE
76,"delay_template_5x5",611,MAX,DELAY,RISE
76,"delay_template_5x5",557,MAX,DELAY,RISE
76,"delay_template_5x5",537,MAX,DELAY,RISE
76,"delay_template_5x5",520,MAX,DELAY,RISE
76,"delay_template_5x5",506,MAX,DELAY,RISE
76,"delay_template_5x5",489,MAX,DELAY,RISE
76,"delay_template_5x5",462,MAX,DELAY,RISE
76,"delay_template_5x5",429,MAX,DELAY,RISE
76,"delay_template_5x5",407,MAX,DELAY,RISE
76,"delay_template_5x5",364,MAX,DELAY,RISE
76,"delay_template_5x5",345,MAX,DELAY,RISE
76,"delay_template_5x5",326,MAX,DELAY,RISE
76,"delay_template_5x5",303,MAX,DELAY,RISE
76,"delay_template_5x5",285,MAX,DELAY,RISE
76,"delay_template_5x5",267,MAX,DELAY,RISE
76,"delay_template_5x5",249,MAX,DELAY,RISE
76,"delay_template_5x5",231,MAX,DELAY,RISE
76,"delay_template_5x5",213,MAX,DELAY,RISE
76,"delay_template_5x5",194,MAX,DELAY,RISE
76,"delay_template_5x5",72,MAX,DELAY,RISE
76,"delay_template_5x5",54,MAX,DELAY,RISE
77,"delay_template_5x5",629,MAX,DELAY,FALL
77,"delay_template_5x5",611,MAX,DELAY,FALL
77,"delay_template_5x5",557,MAX,DELAY,FALL
77,"delay_template_5x5",537,MAX,DELAY,FALL
77,"delay_template_5x5",520,MAX,DELAY,FALL
77,"delay_template_5x5",506,MAX,DELAY,FALL
77,"delay_template_5x5",489,MAX,DELAY,FALL
77,"delay_template_5x5",462,MAX,DELAY,FALL
77,"delay_template_5x5",429,MAX,DELAY,FALL
77,"delay_template_5x5",407,MAX,DELAY,FALL
77,"delay_template_5x5",364,MAX,DELAY,FALL
77,"delay_template_5x5",345,MAX,DELAY,FALL
77,"delay_template_5x5",326,MAX,DELAY,FALL
77,"delay_template_5x5",303,MAX,DELAY,FALL
77,"delay_template_5x5",285,MAX,DELAY,FALL
77,"delay_template_5x5",267,MAX,DELAY,FALL
77,"delay_template_5x5",249,MAX,DELAY,FALL
77,"delay_template_5x5",231,MAX,DELAY,FALL
77,"delay_template_5x5",213,MAX,DELAY,FALL
77,"delay_template_5x5",194,MAX,DELAY,FALL
77,"delay_template_5x5",72,MAX,DELAY,FALL
77,"delay_template_5x5",54,MAX,DELAY,FALL
78,"delay_template_5x5",629,MAX,SLEW,RISE
78,"delay_template_5x5",611,MAX,SLEW,RISE
78,"delay_template_5x5",557,MAX,SLEW,RISE
78,"delay_template_5x5",537,MAX,SLEW,RISE
78,"delay_template_5x5",520,MAX,SLEW,RISE
78,"delay_template_5x5",506,MAX,SLEW,RISE
78,"delay_template_5x5",489,MAX,SLEW,RISE
78,"delay_template_5x5",462,MAX,SLEW,RISE
78,"delay_template_5x5",429,MAX,SLEW,RISE
78,"delay_template_5x5",407,MAX,SLEW,RISE
78,"delay_template_5x5",364,MAX,SLEW,RISE
78,"delay_template_5x5",345,MAX,SLEW,RISE
78,"delay_template_5x5",326,MAX,SLEW,RISE
78,"delay_template_5x5",303,MAX,SLEW,RISE
78,"delay_template_5x5",285,MAX,SLEW,RISE
78,"delay_template_5x5",267,MAX,SLEW,RISE
78,"delay_template_5x5",249,MAX,SLEW,RISE
78,"delay_template_5x5",231,MAX,SLEW,RISE
78,"delay_template_5x5",213,MAX,SLEW,RISE
78,"delay_template_5x5",194,MAX,SLEW,RISE
78,"delay_template_5x5",72,MAX,SLEW,RISE
78,"delay_template_5x5",54,MAX,SLEW,RISE
79,"delay_template_5x5",629,MAX,SLEW,FALL
79,"delay_template_5x5",611,MAX,SLEW,FALL
79,"delay_template_5x5",557,MAX,SLEW,FALL
79,"delay_template_5x5",537,MAX,SLEW,FALL
79,"delay_template_5x5",520,MAX,SLEW,FALL
79,"delay_template_5x5",506,MAX,SLEW,FALL
79,"delay_template_5x5",489,MAX,SLEW,FALL
79,"delay_template_5x5",462,MAX,SLEW,FALL
79,"delay_template_5x5",429,MAX,SLEW,FALL
79,"delay_template_5x5",407,MAX,SLEW,FALL
79,"delay_template_5x5",364,MAX,SLEW,FALL
79,"delay_template_5x5",345,MAX,SLEW,FALL
79,"delay_template_5x5",326,MAX,SLEW,FALL
79,"delay_template_5x5",303,MAX,SLEW,FALL
79,"delay_template_5x5",285,MAX,SLEW,FALL
79,"delay_template_5x5",267,MAX,SLEW,FALL
79,"delay_template_5x5",249,MAX,SLEW,FALL
79,"delay_template_5x5",231,MAX,SLEW,FALL
79,"delay_template_5x5",213,MAX,SLEW,FALL
79,"delay_template_5x5",194,MAX,SLEW,FALL
79,"delay_template_5x5",72,MAX,SLEW,FALL
79,"delay_template_5x5",54,MAX,SLEW,FALL
80,"delay_template_5x5",628,MIN,DELAY,RISE
80,"delay_template_5x5",610,MIN,DELAY,RISE
80,"delay_template_5x5",556,MIN,DELAY,RISE
80,"delay_template_5x5",536,MIN,DELAY,RISE
80,"delay_template_5x5",519,MIN,DELAY,RISE
80,"delay_template_5x5",505,MIN,DELAY,RISE
80,"delay_template_5x5",488,MIN,DELAY,RISE
80,"delay_template_5x5",461,MIN,DELAY,RISE
80,"delay_template_5x5",428,MIN,DELAY,RISE
80,"delay_template_5x5",406,MIN,DELAY,RISE
80,"delay_template_5x5",363,MIN,DELAY,RISE
80,"delay_template_5x5",344,MIN,DELAY,RISE
80,"delay_template_5x5",325,MIN,DELAY,RISE
80,"delay_template_5x5",302,MIN,DELAY,RISE
80,"delay_template_5x5",284,MIN,DELAY,RISE
80,"delay_template_5x5",266,MIN,DELAY,RISE
80,"delay_template_5x5",248,MIN,DELAY,RISE
80,"delay_template_5x5",230,MIN,DELAY,RISE
80,"delay_template_5x5",212,MIN,DELAY,RISE
80,"delay_template_5x5",193,MIN,DELAY,RISE
80,"delay_template_5x5",71,MIN,DELAY,RISE
80,"delay_template_5x5",53,MIN,DELAY,RISE
81,"delay_template_5x5",628,MIN,DELAY,FALL
81,"delay_template_5x5",610,MIN,DELAY,FALL
81,"delay_template_5x5",556,MIN,DELAY,FALL
81,"delay_template_5x5",536,MIN,DELAY,FALL
81,"delay_template_5x5",519,MIN,DELAY,FALL
81,"delay_template_5x5",505,MIN,DELAY,FALL
81,"delay_template_5x5",488,MIN,DELAY,FALL
81,"delay_template_5x5",461,MIN,DELAY,FALL
81,"delay_template_5x5",428,MIN,DELAY,FALL
81,"delay_template_5x5",406,MIN,DELAY,FALL
81,"delay_template_5x5",363,MIN,DELAY,FALL
81,"delay_template_5x5",344,MIN,DELAY,FALL
81,"delay_template_5x5",325,MIN,DELAY,FALL
81,"delay_template_5x5",302,MIN,DELAY,FALL
81,"delay_template_5x5",284,MIN,DELAY,FALL
81,"delay_template_5x5",266,MIN,DELAY,FALL
81,"delay_template_5x5",248,MIN,DELAY,FALL
81,"delay_template_5x5",230,MIN,DELAY,FALL
81,"delay_template_5x5",212,MIN,DELAY,FALL
81,"delay_template_5x5",193,MIN,DELAY,FALL
81,"delay_template_5x5",71,MIN,DELAY,FALL
81,"delay_template_5x5",53,MIN,DELAY,FALL
82,"delay_template_5x5",628,MIN,SLEW,RISE
82,"delay_template_5x5",610,MIN,SLEW,RISE
82,"delay_template_5x5",556,MIN,SLEW,RISE
82,"delay_template_5x5",536,MIN,SLEW,RISE
82,"delay_template_5x5",519,MIN,SLEW,RISE
82,"delay_template_5x5",505,MIN,SLEW,RISE
82,"delay_template_5x5",488,MIN,SLEW,RISE
82,"delay_template_5x5",461,MIN,SLEW,RISE
82,"delay_template_5x5",428,MIN,SLEW,RISE
82,"delay_template_5x5",406,MIN,SLEW,RISE
82,"delay_template_5x5",363,MIN,SLEW,RISE
82,"delay_template_5x5",344,MIN,SLEW,RISE
82,"delay_template_5x5",325,MIN,SLEW,RISE
82,"delay_template_5x5",302,MIN,SLEW,RISE
82,"delay_template_5x5",284,MIN,SLEW,RISE
82,"delay_template_5x5",266,MIN,SLEW,RISE
82,"delay_template_5x5",248,MIN,SLEW,RISE
82,"delay_template_5x5",230,MIN,SLEW,RISE
82,"delay_template_5x5",212,MIN,SLEW,RISE
82,"delay_template_5x5",193,MIN,SLEW,RISE
82,"delay_template_5x5",71,MIN,SLEW,RISE
82,"delay_template_5x5",53,MIN,SLEW,RISE
83,"delay_template_5x5",628,MIN,SLEW,FALL
83,"delay_template_5x5",610,MIN,SLEW,FALL
83,"delay_template_5x5",556,MIN,SLEW,FALL
83,"delay_template_5x5",536,MIN,SLEW,FALL
83,"delay_template_5x5",519,MIN,SLEW,FALL
83,"delay_template_5x5",505,MIN,SLEW,FALL
83,"delay_template_5x5",488,MIN,SLEW,FALL
83,"delay_template_5x5",461,MIN,SLEW,FALL
83,"delay_template_5x5",428,MIN,SLEW,FALL
83,"delay_template_5x5",406,MIN,SLEW,FALL
83,"delay_template_5x5",363,MIN,SLEW,FALL
83,"delay_template_5x5",344,MIN,SLEW,FALL
83,"delay_template_5x5",325,MIN,SLEW,FALL
83,"delay_template_5x5",302,MIN,SLEW,FALL
83,"delay_template_5x5",284,MIN,SLEW,FALL
83,"delay_template_5x5",266,MIN,SLEW,FALL
83,"delay_template_5x5",248,MIN,SLEW,FALL
83,"delay_template_5x5",230,MIN,SLEW,FALL
83,"delay_template_5x5",212,MIN,SLEW,FALL
83,"delay_template_5x5",193,MIN,SLEW,FALL
83,"delay_template_5x5",71,MIN,SLEW,FALL
83,"delay_template_5x5",53,MIN,SLEW,FALL
84,"delay_template_5x5",627,MIN,DELAY,RISE
84,"delay_template_5x5",609,MIN,DELAY,RISE
84,"delay_template_5x5",555,MIN,DELAY,RISE
84,"delay_template_5x5",535,MIN,DELAY,RISE
84,"delay_template_5x5",518,MIN,DELAY,RISE
84,"delay_template_5x5",504,MIN,DELAY,RISE
84,"delay_template_5x5",487,MIN,DELAY,RISE
84,"delay_template_5x5",460,MIN,DELAY,RISE
84,"delay_template_5x5",427,MIN,DELAY,RISE
84,"delay_template_5x5",405,MIN,DELAY,RISE
84,"delay_template_5x5",362,MIN,DELAY,RISE
84,"delay_template_5x5",343,MIN,DELAY,RISE
84,"delay_template_5x5",324,MIN,DELAY,RISE
84,"delay_template_5x5",301,MIN,DELAY,RISE
84,"delay_template_5x5",283,MIN,DELAY,RISE
84,"delay_template_5x5",265,MIN,DELAY,RISE
84,"delay_template_5x5",247,MIN,DELAY,RISE
84,"delay_template_5x5",229,MIN,DELAY,RISE
84,"delay_template_5x5",211,MIN,DELAY,RISE
84,"delay_template_5x5",192,MIN,DELAY,RISE
84,"delay_template_5x5",70,MIN,DELAY,RISE
84,"delay_template_5x5",52,MIN,DELAY,RISE
85,"delay_template_5x5",627,MIN,DELAY,FALL
85,"delay_template_5x5",609,MIN,DELAY,FALL
85,"delay_template_5x5",555,MIN,DELAY,FALL
85,"delay_template_5x5",535,MIN,DELAY,FALL
85,"delay_template_5x5",518,MIN,DELAY,FALL
85,"delay_template_5x5",504,MIN,DELAY,FALL
85,"delay_template_5x5",487,MIN,DELAY,FALL
85,"delay_template_5x5",460,MIN,DELAY,FALL
85,"delay_template_5x5",427,MIN,DELAY,FALL
85,"delay_template_5x5",405,MIN,DELAY,FALL
85,"delay_template_5x5",362,MIN,DELAY,FALL
85,"delay_template_5x5",343,MIN,DELAY,FALL
85,"delay_template_5x5",324,MIN,DELAY,FALL
85,"delay_template_5x5",301,MIN,DELAY,FALL
85,"delay_template_5x5",283,MIN,DELAY,FALL
85,"delay_template_5x5",265,MIN,DELAY,FALL
85,"delay_template_5x5",247,MIN,DELAY,FALL
85,"delay_template_5x5",229,MIN,DELAY,FALL
85,"delay_template_5x5",211,MIN,DELAY,FALL
85,"delay_template_5x5",192,MIN,DELAY,FALL
85,"delay_template_5x5",70,MIN,DELAY,FALL
85,"delay_template_5x5",52,MIN,DELAY,FALL
86,"delay_template_5x5",627,MIN,SLEW,RISE
86,"delay_template_5x5",609,MIN,SLEW,RISE
86,"delay_template_5x5",555,MIN,SLEW,RISE
86,"delay_template_5x5",535,MIN,SLEW,RISE
86,"delay_template_5x5",518,MIN,SLEW,RISE
86,"delay_template_5x5",504,MIN,SLEW,RISE
86,"delay_template_5x5",487,MIN,SLEW,RISE
86,"delay_template_5x5",460,MIN,SLEW,RISE
86,"delay_template_5x5",427,MIN,SLEW,RISE
86,"delay_template_5x5",405,MIN,SLEW,RISE
86,"delay_template_5x5",362,MIN,SLEW,RISE
86,"delay_template_5x5",343,MIN,SLEW,RISE
86,"delay_template_5x5",324,MIN,SLEW,RISE
86,"delay_template_5x5",301,MIN,SLEW,RISE
86,"delay_template_5x5",283,MIN,SLEW,RISE
86,"delay_template_5x5",265,MIN,SLEW,RISE
86,"delay_template_5x5",247,MIN,SLEW,RISE
86,"delay_template_5x5",229,MIN,SLEW,RISE
86,"delay_template_5x5",211,MIN,SLEW,RISE
86,"delay_template_5x5",192,MIN,SLEW,RISE
86,"delay_template_5x5",70,MIN,SLEW,RISE
86,"delay_template_5x5",52,MIN,SLEW,RISE
87,"delay_template_5x5",627,MIN,SLEW,FALL
87,"delay_template_5x5",609,MIN,SLEW,FALL
87,"delay_template_5x5",555,MIN,SLEW,FALL
87,"delay_template_5x5",535,MIN,SLEW,FALL
87,"delay_template_5x5",518,MIN,SLEW,FALL
87,"delay_template_5x5",504,MIN,SLEW,FALL
87,"delay_template_5x5",487,MIN,SLEW,FALL
87,"delay_template_5x5",460,MIN,SLEW,FALL
87,"delay_template_5x5",427,MIN,SLEW,FALL
87,"delay_template_5x5",405,MIN,SLEW,FALL
87,"delay_template_5x5",362,MIN,SLEW,FALL
87,"delay_template_5x5",343,MIN,SLEW,FALL
87,"delay_template_5x5",324,MIN,SLEW,FALL
87,"delay_template_5x5",301,MIN,SLEW,FALL
87,"delay_template_5x5",283,MIN,SLEW,FALL
87,"delay_template_5x5",265,MIN,SLEW,FALL
87,"delay_template_5x5",247,MIN,SLEW,FALL
87,"delay_template_5x5",229,MIN,SLEW,FALL
87,"delay_template_5x5",211,MIN,SLEW,FALL
87,"delay_template_5x5",192,MIN,SLEW,FALL
87,"delay_template_5x5",70,MIN,SLEW,FALL
87,"delay_template_5x5",52,MIN,SLEW,FALL
88,"delay_template_5x5",626,MIN,DELAY,RISE
88,"delay_template_5x5",608,MIN,DELAY,RISE
88,"delay_template_5x5",554,MIN,DELAY,RISE
88,"delay_template_5x5",534,MIN,DELAY,RISE
88,"delay_template_5x5",517,MIN,DELAY,RISE
88,"delay_template_5x5",503,MIN,DELAY,RISE
88,"delay_template_5x5",486,MIN,DELAY,RISE
88,"delay_template_5x5",459,MIN,DELAY,RISE
88,"delay_template_5x5",426,MIN,DELAY,RISE
88,"delay_template_5x5",404,MIN,DELAY,RISE
88,"delay_template_5x5",361,MIN,DELAY,RISE
88,"delay_template_5x5",342,MIN,DELAY,RISE
88,"delay_template_5x5",323,MIN,DELAY,RISE
88,"delay_template_5x5",300,MIN,DELAY,RISE
88,"delay_template_5x5",282,MIN,DELAY,RISE
88,"delay_template_5x5",264,MIN,DELAY,RISE
88,"delay_template_5x5",246,MIN,DELAY,RISE
88,"delay_template_5x5",228,MIN,DELAY,RISE
88,"delay_template_5x5",210,MIN,DELAY,RISE
88,"delay_template_5x5",191,MIN,DELAY,RISE
88,"delay_template_5x5",69,MIN,DELAY,RISE
88,"delay_template_5x5",51,MIN,DELAY,RISE
89,"delay_template_5x5",626,MIN,DELAY,FALL
89,"delay_template_5x5",608,MIN,DELAY,FALL
89,"delay_template_5x5",554,MIN,DELAY,FALL
89,"delay_template_5x5",534,MIN,DELAY,FALL
89,"delay_template_5x5",517,MIN,DELAY,FALL
89,"delay_template_5x5",503,MIN,DELAY,FALL
89,"delay_template_5x5",486,MIN,DELAY,FALL
89,"delay_template_5x5",459,MIN,DELAY,FALL
89,"delay_template_5x5",426,MIN,DELAY,FALL
89,"delay_template_5x5",404,MIN,DELAY,FALL
89,"delay_template_5x5",361,MIN,DELAY,FALL
89,"delay_template_5x5",342,MIN,DELAY,FALL
89,"delay_template_5x5",323,MIN,DELAY,FALL
89,"delay_template_5x5",300,MIN,DELAY,FALL
89,"delay_template_5x5",282,MIN,DELAY,FALL
89,"delay_template_5x5",264,MIN,DELAY,FALL
89,"delay_template_5x5",246,MIN,DELAY,FALL
89,"delay_template_5x5",228,MIN,DELAY,FALL
89,"delay_template_5x5",210,MIN,DELAY,FALL
89,"delay_template_5x5",191,MIN,DELAY,FALL
89,"delay_template_5x5",69,MIN,DELAY,FALL
89,"delay_template_5x5",51,MIN,DELAY,FALL
90,"delay_template_5x5",626,MIN,SLEW,RISE
90,"delay_template_5x5",608,MIN,SLEW,RISE
90,"delay_template_5x5",554,MIN,SLEW,RISE
90,"delay_template_5x5",534,MIN,SLEW,RISE
90,"delay_template_5x5",517,MIN,SLEW,RISE
90,"delay_template_5x5",503,MIN,SLEW,RISE
90,"delay_template_5x5",486,MIN,SLEW,RISE
90,"delay_template_5x5",459,MIN,SLEW,RISE
90,"delay_template_5x5",426,MIN,SLEW,RISE
90,"delay_template_5x5",404,MIN,SLEW,RISE
90,"delay_template_5x5",361,MIN,SLEW,RISE
90,"delay_template_5x5",342,MIN,SLEW,RISE
90,"delay_template_5x5",323,MIN,SLEW,RISE
90,"delay_template_5x5",300,MIN,SLEW,RISE
90,"delay_template_5x5",282,MIN,SLEW,RISE
90,"delay_template_5x5",264,MIN,SLEW,RISE
90,"delay_template_5x5",246,MIN,SLEW,RISE
90,"delay_template_5x5",228,MIN,SLEW,RISE
90,"delay_template_5x5",210,MIN,SLEW,RISE
90,"delay_template_5x5",191,MIN,SLEW,RISE
90,"delay_template_5x5",69,MIN,SLEW,RISE
90,"delay_template_5x5",51,MIN,SLEW,RISE
91,"delay_template_5x5",626,MIN,SLEW,FALL
91,"delay_template_5x5",608,MIN,SLEW,FALL
91,"delay_template_5x5",554,MIN,SLEW,FALL
91,"delay_template_5x5",534,MIN,SLEW,FALL
91,"delay_template_5x5",517,MIN,SLEW,FALL
91,"delay_template_5x5",503,MIN,SLEW,FALL
91,"delay_template_5x5",486,MIN,SLEW,FALL
91,"delay_template_5x5",459,MIN,SLEW,FALL
91,"delay_template_5x5",426,MIN,SLEW,FALL
91,"delay_template_5x5",404,MIN,SLEW,FALL
91,"delay_template_5x5",361,MIN,SLEW,FALL
91,"delay_template_5x5",342,MIN,SLEW,FALL
91,"delay_template_5x5",323,MIN,SLEW,FALL
91,"delay_template_5x5",300,MIN,SLEW,FALL
91,"delay_template_5x5",282,MIN,SLEW,FALL
91,"delay_template_5x5",264,MIN,SLEW,FALL
91,"delay_template_5x5",246,MIN,SLEW,FALL
91,"delay_template_5x5",228,MIN,SLEW,FALL
91,"delay_template_5x5",210,MIN,SLEW,FALL
91,"delay_template_5x5",191,MIN,SLEW,FALL
91,"delay_template_5x5",69,MIN,SLEW,FALL
91,"delay_template_5x5",51,MIN,SLEW,FALL
92,"delay_template_5x5",619,MAX,DELAY,RISE
92,"delay_template_5x5",565,MAX,DELAY,RISE
92,"delay_template_5x5",436,MAX,DELAY,RISE
93,"delay_template_5x5",619,MAX,DELAY,FALL
93,"delay_template_5x5",565,MAX,DELAY,FALL
93,"delay_template_5x5",436,MAX,DELAY,FALL
94,"delay_template_5x5",619,MAX,SLEW,RISE
94,"delay_template_5x5",565,MAX,SLEW,RISE
94,"delay_template_5x5",436,MAX,SLEW,RISE
95,"delay_template_5x5",619,MAX,SLEW,FALL
95,"delay_template_5x5",565,MAX,SLEW,FALL
95,"delay_template_5x5",436,MAX,SLEW,FALL
96,"delay_template_5x5",618,MAX,DELAY,RISE
96,"delay_template_5x5",564,MAX,DELAY,RISE
96,"delay_template_5x5",435,MAX,DELAY,RISE
97,"delay_template_5x5",618,MAX,DELAY,FALL
97,"delay_template_5x5",564,MAX,DELAY,FALL
97,"delay_template_5x5",435,MAX,DELAY,FALL
98,"delay_template_5x5",618,MAX,SLEW,RISE
98,"delay_template_5x5",564,MAX,SLEW,RISE
98,"delay_template_5x5",435,MAX,SLEW,RISE
99,"delay_template_5x5",618,MAX,SLEW,FALL
99,"delay_template_5x5",564,MAX,SLEW,FALL
99,"delay_template_5x5",435,MAX,SLEW,FALL
100,"delay_template_5x5",617,MIN,DELAY,RISE
100,"delay_template_5x5",563,MIN,DELAY,RISE
100,"delay_template_5x5",434,MIN,DELAY,RISE
101,"delay_template_5x5",617,MIN,DELAY,FALL
101,"delay_template_5x5",563,MIN,DELAY,FALL
101,"delay_template_5x5",434,MIN,DELAY,FALL
102,"delay_template_5x5",617,MIN,SLEW,RISE
102,"delay_template_5x5",563,MIN,SLEW,RISE
102,"delay_template_5x5",434,MIN,SLEW,RISE
103,"delay_template_5x5",617,MIN,SLEW,FALL
103,"delay_template_5x5",563,MIN,SLEW,FALL
103,"delay_template_5x5",434,MIN,SLEW,FALL
104,"delay_template_5x5",616,MIN,DELAY,RISE
104,"delay_template_5x5",562,MIN,DELAY,RISE
104,"delay_template_5x5",433,MIN,DELAY,RISE
105,"delay_template_5x5",616,MIN,DELAY,FALL
105,"delay_template_5x5",562,MIN,DELAY,FALL
105,"delay_template_5x5",433,MIN,DELAY,FALL
106,"delay_template_5x5",616,MIN,SLEW,RISE
106,"delay_template_5x5",562,MIN,SLEW,RISE
106,"delay_template_5x5",433,MIN,SLEW,RISE
107,"delay_template_5x5",616,MIN,SLEW,FALL
107,"delay_template_5x5",562,MIN,SLEW,FALL
107,"delay_template_5x5",433,MIN,SLEW,FALL
108,"delay_template_5x5",600,MAX,DELAY,RISE
108,"delay_template_5x5",171,MAX,DELAY,RISE
108,"delay_template_5x5",161,MAX,DELAY,RISE
108,"delay_template_5x5",151,MAX,DELAY,RISE
108,"delay_template_5x5",141,MAX,DELAY,RISE
108,"delay_template_5x5",131,MAX,DELAY,RISE
108,"delay_template_5x5",121,MAX,DELAY,RISE
108,"delay_template_5x5",111,MAX,DELAY,RISE
108,"delay_template_5x5",101,MAX,DELAY,RISE
108,"delay_template_5x5",91,MAX,DELAY,RISE
109,"delay_template_5x5",600,MAX,DELAY,FALL
109,"delay_template_5x5",171,MAX,DELAY,FALL
109,"delay_template_5x5",161,MAX,DELAY,FALL
109,"delay_template_5x5",151,MAX,DELAY,FALL
109,"delay_template_5x5",141,MAX,DELAY,FALL
109,"delay_template_5x5",131,MAX,DELAY,FALL
109,"delay_template_5x5",121,MAX,DELAY,FALL
109,"delay_template_5x5",111,MAX,DELAY,FALL
109,"delay_template_5x5",101,MAX,DELAY,FALL
109,"delay_template_5x5",91,MAX,DELAY,FALL
110,"delay_template_5x5",600,MAX,SLEW,RISE
110,"delay_template_5x5",171,MAX,SLEW,RISE
110,"delay_template_5x5",161,MAX,SLEW,RISE
110,"delay_template_5x5",151,MAX,SLEW,RISE
110,"delay_template_5x5",141,MAX,SLEW,RISE
110,"delay_template_5x5",131,MAX,SLEW,RISE
110,"delay_template_5x5",121,MAX,SLEW,RISE
110,"delay_template_5x5",111,MAX,SLEW,RISE
110,"delay_template_5x5",101,MAX,SLEW,RISE
110,"delay_template_5x5",91,MAX,SLEW,RISE
111,"delay_template_5x5",600,MAX,SLEW,FALL
111,"delay_template_5x5",171,MAX,SLEW,FALL
111,"delay_template_5x5",161,MAX,SLEW,FALL
111,"delay_template_5x5",151,MAX,SLEW,FALL
111,"delay_template_5x5",141,MAX,SLEW,FALL
111,"delay_template_5x5",131,MAX,SLEW,FALL
111,"delay_template_5x5",121,MAX,SLEW,FALL
111,"delay_template_5x5",111,MAX,SLEW,FALL
111,"delay_template_5x5",101,MAX,SLEW,FALL
111,"delay_template_5x5",91,MAX,SLEW,FALL
112,"delay_template_5x5",599,MAX,DELAY,RISE
112,"delay_template_5x5",170,MAX,DELAY,RISE
112,"delay_template_5x5",160,MAX,DELAY,RISE
112,"delay_template_5x5",150,MAX,DELAY,RISE
112,"delay_template_5x5",140,MAX,DELAY,RISE
112,"delay_template_5x5",130,MAX,DELAY,RISE
112,"delay_template_5x5",120,MAX,DELAY,RISE
112,"delay_template_5x5",110,MAX,DELAY,RISE
112,"delay_template_5x5",100,MAX,DELAY,RISE
112,"delay_template_5x5",90,MAX,DELAY,RISE
113,"delay_template_5x5",599,MAX,DELAY,FALL
113,"delay_template_5x5",170,MAX,DELAY,FALL
113,"delay_template_5x5",160,MAX,DELAY,FALL
113,"delay_template_5x5",150,MAX,DELAY,FALL
113,"delay_template_5x5",140,MAX,DELAY,FALL
113,"delay_template_5x5",130,MAX,DELAY,FALL
113,"delay_template_5x5",120,MAX,DELAY,FALL
113,"delay_template_5x5",110,MAX,DELAY,FALL
113,"delay_template_5x5",100,MAX,DELAY,FALL
113,"delay_template_5x5",90,MAX,DELAY,FALL
114,"delay_template_5x5",599,MAX,SLEW,RISE
114,"delay_template_5x5",170,MAX,SLEW,RISE
114,"delay_template_5x5",160,MAX,SLEW,RISE
114,"delay_template_5x5",150,MAX,SLEW,RISE
114,"delay_template_5x5",140,MAX,SLEW,RISE
114,"delay_template_5x5",130,MAX,SLEW,RISE
114,"delay_template_5x5",120,MAX,SLEW,RISE
114,"delay_template_5x5",110,MAX,SLEW,RISE
114,"delay_template_5x5",100,MAX,SLEW,RISE
114,"delay_template_5x5",90,MAX,SLEW,RISE
115,"delay_template_5x5",599,MAX,SLEW,FALL
115,"delay_template_5x5",170,MAX,SLEW,FALL
115,"delay_template_5x5",160,MAX,SLEW,FALL
115,"delay_template_5x5",150,MAX,SLEW,FALL
115,"delay_template_5x5",140,MAX,SLEW,FALL
115,"delay_template_5x5",130,MAX,SLEW,FALL
115,"delay_template_5x5",120,MAX,SLEW,FALL
115,"delay_template_5x5",110,MAX,SLEW,FALL
115,"delay_template_5x5",100,MAX,SLEW,FALL
115,"delay_template_5x5",90,MAX,SLEW,FALL
116,"delay_template_5x5",598,MAX,DELAY,RISE
116,"delay_template_5x5",169,MAX,DELAY,RISE
116,"delay_template_5x5",159,MAX,DELAY,RISE
116,"delay_template_5x5",149,MAX,DELAY,RISE
116,"delay_template_5x5",139,MAX,DELAY,RISE
116,"delay_template_5x5",129,MAX,DELAY,RISE
116,"delay_template_5x5",119,MAX,DELAY,RISE
116,"delay_template_5x5",109,MAX,DELAY,RISE
116,"delay_template_5x5",99,MAX,DELAY,RISE
116,"delay_template_5x5",89,MAX,DELAY,RISE
117,"delay_template_5x5",598,MAX,DELAY,FALL
117,"delay_template_5x5",169,MAX,DELAY,FALL
117,"delay_template_5x5",159,MAX,DELAY,FALL
117,"delay_template_5x5",149,MAX,DELAY,FALL
117,"delay_template_5x5",139,MAX,DELAY,FALL
117,"delay_template_5x5",129,MAX,DELAY,FALL
117,"delay_template_5x5",119,MAX,DELAY,FALL
117,"delay_template_5x5",109,MAX,DELAY,FALL
117,"delay_template_5x5",99,MAX,DELAY,FALL
117,"delay_template_5x5",89,MAX,DELAY,FALL
118,"delay_template_5x5",598,MAX,SLEW,RISE
118,"delay_template_5x5",169,MAX,SLEW,RISE
118,"delay_template_5x5",159,MAX,SLEW,RISE
118,"delay_template_5x5",149,MAX,SLEW,RISE
118,"delay_template_5x5",139,MAX,SLEW,RISE
118,"delay_template_5x5",129,MAX,SLEW,RISE
118,"delay_template_5x5",119,MAX,SLEW,RISE
118,"delay_template_5x5",109,MAX,SLEW,RISE
118,"delay_template_5x5",99,MAX,SLEW,RISE
118,"delay_template_5x5",89,MAX,SLEW,RISE
119,"delay_template_5x5",598,MAX,SLEW,FALL
119,"delay_template_5x5",169,MAX,SLEW,FALL
119,"delay_template_5x5",159,MAX,SLEW,FALL
119,"delay_template_5x5",149,MAX,SLEW,FALL
119,"delay_template_5x5",139,MAX,SLEW,FALL
119,"delay_template_5x5",129,MAX,SLEW,FALL
119,"delay_template_5x5",119,MAX,SLEW,FALL
119,"delay_template_5x5",109,MAX,SLEW,FALL
119,"delay_template_5x5",99,MAX,SLEW,FALL
119,"delay_template_5x5",89,MAX,SLEW,FALL
120,"delay_template_5x5",597,MIN,DELAY,RISE
120,"delay_template_5x5",168,MIN,DELAY,RISE
120,"delay_template_5x5",158,MIN,DELAY,RISE
120,"delay_template_5x5",148,MIN,DELAY,RISE
120,"delay_template_5x5",138,MIN,DELAY,RISE
120,"delay_template_5x5",128,MIN,DELAY,RISE
120,"delay_template_5x5",118,MIN,DELAY,RISE
120,"delay_template_5x5",108,MIN,DELAY,RISE
120,"delay_template_5x5",98,MIN,DELAY,RISE
120,"delay_template_5x5",88,MIN,DELAY,RISE
121,"delay_template_5x5",597,MIN,DELAY,FALL
121,"delay_template_5x5",168,MIN,DELAY,FALL
121,"delay_template_5x5",158,MIN,DELAY,FALL
121,"delay_template_5x5",148,MIN,DELAY,FALL
121,"delay_template_5x5",138,MIN,DELAY,FALL
121,"delay_template_5x5",128,MIN,DELAY,FALL
121,"delay_template_5x5",118,MIN,DELAY,FALL
121,"delay_template_5x5",108,MIN,DELAY,FALL
121,"delay_template_5x5",98,MIN,DELAY,FALL
121,"delay_template_5x5",88,MIN,DELAY,FALL
122,"delay_template_5x5",597,MIN,SLEW,RISE
122,"delay_template_5x5",168,MIN,SLEW,RISE
122,"delay_template_5x5",158,MIN,SLEW,RISE
122,"delay_template_5x5",148,MIN,SLEW,RISE
122,"delay_template_5x5",138,MIN,SLEW,RISE
122,"delay_template_5x5",128,MIN,SLEW,RISE
122,"delay_template_5x5",118,MIN,SLEW,RISE
122,"delay_template_5x5",108,MIN,SLEW,RISE
122,"delay_template_5x5",98,MIN,SLEW,RISE
122,"delay_template_5x5",88,MIN,SLEW,RISE
123,"delay_template_5x5",597,MIN,SLEW,FALL
123,"delay_template_5x5",168,MIN,SLEW,FALL
123,"delay_template_5x5",158,MIN,SLEW,FALL
123,"delay_template_5x5",148,MIN,SLEW,FALL
123,"delay_template_5x5",138,MIN,SLEW,FALL
123,"delay_template_5x5",128,MIN,SLEW,FALL
123,"delay_template_5x5",118,MIN,SLEW,FALL
123,"delay_template_5x5",108,MIN,SLEW,FALL
123,"delay_template_5x5",98,MIN,SLEW,FALL
123,"delay_template_5x5",88,MIN,SLEW,FALL
124,"delay_template_5x5",596,MIN,DELAY,RISE
124,"delay_template_5x5",167,MIN,DELAY,RISE
124,"delay_template_5x5",157,MIN,DELAY,RISE
124,"delay_template_5x5",147,MIN,DELAY,RISE
124,"delay_template_5x5",137,MIN,DELAY,RISE
124,"delay_template_5x5",127,MIN,DELAY,RISE
124,"delay_template_5x5",117,MIN,DELAY,RISE
124,"delay_template_5x5",107,MIN,DELAY,RISE
124,"delay_template_5x5",97,MIN,DELAY,RISE
124,"delay_template_5x5",87,MIN,DELAY,RISE
125,"delay_template_5x5",596,MIN,DELAY,FALL
125,"delay_template_5x5",167,MIN,DELAY,FALL
125,"delay_template_5x5",157,MIN,DELAY,FALL
125,"delay_template_5x5",147,MIN,DELAY,FALL
125,"delay_template_5x5",137,MIN,DELAY,FALL
125,"delay_template_5x5",127,MIN,DELAY,FALL
125,"delay_template_5x5",117,MIN,DELAY,FALL
125,"delay_template_5x5",107,MIN,DELAY,FALL
125,"delay_template_5x5",97,MIN,DELAY,FALL
125,"delay_template_5x5",87,MIN,DELAY,FALL
126,"delay_template_5x5",596,MIN,SLEW,RISE
126,"delay_template_5x5",167,MIN,SLEW,RISE
126,"delay_template_5x5",157,MIN,SLEW,RISE
126,"delay_template_5x5",147,MIN,SLEW,RISE
126,"delay_template_5x5",137,MIN,SLEW,RISE
126,"delay_template_5x5",127,MIN,SLEW,RISE
126,"delay_template_5x5",117,MIN,SLEW,RISE
126,"delay_template_5x5",107,MIN,SLEW,RISE
126,"delay_template_5x5",97,MIN,SLEW,RISE
126,"delay_template_5x5",87,MIN,SLEW,RISE
127,"delay_template_5x5",596,MIN,SLEW,FALL
127,"delay_template_5x5",167,MIN,SLEW,FALL
127,"delay_template_5x5",157,MIN,SLEW,FALL
127,"delay_template_5x5",147,MIN,SLEW,FALL
127,"delay_template_5x5",137,MIN,SLEW,FALL
127,"delay_template_5x5",127,MIN,SLEW,FALL
127,"delay_template_5x5",117,MIN,SLEW,FALL
127,"delay_template_5x5",107,MIN,SLEW,FALL
127,"delay_template_5x5",97,MIN,SLEW,FALL
127,"delay_template_5x5",87,MIN,SLEW,FALL
128,"delay_template_5x5",595,MIN,DELAY,RISE
128,"delay_template_5x5",166,MIN,DELAY,RISE
128,"delay_template_5x5",156,MIN,DELAY,RISE
128,"delay_template_5x5",146,MIN,DELAY,RISE
128,"delay_template_5x5",136,MIN,DELAY,RISE
128,"delay_template_5x5",126,MIN,DELAY,RISE
128,"delay_template_5x5",116,MIN,DELAY,RISE
128,"delay_template_5x5",106,MIN,DELAY,RISE
128,"delay_template_5x5",96,MIN,DELAY,RISE
128,"delay_template_5x5",86,MIN,DELAY,RISE
129,"delay_template_5x5",595,MIN,DELAY,FALL
129,"delay_template_5x5",166,MIN,DELAY,FALL
129,"delay_template_5x5",156,MIN,DELAY,FALL
129,"delay_template_5x5",146,MIN,DELAY,FALL
129,"delay_template_5x5",136,MIN,DELAY,FALL
129,"delay_template_5x5",126,MIN,DELAY,FALL
129,"delay_template_5x5",116,MIN,DELAY,FALL
129,"delay_template_5x5",106,MIN,DELAY,FALL
129,"delay_template_5x5",96,MIN,DELAY,FALL
129,"delay_template_5x5",86,MIN,DELAY,FALL
130,"delay_template_5x5",595,MIN,SLEW,RISE
130,"delay_template_5x5",166,MIN,SLEW,RISE
130,"delay_template_5x5",156,MIN,SLEW,RISE
130,"delay_template_5x5",146,MIN,SLEW,RISE
130,"delay_template_5x5",136,MIN,SLEW,RISE
130,"delay_template_5x5",126,MIN,SLEW,RISE
130,"delay_template_5x5",116,MIN,SLEW,RISE
130,"delay_template_5x5",106,MIN,SLEW,RISE
130,"delay_template_5x5",96,MIN,SLEW,RISE
130,"delay_template_5x5",86,MIN,SLEW,RISE
131,"delay_template_5x5",595,MIN,SLEW,FALL
131,"delay_template_5x5",166,MIN,SLEW,FALL
131,"delay_template_5x5",156,MIN,SLEW,FALL
131,"delay_template_5x5",146,MIN,SLEW,FALL
131,"delay_template_5x5",136,MIN,SLEW,FALL
131,"delay_template_5x5",126,MIN,SLEW,FALL
131,"delay_template_5x5",116,MIN,SLEW,FALL
131,"delay_template_5x5",106,MIN,SLEW,FALL
131,"delay_template_5x5",96,MIN,SLEW,FALL
131,"delay_template_5x5",86,MIN,SLEW,FALL
132,"delay_template_5x5",593,MAX,DELAY,RISE
132,"delay_template_5x5",582,MAX,DELAY,RISE
132,"delay_template_5x5",484,MAX,DELAY,RISE
132,"delay_template_5x5",402,MAX,DELAY,RISE
132,"delay_template_5x5",334,MAX,DELAY,RISE
132,"delay_template_5x5",180,MAX,DELAY,RISE
133,"delay_template_5x5",593,MAX,DELAY,FALL
133,"delay_template_5x5",582,MAX,DELAY,FALL
133,"delay_template_5x5",484,MAX,DELAY,FALL
133,"delay_template_5x5",402,MAX,DELAY,FALL
133,"delay_template_5x5",334,MAX,DELAY,FALL
133,"delay_template_5x5",180,MAX,DELAY,FALL
134,"delay_template_5x5",593,MAX,SLEW,RISE
134,"delay_template_5x5",582,MAX,SLEW,RISE
134,"delay_template_5x5",484,MAX,SLEW,RISE
134,"delay_template_5x5",402,MAX,SLEW,RISE
134,"delay_template_5x5",334,MAX,SLEW,RISE
134,"delay_template_5x5",180,MAX,SLEW,RISE
135,"delay_template_5x5",593,MAX,SLEW,FALL
135,"delay_template_5x5",582,MAX,SLEW,FALL
135,"delay_template_5x5",484,MAX,SLEW,FALL
135,"delay_template_5x5",402,MAX,SLEW,FALL
135,"delay_template_5x5",334,MAX,SLEW,FALL
135,"delay_template_5x5",180,MAX,SLEW,FALL
136,"delay_template_5x5",592,MAX,DELAY,RISE
136,"delay_template_5x5",581,MAX,DELAY,RISE
136,"delay_template_5x5",483,MAX,DELAY,RISE
136,"delay_template_5x5",401,MAX,DELAY,RISE
136,"delay_template_5x5",333,MAX,DELAY,RISE
136,"delay_template_5x5",179,MAX,DELAY,RISE
137,"delay_template_5x5",592,MAX,DELAY,FALL
137,"delay_template_5x5",581,MAX,DELAY,FALL
137,"delay_template_5x5",483,MAX,DELAY,FALL
137,"delay_template_5x5",401,MAX,DELAY,FALL
137,"delay_template_5x5",333,MAX,DELAY,FALL
137,"delay_template_5x5",179,MAX,DELAY,FALL
138,"delay_template_5x5",592,MAX,SLEW,RISE
138,"delay_template_5x5",581,MAX,SLEW,RISE
138,"delay_template_5x5",483,MAX,SLEW,RISE
138,"delay_template_5x5",401,MAX,SLEW,RISE
138,"delay_template_5x5",333,MAX,SLEW,RISE
138,"delay_template_5x5",179,MAX,SLEW,RISE
139,"delay_template_5x5",592,MAX,SLEW,FALL
139,"delay_template_5x5",581,MAX,SLEW,FALL
139,"delay_template_5x5",483,MAX,SLEW,FALL
139,"delay_template_5x5",401,MAX,SLEW,FALL
139,"delay_template_5x5",333,MAX,SLEW,FALL
139,"delay_template_5x5",179,MAX,SLEW,FALL
140,"delay_template_5x5",591,MIN,DELAY,RISE
140,"delay_template_5x5",580,MIN,DELAY,RISE
140,"delay_template_5x5",482,MIN,DELAY,RISE
140,"delay_template_5x5",400,MIN,DELAY,RISE
140,"delay_template_5x5",332,MIN,DELAY,RISE
140,"delay_template_5x5",178,MIN,DELAY,RISE
141,"delay_template_5x5",591,MIN,DELAY,FALL
141,"delay_template_5x5",580,MIN,DELAY,FALL
141,"delay_template_5x5",482,MIN,DELAY,FALL
141,"delay_template_5x5",400,MIN,DELAY,FALL
141,"delay_template_5x5",332,MIN,DELAY,FALL
141,"delay_template_5x5",178,MIN,DELAY,FALL
142,"delay_template_5x5",591,MIN,SLEW,RISE
142,"delay_template_5x5",580,MIN,SLEW,RISE
142,"delay_template_5x5",482,MIN,SLEW,RISE
142,"delay_template_5x5",400,MIN,SLEW,RISE
142,"delay_template_5x5",332,MIN,SLEW,RISE
142,"delay_template_5x5",178,MIN,SLEW,RISE
143,"delay_template_5x5",591,MIN,SLEW,FALL
143,"delay_template_5x5",580,MIN,SLEW,FALL
143,"delay_template_5x5",482,MIN,SLEW,FALL
143,"delay_template_5x5",400,MIN,SLEW,FALL
143,"delay_template_5x5",332,MIN,SLEW,FALL
143,"delay_template_5x5",178,MIN,SLEW,FALL
144,"delay_template_5x5",590,MIN,DELAY,RISE
144,"delay_template_5x5",579,MIN,DELAY,RISE
144,"delay_template_5x5",481,MIN,DELAY,RISE
144,"delay_template_5x5",399,MIN,DELAY,RISE
144,"delay_template_5x5",331,MIN,DELAY,RISE
144,"delay_template_5x5",177,MIN,DELAY,RISE
145,"delay_template_5x5",590,MIN,DELAY,FALL
145,"delay_template_5x5",579,MIN,DELAY,FALL
145,"delay_template_5x5",481,MIN,DELAY,FALL
145,"delay_template_5x5",399,MIN,DELAY,FALL
145,"delay_template_5x5",331,MIN,DELAY,FALL
145,"delay_template_5x5",177,MIN,DELAY,FALL
146,"delay_template_5x5",590,MIN,SLEW,RISE
146,"delay_template_5x5",579,MIN,SLEW,RISE
146,"delay_template_5x5",481,MIN,SLEW,RISE
146,"delay_template_5x5",399,MIN,SLEW,RISE
146,"delay_template_5x5",331,MIN,SLEW,RISE
146,"delay_template_5x5",177,MIN,SLEW,RISE
147,"delay_template_5x5",590,MIN,SLEW,FALL
147,"delay_template_5x5",579,MIN,SLEW,FALL
147,"delay_template_5x5",481,MIN,SLEW,FALL
147,"delay_template_5x5",399,MIN,SLEW,FALL
147,"delay_template_5x5",331,MIN,SLEW,FALL
147,"delay_template_5x5",177,MIN,SLEW,FALL
148,"delay_template_5x5",575,MAX,DELAY,RISE
149,"delay_template_5x5",575,MAX,DELAY,FALL
150,"delay_template_5x5",575,MAX,SLEW,RISE
151,"delay_template_5x5",575,MAX,SLEW,FALL
152,"delay_template_5x5",574,MAX,DELAY,RISE
153,"delay_template_5x5",574,MAX,DELAY,FALL
154,"delay_template_5x5",574,MAX,SLEW,RISE
155,"delay_template_5x5",574,MAX,SLEW,FALL
156,"delay_template_5x5",573,MAX,DELAY,RISE
157,"delay_template_5x5",573,MAX,DELAY,FALL
158,"delay_template_5x5",573,MAX,SLEW,RISE
159,"delay_template_5x5",573,MAX,SLEW,FALL
160,"delay_template_5x5",572,MAX,DELAY,RISE
161,"delay_template_5x5",572,MAX,DELAY,FALL
162,"delay_template_5x5",572,MAX,SLEW,RISE
163,"delay_template_5x5",572,MAX,SLEW,FALL
164,"delay_template_5x5",571,MIN,DELAY,RISE
165,"delay_template_5x5",571,MIN,DELAY,FALL
166,"delay_template_5x5",571,MIN,SLEW,RISE
167,"delay_template_5x5",571,MIN,SLEW,FALL
168,"delay_template_5x5",570,MIN,DELAY,RISE
169,"delay_template_5x5",570,MIN,DELAY,FALL
170,"delay_template_5x5",570,MIN,SLEW,RISE
171,"delay_template_5x5",570,MIN,SLEW,FALL
172,"delay_template_5x5",569,MIN,DELAY,RISE
173,"delay_template_5x5",569,MIN,DELAY,FALL
174,"delay_template_5x5",569,MIN,SLEW,RISE
175,"delay_template_5x5",569,MIN,SLEW,FALL
176,"delay_template_5x5",568,MIN,DELAY,RISE
177,"delay_template_5x5",568,MIN,DELAY,FALL
178,"delay_template_5x5",568,MIN,SLEW,RISE
179,"delay_template_5x5",568,MIN,SLEW,FALL
180,"delay_template_5x5",551,MAX,DELAY,RISE
180,"delay_template_5x5",48,MAX,DELAY,RISE
180,"delay_template_5x5",29,MAX,DELAY,RISE
180,"delay_template_5x5",25,MAX,DELAY,RISE
181,"delay_template_5x5",551,MAX,DELAY,FALL
181,"delay_template_5x5",48,MAX,DELAY,FALL
181,"delay_template_5x5",29,MAX,DELAY,FALL
181,"delay_template_5x5",25,MAX,DELAY,FALL
182,"delay_template_5x5",551,MAX,SLEW,RISE
182,"delay_template_5x5",48,MAX,SLEW,RISE
182,"delay_template_5x5",29,MAX,SLEW,RISE
182,"delay_template_5x5",25,MAX,SLEW,RISE
183,"delay_template_5x5",551,MAX,SLEW,FALL
183,"delay_template_5x5",48,MAX,SLEW,FALL
183,"delay_template_5x5",29,MAX,SLEW,FALL
183,"delay_template_5x5",25,MAX,SLEW,FALL
184,"delay_template_5x5",550,MAX,DELAY,RISE
184,"delay_template_5x5",47,MAX,DELAY,RISE
184,"delay_template_5x5",28,MAX,DELAY,RISE
184,"delay_template_5x5",24,MAX,DELAY,RISE
185,"delay_template_5x5",550,MAX,DELAY,FALL
185,"delay_template_5x5",47,MAX,DELAY,FALL
185,"delay_template_5x5",28,MAX,DELAY,FALL
185,"delay_template_5x5",24,MAX,DELAY,FALL
186,"delay_template_5x5",550,MAX,SLEW,RISE
186,"delay_template_5x5",47,MAX,SLEW,RISE
186,"delay_template_5x5",28,MAX,SLEW,RISE
186,"delay_template_5x5",24,MAX,SLEW,RISE
187,"delay_template_5x5",550,MAX,SLEW,FALL
187,"delay_template_5x5",47,MAX,SLEW,FALL
187,"delay_template_5x5",28,MAX,SLEW,FALL
187,"delay_template_5x5",24,MAX,SLEW,FALL
188,"delay_template_5x5",549,MIN,DELAY,RISE
188,"delay_template_5x5",46,MIN,DELAY,RISE
188,"delay_template_5x5",27,MIN,DELAY,RISE
188,"delay_template_5x5",23,MIN,DELAY,RISE
189,"delay_template_5x5",549,MIN,DELAY,FALL
189,"delay_template_5x5",46,MIN,DELAY,FALL
189,"delay_template_5x5",27,MIN,DELAY,FALL
189,"delay_template_5x5",23,MIN,DELAY,FALL
190,"delay_template_5x5",549,MIN,SLEW,RISE
190,"delay_template_5x5",46,MIN,SLEW,RISE
190,"delay_template_5x5",27,MIN,SLEW,RISE
190,"delay_template_5x5",23,MIN,SLEW,RISE
191,"delay_template_5x5",549,MIN,SLEW,FALL
191,"delay_template_5x5",46,MIN,SLEW,FALL
191,"delay_template_5x5",27,MIN,SLEW,FALL
191,"delay_template_5x5",23,MIN,SLEW,FALL
192,"delay_template_5x5",548,MIN,DELAY,RISE
192,"delay_template_5x5",45,MIN,DELAY,RISE
192,"delay_template_5x5",26,MIN,DELAY,RISE
192,"delay_template_5x5",22,MIN,DELAY,RISE
193,"delay_template_5x5",548,MIN,DELAY,FALL
193,"delay_template_5x5",45,MIN,DELAY,FALL
193,"delay_template_5x5",26,MIN,DELAY,FALL
193,"delay_template_5x5",22,MIN,DELAY,FALL
194,"delay_template_5x5",548,MIN,SLEW,RISE
194,"delay_template_5x5",45,MIN,SLEW,RISE
194,"delay_template_5x5",26,MIN,SLEW,RISE
194,"delay_template_5x5",22,MIN,SLEW,RISE
195,"delay_template_5x5",548,MIN,SLEW,FALL
195,"delay_template_5x5",45,MIN,SLEW,FALL
195,"delay_template_5x5",26,MIN,SLEW,FALL
195,"delay_template_5x5",22,MIN,SLEW,FALL
196,"delay_template_5x5",530,MAX,DELAY,RISE
197,"delay_template_5x5",530,MAX,DELAY,FALL
198,"delay_template_5x5",530,MAX,SLEW,RISE
199,"delay_template_5x5",530,MAX,SLEW,FALL
200,"delay_template_5x5",529,MAX,DELAY,RISE
201,"delay_template_5x5",529,MAX,DELAY,FALL
202,"delay_template_5x5",529,MAX,SLEW,RISE
203,"delay_template_5x5",529,MAX,SLEW,FALL
204,"delay_template_5x5",528,MAX,DELAY,RISE
205,"delay_template_5x5",528,MAX,DELAY,FALL
206,"delay_template_5x5",528,MAX,SLEW,RISE
207,"delay_template_5x5",528,MAX,SLEW,FALL
208,"delay_template_5x5",527,MIN,DELAY,RISE
209,"delay_template_5x5",527,MIN,DELAY,FALL
210,"delay_template_5x5",527,MIN,SLEW,RISE
211,"delay_template_5x5",527,MIN,SLEW,FALL
212,"delay_template_5x5",526,MIN,DELAY,RISE
213,"delay_template_5x5",526,MIN,DELAY,FALL
214,"delay_template_5x5",526,MIN,SLEW,RISE
215,"delay_template_5x5",526,MIN,SLEW,FALL
216,"delay_template_5x5",525,MIN,DELAY,RISE
217,"delay_template_5x5",525,MIN,DELAY,FALL
218,"delay_template_5x5",525,MIN,SLEW,RISE
219,"delay_template_5x5",525,MIN,SLEW,FALL
220,"delay_template_5x5",515,MAX,DELAY,RISE
220,"delay_template_5x5",415,MAX,DELAY,RISE
220,"delay_template_5x5",317,MAX,DELAY,RISE
220,"delay_template_5x5",188,MAX,DELAY,RISE
220,"delay_template_5x5",184,MAX,DELAY,RISE
221,"delay_template_5x5",515,MAX,DELAY,FALL
221,"delay_template_5x5",415,MAX,DELAY,FALL
221,"delay_template_5x5",317,MAX,DELAY,FALL
221,"delay_template_5x5",188,MAX,DELAY,FALL
221,"delay_template_5x5",184,MAX,DELAY,FALL
222,"delay_template_5x5",515,MAX,SLEW,RISE
222,"delay_template_5x5",415,MAX,SLEW,RISE
222,"delay_template_5x5",317,MAX,SLEW,RISE
222,"delay_template_5x5",188,MAX,SLEW,RISE
222,"delay_template_5x5",184,MAX,SLEW,RISE
223,"delay_template_5x5",515,MAX,SLEW,FALL
223,"delay_template_5x5",415,MAX,SLEW,FALL
223,"delay_template_5x5",317,MAX,SLEW,FALL
223,"delay_template_5x5",188,MAX,SLEW,FALL
223,"delay_template_5x5",184,MAX,SLEW,FALL
224,"delay_template_5x5",514,MAX,DELAY,RISE
224,"delay_template_5x5",414,MAX,DELAY,RISE
224,"delay_template_5x5",316,MAX,DELAY,RISE
224,"delay_template_5x5",187,MAX,DELAY,RISE
224,"delay_template_5x5",183,MAX,DELAY,RISE
225,"delay_template_5x5",514,MAX,DELAY,FALL
225,"delay_template_5x5",414,MAX,DELAY,FALL
225,"delay_template_5x5",316,MAX,DELAY,FALL
225,"delay_template_5x5",187,MAX,DELAY,FALL
225,"delay_template_5x5",183,MAX,DELAY,FALL
226,"delay_template_5x5",514,MAX,SLEW,RISE
226,"delay_template_5x5",414,MAX,SLEW,RISE
226,"delay_template_5x5",316,MAX,SLEW,RISE
226,"delay_template_5x5",187,MAX,SLEW,RISE
226,"delay_template_5x5",183,MAX,SLEW,RISE
227,"delay_template_5x5",514,MAX,SLEW,FALL
227,"delay_template_5x5",414,MAX,SLEW,FALL
227,"delay_template_5x5",316,MAX,SLEW,FALL
227,"delay_template_5x5",187,MAX,SLEW,FALL
227,"delay_template_5x5",183,MAX,SLEW,FALL
228,"delay_template_5x5",513,MIN,DELAY,RISE
228,"delay_template_5x5",413,MIN,DELAY,RISE
228,"delay_template_5x5",315,MIN,DELAY,RISE
228,"delay_template_5x5",186,MIN,DELAY,RISE
228,"delay_template_5x5",182,MIN,DELAY,RISE
229,"delay_template_5x5",513,MIN,DELAY,FALL
229,"delay_template_5x5",413,MIN,DELAY,FALL
229,"delay_template_5x5",315,MIN,DELAY,FALL
229,"delay_template_5x5",186,MIN,DELAY,FALL
229,"delay_template_5x5",182,MIN,DELAY,FALL
230,"delay_template_5x5",513,MIN,SLEW,RISE
230,"delay_template_5x5",413,MIN,SLEW,RISE
230,"delay_template_5x5",315,MIN,SLEW,RISE
230,"delay_template_5x5",186,MIN,SLEW,RISE
230,"delay_template_5x5",182,MIN,SLEW,RISE
231,"delay_template_5x5",513,MIN,SLEW,FALL
231,"delay_template_5x5",413,MIN,SLEW,FALL
231,"delay_template_5x5",315,MIN,SLEW,FALL
231,"delay_template_5x5",186,MIN,SLEW,FALL
231,"delay_template_5x5",182,MIN,SLEW,FALL
232,"delay_template_5x5",512,MIN,DELAY,RISE
232,"delay_template_5x5",412,MIN,DELAY,RISE
232,"delay_template_5x5",314,MIN,DELAY,RISE
232,"delay_template_5x5",185,MIN,DELAY,RISE
232,"delay_template_5x5",181,MIN,DELAY,RISE
233,"delay_template_5x5",512,MIN,DELAY,FALL
233,"delay_template_5x5",412,MIN,DELAY,FALL
233,"delay_template_5x5",314,MIN,DELAY,FALL
233,"delay_template_5x5",185,MIN,DELAY,FALL
233,"delay_template_5x5",181,MIN,DELAY,FALL
234,"delay_template_5x5",512,MIN,SLEW,RISE
234,"delay_template_5x5",412,MIN,SLEW,RISE
234,"delay_template_5x5",314,MIN,SLEW,RISE
234,"delay_template_5x5",185,MIN,SLEW,RISE
234,"delay_template_5x5",181,MIN,SLEW,RISE
235,"delay_template_5x5",512,MIN,SLEW,FALL
235,"delay_template_5x5",412,MIN,SLEW,FALL
235,"delay_template_5x5",314,MIN,SLEW,FALL
235,"delay_template_5x5",185,MIN,SLEW,FALL
235,"delay_template_5x5",181,MIN,SLEW,FALL
236,"delay_template_5x5",499,MAX,DELAY,RISE
236,"delay_template_5x5",375,MAX,DELAY,RISE
236,"delay_template_5x5",203,MAX,DELAY,RISE
237,"delay_template_5x5",499,MAX,DELAY,FALL
237,"delay_template_5x5",375,MAX,DELAY,FALL
237,"delay_template_5x5",203,MAX,DELAY,FALL
238,"delay_template_5x5",499,MAX,SLEW,RISE
238,"delay_template_5x5",375,MAX,SLEW,RISE
238,"delay_template_5x5",203,MAX,SLEW,RISE
239,"delay_template_5x5",499,MAX,SLEW,FALL
239,"delay_template_5x5",375,MAX,SLEW,FALL
239,"delay_template_5x5",203,MAX,SLEW,FALL
240,"delay_template_5x5",498,MAX,DELAY,RISE
240,"delay_template_5x5",374,MAX,DELAY,RISE
240,"delay_template_5x5",202,MAX,DELAY,RISE
241,"delay_template_5x5",498,MAX,DELAY,FALL
241,"delay_template_5x5",374,MAX,DELAY,FALL
241,"delay_template_5x5",202,MAX,DELAY,FALL
242,"delay_template_5x5",498,MAX,SLEW,RISE
242,"delay_template_5x5",374,MAX,SLEW,RISE
242,"delay_template_5x5",202,MAX,SLEW,RISE
243,"delay_template_5x5",498,MAX,SLEW,FALL
243,"delay_template_5x5",374,MAX,SLEW,FALL
243,"delay_template_5x5",202,MAX,SLEW,FALL
244,"delay_template_5x5",497,MAX,DELAY,RISE
244,"delay_template_5x5",373,MAX,DELAY,RISE
244,"delay_template_5x5",201,MAX,DELAY,RISE
245,"delay_template_5x5",497,MAX,DELAY,FALL
245,"delay_template_5x5",373,MAX,DELAY,FALL
245,"delay_template_5x5",201,MAX,DELAY,FALL
246,"delay_template_5x5",497,MAX,SLEW,RISE
246,"delay_template_5x5",373,MAX,SLEW,RISE
246,"delay_template_5x5",201,MAX,SLEW,RISE
247,"delay_template_5x5",497,MAX,SLEW,FALL
247,"delay_template_5x5",373,MAX,SLEW,FALL
247,"delay_template_5x5",201,MAX,SLEW,FALL
248,"delay_template_5x5",496,MIN,DELAY,RISE
248,"delay_template_5x5",372,MIN,DELAY,RISE
248,"delay_template_5x5",200,MIN,DELAY,RISE
249,"delay_template_5x5",496,MIN,DELAY,FALL
249,"delay_template_5x5",372,MIN,DELAY,FALL
249,"delay_template_5x5",200,MIN,DELAY,FALL
250,"delay_template_5x5",496,MIN,SLEW,RISE
250,"delay_template_5x5",372,MIN,SLEW,RISE
250,"delay_template_5x5",200,MIN,SLEW,RISE
251,"delay_template_5x5",496,MIN,SLEW,FALL
251,"delay_template_5x5",372,MIN,SLEW,FALL
251,"delay_template_5x5",200,MIN,SLEW,FALL
252,"delay_template_5x5",495,MIN,DELAY,RISE
252,"delay_template_5x5",371,MIN,DELAY,RISE
252,"delay_template_5x5",199,MIN,DELAY,RISE
253,"delay_template_5x5",495,MIN,DELAY,FALL
253,"delay_template_5x5",371,MIN,DELAY,FALL
253,"delay_template_5x5",199,MIN,DELAY,FALL
254,"delay_template_5x5",495,MIN,SLEW,RISE
254,"delay_template_5x5",371,MIN,SLEW,RISE
254,"delay_template_5x5",199,MIN,SLEW,RISE
255,"delay_template_5x5",495,MIN,SLEW,FALL
255,"delay_template_5x5",371,MIN,SLEW,FALL
255,"delay_template_5x5",199,MIN,SLEW,FALL
256,"delay_template_5x5",494,MIN,DELAY,RISE
256,"delay_template_5x5",370,MIN,DELAY,RISE
256,"delay_template_5x5",198,MIN,DELAY,RISE
257,"delay_template_5x5",494,MIN,DELAY,FALL
257,"delay_template_5x5",370,MIN,DELAY,FALL
257,"delay_template_5x5",198,MIN,DELAY,FALL
258,"delay_template_5x5",494,MIN,SLEW,RISE
258,"delay_template_5x5",370,MIN,SLEW,RISE
258,"delay_template_5x5",198,MIN,SLEW,RISE
259,"delay_template_5x5",494,MIN,SLEW,FALL
259,"delay_template_5x5",370,MIN,SLEW,FALL
259,"delay_template_5x5",198,MIN,SLEW,FALL
260,"delay_template_5x5",473,MAX,DELAY,RISE
260,"delay_template_5x5",455,MAX,DELAY,RISE
260,"delay_template_5x5",423,MAX,DELAY,RISE
260,"delay_template_5x5",396,MAX,DELAY,RISE
260,"delay_template_5x5",387,MAX,DELAY,RISE
260,"delay_template_5x5",83,MAX,DELAY,RISE
261,"delay_template_5x5",473,MAX,DELAY,FALL
261,"delay_template_5x5",455,MAX,DELAY,FALL
261,"delay_template_5x5",423,MAX,DELAY,FALL
261,"delay_template_5x5",396,MAX,DELAY,FALL
261,"delay_template_5x5",387,MAX,DELAY,FALL
261,"delay_template_5x5",83,MAX,DELAY,FALL
262,"delay_template_5x5",473,MAX,SLEW,RISE
262,"delay_template_5x5",455,MAX,SLEW,RISE
262,"delay_template_5x5",423,MAX,SLEW,RISE
262,"delay_template_5x5",396,MAX,SLEW,RISE
262,"delay_template_5x5",387,MAX,SLEW,RISE
262,"delay_template_5x5",83,MAX,SLEW,RISE
263,"delay_template_5x5",473,MAX,SLEW,FALL
263,"delay_template_5x5",455,MAX,SLEW,FALL
263,"delay_template_5x5",423,MAX,SLEW,FALL
263,"delay_template_5x5",396,MAX,SLEW,FALL
263,"delay_template_5x5",387,MAX,SLEW,FALL
263,"delay_template_5x5",83,MAX,SLEW,FALL
264,"delay_template_5x5",472,MAX,DELAY,RISE
264,"delay_template_5x5",454,MAX,DELAY,RISE
264,"delay_template_5x5",422,MAX,DELAY,RISE
264,"delay_template_5x5",395,MAX,DELAY,RISE
264,"delay_template_5x5",386,MAX,DELAY,RISE
264,"delay_template_5x5",82,MAX,DELAY,RISE
265,"delay_template_5x5",472,MAX,DELAY,FALL
265,"delay_template_5x5",454,MAX,DELAY,FALL
265,"delay_template_5x5",422,MAX,DELAY,FALL
265,"delay_template_5x5",395,MAX,DELAY,FALL
265,"delay_template_5x5",386,MAX,DELAY,FALL
265,"delay_template_5x5",82,MAX,DELAY,FALL
266,"delay_template_5x5",472,MAX,SLEW,RISE
266,"delay_template_5x5",454,MAX,SLEW,RISE
266,"delay_template_5x5",422,MAX,SLEW,RISE
266,"delay_template_5x5",395,MAX,SLEW,RISE
266,"delay_template_5x5",386,MAX,SLEW,RISE
266,"delay_template_5x5",82,MAX,SLEW,RISE
267,"delay_template_5x5",472,MAX,SLEW,FALL
267,"delay_template_5x5",454,MAX,SLEW,FALL
267,"delay_template_5x5",422,MAX,SLEW,FALL
267,"delay_template_5x5",395,MAX,SLEW,FALL
267,"delay_template_5x5",386,MAX,SLEW,FALL
267,"delay_template_5x5",82,MAX,SLEW,FALL
268,"delay_template_5x5",471,MAX,DELAY,RISE
268,"delay_template_5x5",453,MAX,DELAY,RISE
268,"delay_template_5x5",421,MAX,DELAY,RISE
268,"delay_template_5x5",394,MAX,DELAY,RISE
268,"delay_template_5x5",385,MAX,DELAY,RISE
268,"delay_template_5x5",81,MAX,DELAY,RISE
269,"delay_template_5x5",471,MAX,DELAY,FALL
269,"delay_template_5x5",453,MAX,DELAY,FALL
269,"delay_template_5x5",421,MAX,DELAY,FALL
269,"delay_template_5x5",394,MAX,DELAY,FALL
269,"delay_template_5x5",385,MAX,DELAY,FALL
269,"delay_template_5x5",81,MAX,DELAY,FALL
270,"delay_template_5x5",471,MAX,SLEW,RISE
270,"delay_template_5x5",453,MAX,SLEW,RISE
270,"delay_template_5x5",421,MAX,SLEW,RISE
270,"delay_template_5x5",394,MAX,SLEW,RISE
270,"delay_template_5x5",385,MAX,SLEW,RISE
270,"delay_template_5x5",81,MAX,SLEW,RISE
271,"delay_template_5x5",471,MAX,SLEW,FALL
271,"delay_template_5x5",453,MAX,SLEW,FALL
271,"delay_template_5x5",421,MAX,SLEW,FALL
271,"delay_template_5x5",394,MAX,SLEW,FALL
271,"delay_template_5x5",385,MAX,SLEW,FALL
271,"delay_template_5x5",81,MAX,SLEW,FALL
272,"delay_template_5x5",470,MIN,DELAY,RISE
272,"delay_template_5x5",452,MIN,DELAY,RISE
272,"delay_template_5x5",420,MIN,DELAY,RISE
272,"delay_template_5x5",393,MIN,DELAY,RISE
272,"delay_template_5x5",384,MIN,DELAY,RISE
272,"delay_template_5x5",80,MIN,DELAY,RISE
273,"delay_template_5x5",470,MIN,DELAY,FALL
273,"delay_template_5x5",452,MIN,DELAY,FALL
273,"delay_template_5x5",420,MIN,DELAY,FALL
273,"delay_template_5x5",393,MIN,DELAY,FALL
273,"delay_template_5x5",384,MIN,DELAY,FALL
273,"delay_template_5x5",80,MIN,DELAY,FALL
274,"delay_template_5x5",470,MIN,SLEW,RISE
274,"delay_template_5x5",452,MIN,SLEW,RISE
274,"delay_template_5x5",420,MIN,SLEW,RISE
274,"delay_template_5x5",393,MIN,SLEW,RISE
274,"delay_template_5x5",384,MIN,SLEW,RISE
274,"delay_template_5x5",80,MIN,SLEW,RISE
275,"delay_template_5x5",470,MIN,SLEW,FALL
275,"delay_template_5x5",452,MIN,SLEW,FALL
275,"delay_template_5x5",420,MIN,SLEW,FALL
275,"delay_template_5x5",393,MIN,SLEW,FALL
275,"delay_template_5x5",384,MIN,SLEW,FALL
275,"delay_template_5x5",80,MIN,SLEW,FALL
276,"delay_template_5x5",469,MIN,DELAY,RISE
276,"delay_template_5x5",451,MIN,DELAY,RISE
276,"delay_template_5x5",419,MIN,DELAY,RISE
276,"delay_template_5x5",392,MIN,DELAY,RISE
276,"delay_template_5x5",383,MIN,DELAY,RISE
276,"delay_template_5x5",79,MIN,DELAY,RISE
277,"delay_template_5x5",469,MIN,DELAY,FALL
277,"delay_template_5x5",451,MIN,DELAY,FALL
277,"delay_template_5x5",419,MIN,DELAY,FALL
277,"delay_template_5x5",392,MIN,DELAY,FALL
277,"delay_template_5x5",383,MIN,DELAY,FALL
277,"delay_template_5x5",79,MIN,DELAY,FALL
278,"delay_template_5x5",469,MIN,SLEW,RISE
278,"delay_template_5x5",451,MIN,SLEW,RISE
278,"delay_template_5x5",419,MIN,SLEW,RISE
278,"delay_template_5x5",392,MIN,SLEW,RISE
278,"delay_template_5x5",383,MIN,SLEW,RISE
278,"delay_template_5x5",79,MIN,SLEW,RISE
279,"delay_template_5x5",469,MIN,SLEW,FALL
279,"delay_template_5x5",451,MIN,SLEW,FALL
279,"delay_template_5x5",419,MIN,SLEW,FALL
279,"delay_template_5x5",392,MIN,SLEW,FALL
279,"delay_template_5x5",383,MIN,SLEW,FALL
279,"delay_template_5x5",79,MIN,SLEW,FALL
280,"delay_template_5x5",468,MIN,DELAY,RISE
280,"delay_template_5x5",450,MIN,DELAY,RISE
280,"delay_template_5x5",418,MIN,DELAY,RISE
280,"delay_template_5x5",391,MIN,DELAY,RISE
280,"delay_template_5x5",382,MIN,DELAY,RISE
280,"delay_template_5x5",78,MIN,DELAY,RISE
281,"delay_template_5x5",468,MIN,DELAY,FALL
281,"delay_template_5x5",450,MIN,DELAY,FALL
281,"delay_template_5x5",418,MIN,DELAY,FALL
281,"delay_template_5x5",391,MIN,DELAY,FALL
281,"delay_template_5x5",382,MIN,DELAY,FALL
281,"delay_template_5x5",78,MIN,DELAY,FALL
282,"delay_template_5x5",468,MIN,SLEW,RISE
282,"delay_template_5x5",450,MIN,SLEW,RISE
282,"delay_template_5x5",418,MIN,SLEW,RISE
282,"delay_template_5x5",391,MIN,SLEW,RISE
282,"delay_template_5x5",382,MIN,SLEW,RISE
282,"delay_template_5x5",78,MIN,SLEW,RISE
283,"delay_template_5x5",468,MIN,SLEW,FALL
283,"delay_template_5x5",450,MIN,SLEW,FALL
283,"delay_template_5x5",418,MIN,SLEW,FALL
283,"delay_template_5x5",391,MIN,SLEW,FALL
283,"delay_template_5x5",382,MIN,SLEW,FALL
283,"delay_template_5x5",78,MIN,SLEW,FALL
284,"delay_template_5x5",446,MAX,DELAY,RISE
285,"delay_template_5x5",446,MAX,DELAY,FALL
286,"delay_template_5x5",446,MAX,SLEW,RISE
287,"delay_template_5x5",446,MAX,SLEW,FALL
288,"delay_template_5x5",445,MAX,DELAY,RISE
289,"delay_template_5x5",445,MAX,DELAY,FALL
290,"delay_template_5x5",445,MAX,SLEW,RISE
291,"delay_template_5x5",445,MAX,SLEW,FALL
292,"delay_template_5x5",444,MAX,DELAY,RISE
293,"delay_template_5x5",444,MAX,DELAY,FALL
294,"delay_template_5x5",444,MAX,SLEW,RISE
295,"delay_template_5x5",444,MAX,SLEW,FALL
296,"delay_template_5x5",443,MAX,DELAY,RISE
297,"delay_template_5x5",443,MAX,DELAY,FALL
298,"delay_template_5x5",443,MAX,SLEW,RISE
299,"delay_template_5x5",443,MAX,SLEW,FALL
300,"delay_template_5x5",442,MIN,DELAY,RISE
301,"delay_template_5x5",442,MIN,DELAY,FALL
302,"delay_template_5x5",442,MIN,SLEW,RISE
303,"delay_template_5x5",442,MIN,SLEW,FALL
304,"delay_template_5x5",441,MIN,DELAY,RISE
305,"delay_template_5x5",441,MIN,DELAY,FALL
306,"delay_template_5x5",441,MIN,SLEW,RISE
307,"delay_template_5x5",441,MIN,SLEW,FALL
308,"delay_template_5x5",440,MIN,DELAY,RISE
309,"delay_template_5x5",440,MIN,DELAY,FALL
310,"delay_template_5x5",440,MIN,SLEW,RISE
311,"delay_template_5x5",440,MIN,SLEW,FALL
312,"delay_template_5x5",439,MIN,DELAY,RISE
313,"delay_template_5x5",439,MIN,DELAY,FALL
314,"delay_template_5x5",439,MIN,SLEW,RISE
315,"delay_template_5x5",439,MIN,SLEW,FALL
