kind,id,name,from,to,split,input_transition,output_transition,entry,value
"net_delay","1574","","clock","_365_:CLK","MIN","RISE","RISE","",0
"net_delay","1574","","clock","_365_:CLK","MIN","FALL","FALL","",0
"net_delay","1574","","clock","_365_:CLK","MAX","RISE","RISE","",0
"net_delay","1574","","clock","_365_:CLK","MAX","FALL","FALL","",0
"net_delay","1573","","start","_365_:D","MIN","RISE","RISE","",0
"net_delay","1573","","start","_365_:D","MIN","FALL","FALL","",0
"net_delay","1573","","start","_365_:D","MAX","RISE","RISE","",0
"net_delay","1573","","start","_365_:D","MAX","FALL","FALL","",0
"net_delay","1572","","_365_:Q","_184_:A","MIN","RISE","RISE","",0
"net_delay","1572","","_365_:Q","_184_:A","MIN","FALL","FALL","",0
"net_delay","1572","","_365_:Q","_184_:A","MAX","RISE","RISE","",0
"net_delay","1572","","_365_:Q","_184_:A","MAX","FALL","FALL","",0
"net_delay","1571","","_167_:Y","_365_:R","MIN","RISE","RISE","",0
"net_delay","1571","","_167_:Y","_365_:R","MIN","FALL","FALL","",0
"net_delay","1571","","_167_:Y","_365_:R","MAX","RISE","RISE","",0
"net_delay","1571","","_167_:Y","_365_:R","MAX","FALL","FALL","",0
"cell_delay","1566","","_365_:R","_365_:Q","MAX","RISE","RISE","",0
"cell_delay","1566","","_365_:R","_365_:Q","MAX","FALL","FALL","",0
"cell_delay","1565","","_365_:CLK","_365_:Q","MAX","RISE","RISE","",0
"cell_delay","1565","","_365_:CLK","_365_:Q","MAX","RISE","FALL","",0
"cell_delay","1557","","_365_:R","_365_:Q","MIN","RISE","RISE","",0
"cell_delay","1557","","_365_:R","_365_:Q","MIN","FALL","FALL","",0
"cell_delay","1556","","_365_:CLK","_365_:Q","MIN","RISE","RISE","",0
"cell_delay","1556","","_365_:CLK","_365_:Q","MIN","RISE","FALL","",0
"net_delay","1553","","clock","_364_:CLK","MIN","RISE","RISE","",0
"net_delay","1553","","clock","_364_:CLK","MIN","FALL","FALL","",0
"net_delay","1553","","clock","_364_:CLK","MAX","RISE","RISE","",0
"net_delay","1553","","clock","_364_:CLK","MAX","FALL","FALL","",0
"net_delay","1552","","_227_:Y","_364_:D","MIN","RISE","RISE","",0
"net_delay","1552","","_227_:Y","_364_:D","MIN","FALL","FALL","",0
"net_delay","1552","","_227_:Y","_364_:D","MAX","RISE","RISE","",0
"net_delay","1552","","_227_:Y","_364_:D","MAX","FALL","FALL","",0
"net_delay","1551","","_364_:Q","_333_:A","MIN","RISE","RISE","",0
"net_delay","1551","","_364_:Q","_333_:A","MIN","FALL","FALL","",0
"net_delay","1551","","_364_:Q","_333_:A","MAX","RISE","RISE","",-6.0796023957302196e-20
"net_delay","1551","","_364_:Q","_333_:A","MAX","FALL","FALL","",0
"net_delay","1550","","_364_:Q","_225_:B","MIN","RISE","RISE","",0
"net_delay","1550","","_364_:Q","_225_:B","MIN","FALL","FALL","",0
"net_delay","1550","","_364_:Q","_225_:B","MAX","RISE","RISE","",0
"net_delay","1550","","_364_:Q","_225_:B","MAX","FALL","FALL","",0
"net_delay","1549","","_364_:Q","_205_:B","MIN","RISE","RISE","",0
"net_delay","1549","","_364_:Q","_205_:B","MIN","FALL","FALL","",0
"net_delay","1549","","_364_:Q","_205_:B","MAX","RISE","RISE","",0
"net_delay","1549","","_364_:Q","_205_:B","MAX","FALL","FALL","",0
"net_delay","1548","","_364_:Q","_201_:B","MIN","RISE","RISE","",0
"net_delay","1548","","_364_:Q","_201_:B","MIN","FALL","FALL","",0
"net_delay","1548","","_364_:Q","_201_:B","MAX","RISE","RISE","",0
"net_delay","1548","","_364_:Q","_201_:B","MAX","FALL","FALL","",0
"net_delay","1547","","_307_:Y","_364_:R","MIN","RISE","RISE","",0
"net_delay","1547","","_307_:Y","_364_:R","MIN","FALL","FALL","",0
"net_delay","1547","","_307_:Y","_364_:R","MAX","RISE","RISE","",-6.0796023957302196e-20
"net_delay","1547","","_307_:Y","_364_:R","MAX","FALL","FALL","",0
"cell_delay","1542","","_364_:R","_364_:Q","MAX","RISE","RISE","",-6.0796023957302196e-20
"cell_delay","1542","","_364_:R","_364_:Q","MAX","FALL","FALL","",0
"cell_delay","1541","","_364_:CLK","_364_:Q","MAX","RISE","RISE","",0
"cell_delay","1541","","_364_:CLK","_364_:Q","MAX","RISE","FALL","",0
"cell_delay","1533","","_364_:R","_364_:Q","MIN","RISE","RISE","",0
"cell_delay","1533","","_364_:R","_364_:Q","MIN","FALL","FALL","",0
"cell_delay","1532","","_364_:CLK","_364_:Q","MIN","RISE","RISE","",0
"cell_delay","1532","","_364_:CLK","_364_:Q","MIN","RISE","FALL","",0
"net_delay","1529","","clock","_363_:CLK","MIN","RISE","RISE","",0
"net_delay","1529","","clock","_363_:CLK","MIN","FALL","FALL","",0
"net_delay","1529","","clock","_363_:CLK","MAX","RISE","RISE","",0
"net_delay","1529","","clock","_363_:CLK","MAX","FALL","FALL","",0
"net_delay","1528","","_224_:Y","_363_:D","MIN","RISE","RISE","",0
"net_delay","1528","","_224_:Y","_363_:D","MIN","FALL","FALL","",0
"net_delay","1528","","_224_:Y","_363_:D","MAX","RISE","RISE","",0
"net_delay","1528","","_224_:Y","_363_:D","MAX","FALL","FALL","",0
"net_delay","1527","","_363_:Q","_332_:A","MIN","RISE","RISE","",0
"net_delay","1527","","_363_:Q","_332_:A","MIN","FALL","FALL","",0
"net_delay","1527","","_363_:Q","_332_:A","MAX","RISE","RISE","",-7.4020606418325336e-33
"net_delay","1527","","_363_:Q","_332_:A","MAX","FALL","FALL","",0
"net_delay","1526","","_363_:Q","_226_:B","MIN","RISE","RISE","",0
"net_delay","1526","","_363_:Q","_226_:B","MIN","FALL","FALL","",0
"net_delay","1526","","_363_:Q","_226_:B","MAX","RISE","RISE","",0
"net_delay","1526","","_363_:Q","_226_:B","MAX","FALL","FALL","",0
"net_delay","1525","","_363_:Q","_222_:B","MIN","RISE","RISE","",0
"net_delay","1525","","_363_:Q","_222_:B","MIN","FALL","FALL","",0
"net_delay","1525","","_363_:Q","_222_:B","MAX","RISE","RISE","",0
"net_delay","1525","","_363_:Q","_222_:B","MAX","FALL","FALL","",0
"net_delay","1524","","_363_:Q","_199_:B","MIN","RISE","RISE","",0
"net_delay","1524","","_363_:Q","_199_:B","MIN","FALL","FALL","",0
"net_delay","1524","","_363_:Q","_199_:B","MAX","RISE","RISE","",0
"net_delay","1524","","_363_:Q","_199_:B","MAX","FALL","FALL","",0
"net_delay","1523","","_306_:Y","_363_:R","MIN","RISE","RISE","",0
"net_delay","1523","","_306_:Y","_363_:R","MIN","FALL","FALL","",0
"net_delay","1523","","_306_:Y","_363_:R","MAX","RISE","RISE","",-7.4020606418325336e-33
"net_delay","1523","","_306_:Y","_363_:R","MAX","FALL","FALL","",0
"cell_delay","1518","","_363_:R","_363_:Q","MAX","RISE","RISE","",-7.4020606418325336e-33
"cell_delay","1518","","_363_:R","_363_:Q","MAX","FALL","FALL","",0
"cell_delay","1517","","_363_:CLK","_363_:Q","MAX","RISE","RISE","",0
"cell_delay","1517","","_363_:CLK","_363_:Q","MAX","RISE","FALL","",0
"cell_delay","1509","","_363_:R","_363_:Q","MIN","RISE","RISE","",0
"cell_delay","1509","","_363_:R","_363_:Q","MIN","FALL","FALL","",0
"cell_delay","1508","","_363_:CLK","_363_:Q","MIN","RISE","RISE","",0
"cell_delay","1508","","_363_:CLK","_363_:Q","MIN","RISE","FALL","",0
"net_delay","1505","","clock","_362_:CLK","MIN","RISE","RISE","",0
"net_delay","1505","","clock","_362_:CLK","MIN","FALL","FALL","",0
"net_delay","1505","","clock","_362_:CLK","MAX","RISE","RISE","",0
"net_delay","1505","","clock","_362_:CLK","MAX","FALL","FALL","",0
"net_delay","1504","","_221_:Y","_362_:D","MIN","RISE","RISE","",0
"net_delay","1504","","_221_:Y","_362_:D","MIN","FALL","FALL","",0
"net_delay","1504","","_221_:Y","_362_:D","MAX","RISE","RISE","",0
"net_delay","1504","","_221_:Y","_362_:D","MAX","FALL","FALL","",0
"net_delay","1503","","_362_:Q","_331_:A","MIN","RISE","RISE","",0
"net_delay","1503","","_362_:Q","_331_:A","MIN","FALL","FALL","",0
"net_delay","1503","","_362_:Q","_331_:A","MAX","RISE","RISE","",-7.2116945678507889e-06
"net_delay","1503","","_362_:Q","_331_:A","MAX","FALL","FALL","",0
"net_delay","1502","","_362_:Q","_223_:B","MIN","RISE","RISE","",0
"net_delay","1502","","_362_:Q","_223_:B","MIN","FALL","FALL","",0
"net_delay","1502","","_362_:Q","_223_:B","MAX","RISE","RISE","",0
"net_delay","1502","","_362_:Q","_223_:B","MAX","FALL","FALL","",0
"net_delay","1501","","_362_:Q","_219_:B","MIN","RISE","RISE","",0
"net_delay","1501","","_362_:Q","_219_:B","MIN","FALL","FALL","",0
"net_delay","1501","","_362_:Q","_219_:B","MAX","RISE","RISE","",0
"net_delay","1501","","_362_:Q","_219_:B","MAX","FALL","FALL","",0
"net_delay","1500","","_362_:Q","_205_:A","MIN","RISE","RISE","",0
"net_delay","1500","","_362_:Q","_205_:A","MIN","FALL","FALL","",0
"net_delay","1500","","_362_:Q","_205_:A","MAX","RISE","RISE","",0
"net_delay","1500","","_362_:Q","_205_:A","MAX","FALL","FALL","",0
"net_delay","1499","","_362_:Q","_197_:B","MIN","RISE","RISE","",0
"net_delay","1499","","_362_:Q","_197_:B","MIN","FALL","FALL","",0
"net_delay","1499","","_362_:Q","_197_:B","MAX","RISE","RISE","",0
"net_delay","1499","","_362_:Q","_197_:B","MAX","FALL","FALL","",0
"net_delay","1498","","_305_:Y","_362_:R","MIN","RISE","RISE","",0
"net_delay","1498","","_305_:Y","_362_:R","MIN","FALL","FALL","",0
"net_delay","1498","","_305_:Y","_362_:R","MAX","RISE","RISE","",-7.2116945678507889e-06
"net_delay","1498","","_305_:Y","_362_:R","MAX","FALL","FALL","",0
"cell_delay","1493","","_362_:R","_362_:Q","MAX","RISE","RISE","",-7.2116945678507889e-06
"cell_delay","1493","","_362_:R","_362_:Q","MAX","FALL","FALL","",0
"cell_delay","1492","","_362_:CLK","_362_:Q","MAX","RISE","RISE","",0
"cell_delay","1492","","_362_:CLK","_362_:Q","MAX","RISE","FALL","",0
"cell_delay","1484","","_362_:R","_362_:Q","MIN","RISE","RISE","",0
"cell_delay","1484","","_362_:R","_362_:Q","MIN","FALL","FALL","",0
"cell_delay","1483","","_362_:CLK","_362_:Q","MIN","RISE","RISE","",0
"cell_delay","1483","","_362_:CLK","_362_:Q","MIN","RISE","FALL","",0
"net_delay","1480","","clock","_361_:CLK","MIN","RISE","RISE","",0
"net_delay","1480","","clock","_361_:CLK","MIN","FALL","FALL","",0
"net_delay","1480","","clock","_361_:CLK","MAX","RISE","RISE","",0
"net_delay","1480","","clock","_361_:CLK","MAX","FALL","FALL","",0
"net_delay","1479","","_218_:Y","_361_:D","MIN","RISE","RISE","",0
"net_delay","1479","","_218_:Y","_361_:D","MIN","FALL","FALL","",0
"net_delay","1479","","_218_:Y","_361_:D","MAX","RISE","RISE","",0
"net_delay","1479","","_218_:Y","_361_:D","MAX","FALL","FALL","",0
"net_delay","1478","","_361_:Q","_330_:A","MIN","RISE","RISE","",0
"net_delay","1478","","_361_:Q","_330_:A","MIN","FALL","FALL","",0
"net_delay","1478","","_361_:Q","_330_:A","MAX","RISE","RISE","",-0.99998552841473698
"net_delay","1478","","_361_:Q","_330_:A","MAX","FALL","FALL","",0
"net_delay","1477","","_361_:Q","_220_:B","MIN","RISE","RISE","",0
"net_delay","1477","","_361_:Q","_220_:B","MIN","FALL","FALL","",0
"net_delay","1477","","_361_:Q","_220_:B","MAX","RISE","RISE","",0
"net_delay","1477","","_361_:Q","_220_:B","MAX","FALL","FALL","",0
"net_delay","1476","","_361_:Q","_216_:B","MIN","RISE","RISE","",0
"net_delay","1476","","_361_:Q","_216_:B","MIN","FALL","FALL","",0
"net_delay","1476","","_361_:Q","_216_:B","MAX","RISE","RISE","",0
"net_delay","1476","","_361_:Q","_216_:B","MAX","FALL","FALL","",0
"net_delay","1475","","_361_:Q","_206_:B","MIN","RISE","RISE","",0
"net_delay","1475","","_361_:Q","_206_:B","MIN","FALL","FALL","",0
"net_delay","1475","","_361_:Q","_206_:B","MAX","RISE","RISE","",0
"net_delay","1475","","_361_:Q","_206_:B","MAX","FALL","FALL","",0
"net_delay","1474","","_361_:Q","_195_:B","MIN","RISE","RISE","",0
"net_delay","1474","","_361_:Q","_195_:B","MIN","FALL","FALL","",0
"net_delay","1474","","_361_:Q","_195_:B","MAX","RISE","RISE","",0
"net_delay","1474","","_361_:Q","_195_:B","MAX","FALL","FALL","",0
"net_delay","1473","","_304_:Y","_361_:R","MIN","RISE","RISE","",0
"net_delay","1473","","_304_:Y","_361_:R","MIN","FALL","FALL","",0
"net_delay","1473","","_304_:Y","_361_:R","MAX","RISE","RISE","",-0.99998552841473698
"net_delay","1473","","_304_:Y","_361_:R","MAX","FALL","FALL","",0
"cell_delay","1468","","_361_:R","_361_:Q","MAX","RISE","RISE","",-0.99998552841473698
"cell_delay","1468","","_361_:R","_361_:Q","MAX","FALL","FALL","",0
"cell_delay","1467","","_361_:CLK","_361_:Q","MAX","RISE","RISE","",0
"cell_delay","1467","","_361_:CLK","_361_:Q","MAX","RISE","FALL","",0
"cell_delay","1459","","_361_:R","_361_:Q","MIN","RISE","RISE","",0
"cell_delay","1459","","_361_:R","_361_:Q","MIN","FALL","FALL","",0
"cell_delay","1458","","_361_:CLK","_361_:Q","MIN","RISE","RISE","",0
"cell_delay","1458","","_361_:CLK","_361_:Q","MIN","RISE","FALL","",0
"net_delay","1455","","clock","_360_:CLK","MIN","RISE","RISE","",0
"net_delay","1455","","clock","_360_:CLK","MIN","FALL","FALL","",0
"net_delay","1455","","clock","_360_:CLK","MAX","RISE","RISE","",0
"net_delay","1455","","clock","_360_:CLK","MAX","FALL","FALL","",0
"net_delay","1454","","_215_:Y","_360_:D","MIN","RISE","RISE","",0
"net_delay","1454","","_215_:Y","_360_:D","MIN","FALL","FALL","",0
"net_delay","1454","","_215_:Y","_360_:D","MAX","RISE","RISE","",0
"net_delay","1454","","_215_:Y","_360_:D","MAX","FALL","FALL","",0
"net_delay","1453","","_360_:Q","_329_:A","MIN","RISE","RISE","",0
"net_delay","1453","","_360_:Q","_329_:A","MIN","FALL","FALL","",0
"net_delay","1453","","_360_:Q","_329_:A","MAX","RISE","RISE","",-7.2598906950877056e-06
"net_delay","1453","","_360_:Q","_329_:A","MAX","FALL","FALL","",0
"net_delay","1452","","_360_:Q","_217_:B","MIN","RISE","RISE","",0
"net_delay","1452","","_360_:Q","_217_:B","MIN","FALL","FALL","",0
"net_delay","1452","","_360_:Q","_217_:B","MAX","RISE","RISE","",0
"net_delay","1452","","_360_:Q","_217_:B","MAX","FALL","FALL","",0
"net_delay","1451","","_360_:Q","_213_:B","MIN","RISE","RISE","",0
"net_delay","1451","","_360_:Q","_213_:B","MIN","FALL","FALL","",0
"net_delay","1451","","_360_:Q","_213_:B","MAX","RISE","RISE","",0
"net_delay","1451","","_360_:Q","_213_:B","MAX","FALL","FALL","",0
"net_delay","1450","","_360_:Q","_206_:A","MIN","RISE","RISE","",0
"net_delay","1450","","_360_:Q","_206_:A","MIN","FALL","FALL","",0
"net_delay","1450","","_360_:Q","_206_:A","MAX","RISE","RISE","",0
"net_delay","1450","","_360_:Q","_206_:A","MAX","FALL","FALL","",0
"net_delay","1449","","_360_:Q","_193_:B","MIN","RISE","RISE","",0
"net_delay","1449","","_360_:Q","_193_:B","MIN","FALL","FALL","",0
"net_delay","1449","","_360_:Q","_193_:B","MAX","RISE","RISE","",0
"net_delay","1449","","_360_:Q","_193_:B","MAX","FALL","FALL","",0
"net_delay","1448","","_303_:Y","_360_:R","MIN","RISE","RISE","",0
"net_delay","1448","","_303_:Y","_360_:R","MIN","FALL","FALL","",0
"net_delay","1448","","_303_:Y","_360_:R","MAX","RISE","RISE","",-7.2598906950877056e-06
"net_delay","1448","","_303_:Y","_360_:R","MAX","FALL","FALL","",0
"cell_delay","1443","","_360_:R","_360_:Q","MAX","RISE","RISE","",-7.2598906950877056e-06
"cell_delay","1443","","_360_:R","_360_:Q","MAX","FALL","FALL","",0
"cell_delay","1442","","_360_:CLK","_360_:Q","MAX","RISE","RISE","",0
"cell_delay","1442","","_360_:CLK","_360_:Q","MAX","RISE","FALL","",0
"cell_delay","1434","","_360_:R","_360_:Q","MIN","RISE","RISE","",0
"cell_delay","1434","","_360_:R","_360_:Q","MIN","FALL","FALL","",0
"cell_delay","1433","","_360_:CLK","_360_:Q","MIN","RISE","RISE","",0
"cell_delay","1433","","_360_:CLK","_360_:Q","MIN","RISE","FALL","",0
"net_delay","1430","","clock","_359_:CLK","MIN","RISE","RISE","",0
"net_delay","1430","","clock","_359_:CLK","MIN","FALL","FALL","",0
"net_delay","1430","","clock","_359_:CLK","MAX","RISE","RISE","",0
"net_delay","1430","","clock","_359_:CLK","MAX","FALL","FALL","",0
"net_delay","1429","","_212_:Y","_359_:D","MIN","RISE","RISE","",0
"net_delay","1429","","_212_:Y","_359_:D","MIN","FALL","FALL","",0
"net_delay","1429","","_212_:Y","_359_:D","MAX","RISE","RISE","",0
"net_delay","1429","","_212_:Y","_359_:D","MAX","FALL","FALL","",0
"net_delay","1428","","_359_:Q","_328_:A","MIN","RISE","RISE","",0
"net_delay","1428","","_359_:Q","_328_:A","MIN","FALL","FALL","",0
"net_delay","1428","","_359_:Q","_328_:A","MAX","RISE","RISE","",-7.4020606418325336e-33
"net_delay","1428","","_359_:Q","_328_:A","MAX","FALL","FALL","",0
"net_delay","1427","","_359_:Q","_214_:B","MIN","RISE","RISE","",0
"net_delay","1427","","_359_:Q","_214_:B","MIN","FALL","FALL","",0
"net_delay","1427","","_359_:Q","_214_:B","MAX","RISE","RISE","",0
"net_delay","1427","","_359_:Q","_214_:B","MAX","FALL","FALL","",0
"net_delay","1426","","_359_:Q","_210_:B","MIN","RISE","RISE","",0
"net_delay","1426","","_359_:Q","_210_:B","MIN","FALL","FALL","",0
"net_delay","1426","","_359_:Q","_210_:B","MAX","RISE","RISE","",0
"net_delay","1426","","_359_:Q","_210_:B","MAX","FALL","FALL","",0
"net_delay","1425","","_359_:Q","_191_:B","MIN","RISE","RISE","",0
"net_delay","1425","","_359_:Q","_191_:B","MIN","FALL","FALL","",0
"net_delay","1425","","_359_:Q","_191_:B","MAX","RISE","RISE","",0
"net_delay","1425","","_359_:Q","_191_:B","MAX","FALL","FALL","",0
"net_delay","1424","","_302_:Y","_359_:R","MIN","RISE","RISE","",0
"net_delay","1424","","_302_:Y","_359_:R","MIN","FALL","FALL","",0
"net_delay","1424","","_302_:Y","_359_:R","MAX","RISE","RISE","",-7.4020606418325336e-33
"net_delay","1424","","_302_:Y","_359_:R","MAX","FALL","FALL","",0
"cell_delay","1419","","_359_:R","_359_:Q","MAX","RISE","RISE","",-7.4020606418325336e-33
"cell_delay","1419","","_359_:R","_359_:Q","MAX","FALL","FALL","",0
"cell_delay","1418","","_359_:CLK","_359_:Q","MAX","RISE","RISE","",0
"cell_delay","1418","","_359_:CLK","_359_:Q","MAX","RISE","FALL","",0
"cell_delay","1410","","_359_:R","_359_:Q","MIN","RISE","RISE","",0
"cell_delay","1410","","_359_:R","_359_:Q","MIN","FALL","FALL","",0
"cell_delay","1409","","_359_:CLK","_359_:Q","MIN","RISE","RISE","",0
"cell_delay","1409","","_359_:CLK","_359_:Q","MIN","RISE","FALL","",0
"net_delay","1406","","clock","_358_:CLK","MIN","RISE","RISE","",0
"net_delay","1406","","clock","_358_:CLK","MIN","FALL","FALL","",0
"net_delay","1406","","clock","_358_:CLK","MAX","RISE","RISE","",0
"net_delay","1406","","clock","_358_:CLK","MAX","FALL","FALL","",0
"net_delay","1405","","_274_:Y","_358_:D","MIN","RISE","RISE","",0
"net_delay","1405","","_274_:Y","_358_:D","MIN","FALL","FALL","",0
"net_delay","1405","","_274_:Y","_358_:D","MAX","RISE","RISE","",0
"net_delay","1405","","_274_:Y","_358_:D","MAX","FALL","FALL","",0
"net_delay","1404","","_358_:Q","_327_:A","MIN","RISE","RISE","",0
"net_delay","1404","","_358_:Q","_327_:A","MIN","FALL","FALL","",0
"net_delay","1404","","_358_:Q","_327_:A","MAX","RISE","RISE","",-7.4020606418325336e-33
"net_delay","1404","","_358_:Q","_327_:A","MAX","FALL","FALL","",0
"net_delay","1403","","_358_:Q","_272_:B","MIN","RISE","RISE","",0
"net_delay","1403","","_358_:Q","_272_:B","MIN","FALL","FALL","",0
"net_delay","1403","","_358_:Q","_272_:B","MAX","RISE","RISE","",0
"net_delay","1403","","_358_:Q","_272_:B","MAX","FALL","FALL","",0
"net_delay","1402","","_358_:Q","_211_:B","MIN","RISE","RISE","",0
"net_delay","1402","","_358_:Q","_211_:B","MIN","FALL","FALL","",0
"net_delay","1402","","_358_:Q","_211_:B","MAX","RISE","RISE","",0
"net_delay","1402","","_358_:Q","_211_:B","MAX","FALL","FALL","",0
"net_delay","1401","","_358_:Q","_189_:B","MIN","RISE","RISE","",0
"net_delay","1401","","_358_:Q","_189_:B","MIN","FALL","FALL","",0
"net_delay","1401","","_358_:Q","_189_:B","MAX","RISE","RISE","",0
"net_delay","1401","","_358_:Q","_189_:B","MAX","FALL","FALL","",0
"net_delay","1400","","_301_:Y","_358_:R","MIN","RISE","RISE","",0
"net_delay","1400","","_301_:Y","_358_:R","MIN","FALL","FALL","",0
"net_delay","1400","","_301_:Y","_358_:R","MAX","RISE","RISE","",-7.4020606418325336e-33
"net_delay","1400","","_301_:Y","_358_:R","MAX","FALL","FALL","",0
"cell_delay","1395","","_358_:R","_358_:Q","MAX","RISE","RISE","",-7.4020606418325336e-33
"cell_delay","1395","","_358_:R","_358_:Q","MAX","FALL","FALL","",0
"cell_delay","1394","","_358_:CLK","_358_:Q","MAX","RISE","RISE","",0
"cell_delay","1394","","_358_:CLK","_358_:Q","MAX","RISE","FALL","",0
"cell_delay","1386","","_358_:R","_358_:Q","MIN","RISE","RISE","",0
"cell_delay","1386","","_358_:R","_358_:Q","MIN","FALL","FALL","",0
"cell_delay","1385","","_358_:CLK","_358_:Q","MIN","RISE","RISE","",0
"cell_delay","1385","","_358_:CLK","_358_:Q","MIN","RISE","FALL","",0
"net_delay","1382","","clock","_357_:CLK","MIN","RISE","RISE","",0
"net_delay","1382","","clock","_357_:CLK","MIN","FALL","FALL","",0
"net_delay","1382","","clock","_357_:CLK","MAX","RISE","RISE","",0
"net_delay","1382","","clock","_357_:CLK","MAX","FALL","FALL","",0
"net_delay","1381","","_209_:Y","_357_:D","MIN","RISE","RISE","",0
"net_delay","1381","","_209_:Y","_357_:D","MIN","FALL","FALL","",0
"net_delay","1381","","_209_:Y","_357_:D","MAX","RISE","RISE","",0
"net_delay","1381","","_209_:Y","_357_:D","MAX","FALL","FALL","",0
"net_delay","1380","","_357_:Q","_326_:A","MIN","RISE","RISE","",0
"net_delay","1380","","_357_:Q","_326_:A","MIN","FALL","FALL","",0
"net_delay","1380","","_357_:Q","_326_:A","MAX","RISE","RISE","",-2.8293816859138396e-30
"net_delay","1380","","_357_:Q","_326_:A","MAX","FALL","FALL","",0
"net_delay","1379","","_357_:Q","_273_:B","MIN","RISE","RISE","",0
"net_delay","1379","","_357_:Q","_273_:B","MIN","FALL","FALL","",0
"net_delay","1379","","_357_:Q","_273_:B","MAX","RISE","RISE","",0
"net_delay","1379","","_357_:Q","_273_:B","MAX","FALL","FALL","",0
"net_delay","1378","","_357_:Q","_208_:B","MIN","RISE","RISE","",0
"net_delay","1378","","_357_:Q","_208_:B","MIN","FALL","FALL","",0
"net_delay","1378","","_357_:Q","_208_:B","MAX","RISE","RISE","",0
"net_delay","1378","","_357_:Q","_208_:B","MAX","FALL","FALL","",0
"net_delay","1377","","_357_:Q","_187_:B","MIN","RISE","RISE","",0
"net_delay","1377","","_357_:Q","_187_:B","MIN","FALL","FALL","",0
"net_delay","1377","","_357_:Q","_187_:B","MAX","RISE","RISE","",0
"net_delay","1377","","_357_:Q","_187_:B","MAX","FALL","FALL","",0
"net_delay","1376","","_300_:Y","_357_:R","MIN","RISE","RISE","",0
"net_delay","1376","","_300_:Y","_357_:R","MIN","FALL","FALL","",0
"net_delay","1376","","_300_:Y","_357_:R","MAX","RISE","RISE","",-2.8293816859138396e-30
"net_delay","1376","","_300_:Y","_357_:R","MAX","FALL","FALL","",0
"cell_delay","1371","","_357_:R","_357_:Q","MAX","RISE","RISE","",-2.8293816859138396e-30
"cell_delay","1371","","_357_:R","_357_:Q","MAX","FALL","FALL","",0
"cell_delay","1370","","_357_:CLK","_357_:Q","MAX","RISE","RISE","",0
"cell_delay","1370","","_357_:CLK","_357_:Q","MAX","RISE","FALL","",0
"cell_delay","1362","","_357_:R","_357_:Q","MIN","RISE","RISE","",0
"cell_delay","1362","","_357_:R","_357_:Q","MIN","FALL","FALL","",0
"cell_delay","1361","","_357_:CLK","_357_:Q","MIN","RISE","RISE","",0
"cell_delay","1361","","_357_:CLK","_357_:Q","MIN","RISE","FALL","",0
"net_delay","1358","","clock","_356_:CLK","MIN","RISE","RISE","",0
"net_delay","1358","","clock","_356_:CLK","MIN","FALL","FALL","",0
"net_delay","1358","","clock","_356_:CLK","MAX","RISE","RISE","",0
"net_delay","1358","","clock","_356_:CLK","MAX","FALL","FALL","",0
"net_delay","1357","","_268_:Y","_356_:D","MIN","RISE","RISE","",0
"net_delay","1357","","_268_:Y","_356_:D","MIN","FALL","FALL","",0
"net_delay","1357","","_268_:Y","_356_:D","MAX","RISE","RISE","",0
"net_delay","1357","","_268_:Y","_356_:D","MAX","FALL","FALL","",0
"net_delay","1356","","_356_:Q","_315_:A","MIN","RISE","RISE","",0
"net_delay","1356","","_356_:Q","_315_:A","MIN","FALL","FALL","",0
"net_delay","1356","","_356_:Q","_315_:A","MAX","RISE","RISE","",-1.9594266533120519e-24
"net_delay","1356","","_356_:Q","_315_:A","MAX","FALL","FALL","",0
"net_delay","1355","","_356_:Q","_267_:A","MIN","RISE","RISE","",0
"net_delay","1355","","_356_:Q","_267_:A","MIN","FALL","FALL","",0
"net_delay","1355","","_356_:Q","_267_:A","MAX","RISE","RISE","",0
"net_delay","1355","","_356_:Q","_267_:A","MAX","FALL","FALL","",0
"net_delay","1354","","_356_:Q","_266_:A","MIN","RISE","RISE","",0
"net_delay","1354","","_356_:Q","_266_:A","MIN","FALL","FALL","",0
"net_delay","1354","","_356_:Q","_266_:A","MAX","RISE","RISE","",0
"net_delay","1354","","_356_:Q","_266_:A","MAX","FALL","FALL","",0
"net_delay","1353","","_356_:Q","_182_:A","MIN","RISE","RISE","",0
"net_delay","1353","","_356_:Q","_182_:A","MIN","FALL","FALL","",0
"net_delay","1353","","_356_:Q","_182_:A","MAX","RISE","RISE","",0
"net_delay","1353","","_356_:Q","_182_:A","MAX","FALL","FALL","",0
"net_delay","1352","","_299_:Y","_356_:R","MIN","RISE","RISE","",0
"net_delay","1352","","_299_:Y","_356_:R","MIN","FALL","FALL","",0
"net_delay","1352","","_299_:Y","_356_:R","MAX","RISE","RISE","",-1.9594266533120519e-24
"net_delay","1352","","_299_:Y","_356_:R","MAX","FALL","FALL","",0
"cell_delay","1347","","_356_:R","_356_:Q","MAX","RISE","RISE","",-1.9594266533120519e-24
"cell_delay","1347","","_356_:R","_356_:Q","MAX","FALL","FALL","",0
"cell_delay","1346","","_356_:CLK","_356_:Q","MAX","RISE","RISE","",0
"cell_delay","1346","","_356_:CLK","_356_:Q","MAX","RISE","FALL","",0
"cell_delay","1338","","_356_:R","_356_:Q","MIN","RISE","RISE","",0
"cell_delay","1338","","_356_:R","_356_:Q","MIN","FALL","FALL","",0
"cell_delay","1337","","_356_:CLK","_356_:Q","MIN","RISE","RISE","",0
"cell_delay","1337","","_356_:CLK","_356_:Q","MIN","RISE","FALL","",0
"net_delay","1334","","clock","_355_:CLK","MIN","RISE","RISE","",0
"net_delay","1334","","clock","_355_:CLK","MIN","FALL","FALL","",0
"net_delay","1334","","clock","_355_:CLK","MAX","RISE","RISE","",0
"net_delay","1334","","clock","_355_:CLK","MAX","FALL","FALL","",0
"net_delay","1333","","_264_:Y","_355_:D","MIN","RISE","RISE","",0
"net_delay","1333","","_264_:Y","_355_:D","MIN","FALL","FALL","",0
"net_delay","1333","","_264_:Y","_355_:D","MAX","RISE","RISE","",0
"net_delay","1333","","_264_:Y","_355_:D","MAX","FALL","FALL","",0
"net_delay","1332","","_355_:Q","_314_:A","MIN","RISE","RISE","",0
"net_delay","1332","","_355_:Q","_314_:A","MIN","FALL","FALL","",0
"net_delay","1332","","_355_:Q","_314_:A","MAX","RISE","RISE","",-3.6984930523514607e-51
"net_delay","1332","","_355_:Q","_314_:A","MAX","FALL","FALL","",0
"net_delay","1331","","_355_:Q","_262_:C","MIN","RISE","RISE","",0
"net_delay","1331","","_355_:Q","_262_:C","MIN","FALL","FALL","",0
"net_delay","1331","","_355_:Q","_262_:C","MAX","RISE","RISE","",0
"net_delay","1331","","_355_:Q","_262_:C","MAX","FALL","FALL","",0
"net_delay","1330","","_355_:Q","_177_:A","MIN","RISE","RISE","",0
"net_delay","1330","","_355_:Q","_177_:A","MIN","FALL","FALL","",0
"net_delay","1330","","_355_:Q","_177_:A","MAX","RISE","RISE","",0
"net_delay","1330","","_355_:Q","_177_:A","MAX","FALL","FALL","",0
"net_delay","1329","","_298_:Y","_355_:R","MIN","RISE","RISE","",0
"net_delay","1329","","_298_:Y","_355_:R","MIN","FALL","FALL","",0
"net_delay","1329","","_298_:Y","_355_:R","MAX","RISE","RISE","",-3.6984930523514607e-51
"net_delay","1329","","_298_:Y","_355_:R","MAX","FALL","FALL","",0
"cell_delay","1324","","_355_:R","_355_:Q","MAX","RISE","RISE","",-3.6984930523514607e-51
"cell_delay","1324","","_355_:R","_355_:Q","MAX","FALL","FALL","",0
"cell_delay","1323","","_355_:CLK","_355_:Q","MAX","RISE","RISE","",0
"cell_delay","1323","","_355_:CLK","_355_:Q","MAX","RISE","FALL","",0
"cell_delay","1315","","_355_:R","_355_:Q","MIN","RISE","RISE","",0
"cell_delay","1315","","_355_:R","_355_:Q","MIN","FALL","FALL","",0
"cell_delay","1314","","_355_:CLK","_355_:Q","MIN","RISE","RISE","",0
"cell_delay","1314","","_355_:CLK","_355_:Q","MIN","RISE","FALL","",0
"net_delay","1311","","clock","_354_:CLK","MIN","RISE","RISE","",0
"net_delay","1311","","clock","_354_:CLK","MIN","FALL","FALL","",0
"net_delay","1311","","clock","_354_:CLK","MAX","RISE","RISE","",0
"net_delay","1311","","clock","_354_:CLK","MAX","FALL","FALL","",0
"net_delay","1310","","_257_:Y","_354_:D","MIN","RISE","RISE","",0
"net_delay","1310","","_257_:Y","_354_:D","MIN","FALL","FALL","",0
"net_delay","1310","","_257_:Y","_354_:D","MAX","RISE","RISE","",0
"net_delay","1310","","_257_:Y","_354_:D","MAX","FALL","FALL","",0
"net_delay","1309","","_354_:Q","_313_:A","MIN","RISE","RISE","",0
"net_delay","1309","","_354_:Q","_313_:A","MIN","FALL","FALL","",0
"net_delay","1309","","_354_:Q","_313_:A","MAX","RISE","RISE","",-1.860416629102877e-37
"net_delay","1309","","_354_:Q","_313_:A","MAX","FALL","FALL","",0
"net_delay","1308","","_354_:Q","_256_:A","MIN","RISE","RISE","",0
"net_delay","1308","","_354_:Q","_256_:A","MIN","FALL","FALL","",0
"net_delay","1308","","_354_:Q","_256_:A","MAX","RISE","RISE","",0
"net_delay","1308","","_354_:Q","_256_:A","MAX","FALL","FALL","",0
"net_delay","1307","","_354_:Q","_176_:A","MIN","RISE","RISE","",0
"net_delay","1307","","_354_:Q","_176_:A","MIN","FALL","FALL","",0
"net_delay","1307","","_354_:Q","_176_:A","MAX","RISE","RISE","",0
"net_delay","1307","","_354_:Q","_176_:A","MAX","FALL","FALL","",0
"net_delay","1306","","_297_:Y","_354_:R","MIN","RISE","RISE","",0
"net_delay","1306","","_297_:Y","_354_:R","MIN","FALL","FALL","",0
"net_delay","1306","","_297_:Y","_354_:R","MAX","RISE","RISE","",-1.860416629102877e-37
"net_delay","1306","","_297_:Y","_354_:R","MAX","FALL","FALL","",0
"cell_delay","1301","","_354_:R","_354_:Q","MAX","RISE","RISE","",-1.860416629102877e-37
"cell_delay","1301","","_354_:R","_354_:Q","MAX","FALL","FALL","",0
"cell_delay","1300","","_354_:CLK","_354_:Q","MAX","RISE","RISE","",0
"cell_delay","1300","","_354_:CLK","_354_:Q","MAX","RISE","FALL","",0
"cell_delay","1292","","_354_:R","_354_:Q","MIN","RISE","RISE","",0
"cell_delay","1292","","_354_:R","_354_:Q","MIN","FALL","FALL","",0
"cell_delay","1291","","_354_:CLK","_354_:Q","MIN","RISE","RISE","",0
"cell_delay","1291","","_354_:CLK","_354_:Q","MIN","RISE","FALL","",0
"net_delay","1288","","clock","_353_:CLK","MIN","RISE","RISE","",0
"net_delay","1288","","clock","_353_:CLK","MIN","FALL","FALL","",0
"net_delay","1288","","clock","_353_:CLK","MAX","RISE","RISE","",0
"net_delay","1288","","clock","_353_:CLK","MAX","FALL","FALL","",0
"net_delay","1287","","_253_:Y","_353_:D","MIN","RISE","RISE","",0
"net_delay","1287","","_253_:Y","_353_:D","MIN","FALL","FALL","",0
"net_delay","1287","","_253_:Y","_353_:D","MAX","RISE","RISE","",0
"net_delay","1287","","_253_:Y","_353_:D","MAX","FALL","FALL","",0
"net_delay","1286","","_353_:Q","_312_:A","MIN","RISE","RISE","",0
"net_delay","1286","","_353_:Q","_312_:A","MIN","FALL","FALL","",0
"net_delay","1286","","_353_:Q","_312_:A","MAX","RISE","RISE","",-5.6079836361689647e-27
"net_delay","1286","","_353_:Q","_312_:A","MAX","FALL","FALL","",0
"net_delay","1285","","_353_:Q","_252_:A","MIN","RISE","RISE","",0
"net_delay","1285","","_353_:Q","_252_:A","MIN","FALL","FALL","",0
"net_delay","1285","","_353_:Q","_252_:A","MAX","RISE","RISE","",0
"net_delay","1285","","_353_:Q","_252_:A","MAX","FALL","FALL","",0
"net_delay","1284","","_353_:Q","_251_:A","MIN","RISE","RISE","",0
"net_delay","1284","","_353_:Q","_251_:A","MIN","FALL","FALL","",0
"net_delay","1284","","_353_:Q","_251_:A","MAX","RISE","RISE","",0
"net_delay","1284","","_353_:Q","_251_:A","MAX","FALL","FALL","",0
"net_delay","1283","","_353_:Q","_176_:B","MIN","RISE","RISE","",0
"net_delay","1283","","_353_:Q","_176_:B","MIN","FALL","FALL","",0
"net_delay","1283","","_353_:Q","_176_:B","MAX","RISE","RISE","",0
"net_delay","1283","","_353_:Q","_176_:B","MAX","FALL","FALL","",0
"net_delay","1282","","_296_:Y","_353_:R","MIN","RISE","RISE","",0
"net_delay","1282","","_296_:Y","_353_:R","MIN","FALL","FALL","",0
"net_delay","1282","","_296_:Y","_353_:R","MAX","RISE","RISE","",-5.6079836361689647e-27
"net_delay","1282","","_296_:Y","_353_:R","MAX","FALL","FALL","",0
"cell_delay","1277","","_353_:R","_353_:Q","MAX","RISE","RISE","",-5.6079836361689647e-27
"cell_delay","1277","","_353_:R","_353_:Q","MAX","FALL","FALL","",0
"cell_delay","1276","","_353_:CLK","_353_:Q","MAX","RISE","RISE","",0
"cell_delay","1276","","_353_:CLK","_353_:Q","MAX","RISE","FALL","",0
"cell_delay","1268","","_353_:R","_353_:Q","MIN","RISE","RISE","",0
"cell_delay","1268","","_353_:R","_353_:Q","MIN","FALL","FALL","",0
"cell_delay","1267","","_353_:CLK","_353_:Q","MIN","RISE","RISE","",0
"cell_delay","1267","","_353_:CLK","_353_:Q","MIN","RISE","FALL","",0
"net_delay","1264","","clock","_352_:CLK","MIN","RISE","RISE","",0
"net_delay","1264","","clock","_352_:CLK","MIN","FALL","FALL","",0
"net_delay","1264","","clock","_352_:CLK","MAX","RISE","RISE","",0
"net_delay","1264","","clock","_352_:CLK","MAX","FALL","FALL","",0
"net_delay","1263","","_247_:Y","_352_:D","MIN","RISE","RISE","",0
"net_delay","1263","","_247_:Y","_352_:D","MIN","FALL","FALL","",0
"net_delay","1263","","_247_:Y","_352_:D","MAX","RISE","RISE","",0
"net_delay","1263","","_247_:Y","_352_:D","MAX","FALL","FALL","",0
"net_delay","1262","","_352_:Q","_311_:A","MIN","RISE","RISE","",0
"net_delay","1262","","_352_:Q","_311_:A","MIN","FALL","FALL","",0
"net_delay","1262","","_352_:Q","_311_:A","MAX","RISE","RISE","",-4.3303670412422717e-52
"net_delay","1262","","_352_:Q","_311_:A","MAX","FALL","FALL","",0
"net_delay","1261","","_352_:Q","_245_:C","MIN","RISE","RISE","",0
"net_delay","1261","","_352_:Q","_245_:C","MIN","FALL","FALL","",0
"net_delay","1261","","_352_:Q","_245_:C","MAX","RISE","RISE","",0
"net_delay","1261","","_352_:Q","_245_:C","MAX","FALL","FALL","",0
"net_delay","1260","","_352_:Q","_178_:A","MIN","RISE","RISE","",0
"net_delay","1260","","_352_:Q","_178_:A","MIN","FALL","FALL","",0
"net_delay","1260","","_352_:Q","_178_:A","MAX","RISE","RISE","",0
"net_delay","1260","","_352_:Q","_178_:A","MAX","FALL","FALL","",0
"net_delay","1259","","_295_:Y","_352_:R","MIN","RISE","RISE","",0
"net_delay","1259","","_295_:Y","_352_:R","MIN","FALL","FALL","",0
"net_delay","1259","","_295_:Y","_352_:R","MAX","RISE","RISE","",-4.3303670412422717e-52
"net_delay","1259","","_295_:Y","_352_:R","MAX","FALL","FALL","",0
"cell_delay","1254","","_352_:R","_352_:Q","MAX","RISE","RISE","",-4.3303670412422717e-52
"cell_delay","1254","","_352_:R","_352_:Q","MAX","FALL","FALL","",0
"cell_delay","1253","","_352_:CLK","_352_:Q","MAX","RISE","RISE","",0
"cell_delay","1253","","_352_:CLK","_352_:Q","MAX","RISE","FALL","",0
"cell_delay","1245","","_352_:R","_352_:Q","MIN","RISE","RISE","",0
"cell_delay","1245","","_352_:R","_352_:Q","MIN","FALL","FALL","",0
"cell_delay","1244","","_352_:CLK","_352_:Q","MIN","RISE","RISE","",0
"cell_delay","1244","","_352_:CLK","_352_:Q","MIN","RISE","FALL","",0
"net_delay","1241","","clock","_351_:CLK","MIN","RISE","RISE","",0
"net_delay","1241","","clock","_351_:CLK","MIN","FALL","FALL","",0
"net_delay","1241","","clock","_351_:CLK","MAX","RISE","RISE","",0
"net_delay","1241","","clock","_351_:CLK","MAX","FALL","FALL","",0
"net_delay","1240","","_242_:Y","_351_:D","MIN","RISE","RISE","",0
"net_delay","1240","","_242_:Y","_351_:D","MIN","FALL","FALL","",0
"net_delay","1240","","_242_:Y","_351_:D","MAX","RISE","RISE","",0
"net_delay","1240","","_242_:Y","_351_:D","MAX","FALL","FALL","",0
"net_delay","1239","","_351_:Q","_310_:A","MIN","RISE","RISE","",0
"net_delay","1239","","_351_:Q","_310_:A","MIN","FALL","FALL","",0
"net_delay","1239","","_351_:Q","_310_:A","MAX","RISE","RISE","",-1.6277908617935088e-23
"net_delay","1239","","_351_:Q","_310_:A","MAX","FALL","FALL","",0
"net_delay","1238","","_351_:Q","_245_:A","MIN","RISE","RISE","",0
"net_delay","1238","","_351_:Q","_245_:A","MIN","FALL","FALL","",0
"net_delay","1238","","_351_:Q","_245_:A","MAX","RISE","RISE","",0
"net_delay","1238","","_351_:Q","_245_:A","MAX","FALL","FALL","",0
"net_delay","1237","","_351_:Q","_241_:A","MIN","RISE","RISE","",0
"net_delay","1237","","_351_:Q","_241_:A","MIN","FALL","FALL","",0
"net_delay","1237","","_351_:Q","_241_:A","MAX","RISE","RISE","",0
"net_delay","1237","","_351_:Q","_241_:A","MAX","FALL","FALL","",0
"net_delay","1236","","_351_:Q","_178_:B","MIN","RISE","RISE","",0
"net_delay","1236","","_351_:Q","_178_:B","MIN","FALL","FALL","",0
"net_delay","1236","","_351_:Q","_178_:B","MAX","RISE","RISE","",0
"net_delay","1236","","_351_:Q","_178_:B","MAX","FALL","FALL","",0
"net_delay","1235","","_294_:Y","_351_:R","MIN","RISE","RISE","",0
"net_delay","1235","","_294_:Y","_351_:R","MIN","FALL","FALL","",0
"net_delay","1235","","_294_:Y","_351_:R","MAX","RISE","RISE","",-1.6277908617935088e-23
"net_delay","1235","","_294_:Y","_351_:R","MAX","FALL","FALL","",0
"cell_delay","1230","","_351_:R","_351_:Q","MAX","RISE","RISE","",-1.6277908617935088e-23
"cell_delay","1230","","_351_:R","_351_:Q","MAX","FALL","FALL","",0
"cell_delay","1229","","_351_:CLK","_351_:Q","MAX","RISE","RISE","",0
"cell_delay","1229","","_351_:CLK","_351_:Q","MAX","RISE","FALL","",0
"cell_delay","1221","","_351_:R","_351_:Q","MIN","RISE","RISE","",0
"cell_delay","1221","","_351_:R","_351_:Q","MIN","FALL","FALL","",0
"cell_delay","1220","","_351_:CLK","_351_:Q","MIN","RISE","RISE","",0
"cell_delay","1220","","_351_:CLK","_351_:Q","MIN","RISE","FALL","",0
"net_delay","1217","","clock","_350_:CLK","MIN","RISE","RISE","",0
"net_delay","1217","","clock","_350_:CLK","MIN","FALL","FALL","",0
"net_delay","1217","","clock","_350_:CLK","MAX","RISE","RISE","",0
"net_delay","1217","","clock","_350_:CLK","MAX","FALL","FALL","",0
"net_delay","1216","","_236_:Y","_350_:D","MIN","RISE","RISE","",0
"net_delay","1216","","_236_:Y","_350_:D","MIN","FALL","FALL","",0
"net_delay","1216","","_236_:Y","_350_:D","MAX","RISE","RISE","",0
"net_delay","1216","","_236_:Y","_350_:D","MAX","FALL","FALL","",0
"net_delay","1215","","_350_:Q","_309_:A","MIN","RISE","RISE","",0
"net_delay","1215","","_350_:Q","_309_:A","MIN","FALL","FALL","",0
"net_delay","1215","","_350_:Q","_309_:A","MAX","RISE","RISE","",-4.3303670412422717e-52
"net_delay","1215","","_350_:Q","_309_:A","MAX","FALL","FALL","",0
"net_delay","1214","","_350_:Q","_233_:C","MIN","RISE","RISE","",0
"net_delay","1214","","_350_:Q","_233_:C","MIN","FALL","FALL","",0
"net_delay","1214","","_350_:Q","_233_:C","MAX","RISE","RISE","",0
"net_delay","1214","","_350_:Q","_233_:C","MAX","FALL","FALL","",0
"net_delay","1213","","_350_:Q","_179_:A","MIN","RISE","RISE","",0
"net_delay","1213","","_350_:Q","_179_:A","MIN","FALL","FALL","",0
"net_delay","1213","","_350_:Q","_179_:A","MAX","RISE","RISE","",0
"net_delay","1213","","_350_:Q","_179_:A","MAX","FALL","FALL","",0
"net_delay","1212","","_293_:Y","_350_:R","MIN","RISE","RISE","",0
"net_delay","1212","","_293_:Y","_350_:R","MIN","FALL","FALL","",0
"net_delay","1212","","_293_:Y","_350_:R","MAX","RISE","RISE","",-4.3303670412422717e-52
"net_delay","1212","","_293_:Y","_350_:R","MAX","FALL","FALL","",0
"cell_delay","1207","","_350_:R","_350_:Q","MAX","RISE","RISE","",-4.3303670412422717e-52
"cell_delay","1207","","_350_:R","_350_:Q","MAX","FALL","FALL","",0
"cell_delay","1206","","_350_:CLK","_350_:Q","MAX","RISE","RISE","",0
"cell_delay","1206","","_350_:CLK","_350_:Q","MAX","RISE","FALL","",0
"cell_delay","1198","","_350_:R","_350_:Q","MIN","RISE","RISE","",0
"cell_delay","1198","","_350_:R","_350_:Q","MIN","FALL","FALL","",0
"cell_delay","1197","","_350_:CLK","_350_:Q","MIN","RISE","RISE","",0
"cell_delay","1197","","_350_:CLK","_350_:Q","MIN","RISE","FALL","",0
"net_delay","1194","","clock","_349_:CLK","MIN","RISE","RISE","",0
"net_delay","1194","","clock","_349_:CLK","MIN","FALL","FALL","",0
"net_delay","1194","","clock","_349_:CLK","MAX","RISE","RISE","",0
"net_delay","1194","","clock","_349_:CLK","MAX","FALL","FALL","",0
"net_delay","1193","","_230_:Y","_349_:D","MIN","RISE","RISE","",0
"net_delay","1193","","_230_:Y","_349_:D","MIN","FALL","FALL","",0
"net_delay","1193","","_230_:Y","_349_:D","MAX","RISE","RISE","",0
"net_delay","1193","","_230_:Y","_349_:D","MAX","FALL","FALL","",0
"net_delay","1192","","_349_:Q","_308_:A","MIN","RISE","RISE","",0
"net_delay","1192","","_349_:Q","_308_:A","MIN","FALL","FALL","",0
"net_delay","1192","","_349_:Q","_308_:A","MAX","RISE","RISE","",-5.0004475069972718e-19
"net_delay","1192","","_349_:Q","_308_:A","MAX","FALL","FALL","",0
"net_delay","1191","","_349_:Q","_233_:B","MIN","RISE","RISE","",0
"net_delay","1191","","_349_:Q","_233_:B","MIN","FALL","FALL","",0
"net_delay","1191","","_349_:Q","_233_:B","MAX","RISE","RISE","",0
"net_delay","1191","","_349_:Q","_233_:B","MAX","FALL","FALL","",0
"net_delay","1190","","_349_:Q","_228_:B","MIN","RISE","RISE","",0
"net_delay","1190","","_349_:Q","_228_:B","MIN","FALL","FALL","",0
"net_delay","1190","","_349_:Q","_228_:B","MAX","RISE","RISE","",0
"net_delay","1190","","_349_:Q","_228_:B","MAX","FALL","FALL","",0
"net_delay","1189","","_349_:Q","_179_:B","MIN","RISE","RISE","",0
"net_delay","1189","","_349_:Q","_179_:B","MIN","FALL","FALL","",0
"net_delay","1189","","_349_:Q","_179_:B","MAX","RISE","RISE","",0
"net_delay","1189","","_349_:Q","_179_:B","MAX","FALL","FALL","",0
"net_delay","1188","","_292_:Y","_349_:R","MIN","RISE","RISE","",0
"net_delay","1188","","_292_:Y","_349_:R","MIN","FALL","FALL","",0
"net_delay","1188","","_292_:Y","_349_:R","MAX","RISE","RISE","",-5.0004475069972718e-19
"net_delay","1188","","_292_:Y","_349_:R","MAX","FALL","FALL","",0
"cell_delay","1183","","_349_:R","_349_:Q","MAX","RISE","RISE","",-5.0004475069972718e-19
"cell_delay","1183","","_349_:R","_349_:Q","MAX","FALL","FALL","",0
"cell_delay","1182","","_349_:CLK","_349_:Q","MAX","RISE","RISE","",0
"cell_delay","1182","","_349_:CLK","_349_:Q","MAX","RISE","FALL","",0
"cell_delay","1174","","_349_:R","_349_:Q","MIN","RISE","RISE","",0
"cell_delay","1174","","_349_:R","_349_:Q","MIN","FALL","FALL","",0
"cell_delay","1173","","_349_:CLK","_349_:Q","MIN","RISE","RISE","",0
"cell_delay","1173","","_349_:CLK","_349_:Q","MIN","RISE","FALL","",0
"net_delay","1170","","clock","_348_:CLK","MIN","RISE","RISE","",0
"net_delay","1170","","clock","_348_:CLK","MIN","FALL","FALL","",0
"net_delay","1170","","clock","_348_:CLK","MAX","RISE","RISE","",0
"net_delay","1170","","clock","_348_:CLK","MAX","FALL","FALL","",0
"net_delay","1169","","_271_:Y","_348_:D","MIN","RISE","RISE","",0
"net_delay","1169","","_271_:Y","_348_:D","MIN","FALL","FALL","",0
"net_delay","1169","","_271_:Y","_348_:D","MAX","RISE","RISE","",0
"net_delay","1169","","_271_:Y","_348_:D","MAX","FALL","FALL","",0
"net_delay","1168","","_348_:Q","_316_:A","MIN","RISE","RISE","",0
"net_delay","1168","","_348_:Q","_316_:A","MIN","FALL","FALL","",0
"net_delay","1168","","_348_:Q","_316_:A","MAX","RISE","RISE","",-2.0870495676411476e-66
"net_delay","1168","","_348_:Q","_316_:A","MAX","FALL","FALL","",0
"net_delay","1167","","_348_:Q","_175_:A","MIN","RISE","RISE","",0
"net_delay","1167","","_348_:Q","_175_:A","MIN","FALL","FALL","",0
"net_delay","1167","","_348_:Q","_175_:A","MAX","RISE","RISE","",0
"net_delay","1167","","_348_:Q","_175_:A","MAX","FALL","FALL","",0
"net_delay","1166","","_291_:Y","_348_:R","MIN","RISE","RISE","",0
"net_delay","1166","","_291_:Y","_348_:R","MIN","FALL","FALL","",0
"net_delay","1166","","_291_:Y","_348_:R","MAX","RISE","RISE","",-2.0870495676411476e-66
"net_delay","1166","","_291_:Y","_348_:R","MAX","FALL","FALL","",0
"cell_delay","1161","","_348_:R","_348_:Q","MAX","RISE","RISE","",-2.0870495676411476e-66
"cell_delay","1161","","_348_:R","_348_:Q","MAX","FALL","FALL","",0
"cell_delay","1160","","_348_:CLK","_348_:Q","MAX","RISE","RISE","",0
"cell_delay","1160","","_348_:CLK","_348_:Q","MAX","RISE","FALL","",0
"cell_delay","1152","","_348_:R","_348_:Q","MIN","RISE","RISE","",0
"cell_delay","1152","","_348_:R","_348_:Q","MIN","FALL","FALL","",0
"cell_delay","1151","","_348_:CLK","_348_:Q","MIN","RISE","RISE","",0
"cell_delay","1151","","_348_:CLK","_348_:Q","MIN","RISE","FALL","",0
"net_delay","1148","","clock","_347_:CLK","MIN","RISE","RISE","",0
"net_delay","1148","","clock","_347_:CLK","MIN","FALL","FALL","",0
"net_delay","1148","","clock","_347_:CLK","MAX","RISE","RISE","",0
"net_delay","1148","","clock","_347_:CLK","MAX","FALL","FALL","",0
"net_delay","1147","","_202_:Y","_347_:D","MIN","RISE","RISE","",0
"net_delay","1147","","_202_:Y","_347_:D","MIN","FALL","FALL","",0
"net_delay","1147","","_202_:Y","_347_:D","MAX","RISE","RISE","",0
"net_delay","1147","","_202_:Y","_347_:D","MAX","FALL","FALL","",0
"net_delay","1146","","_347_:Q","_325_:A","MIN","RISE","RISE","",0
"net_delay","1146","","_347_:Q","_325_:A","MIN","FALL","FALL","",0
"net_delay","1146","","_347_:Q","_325_:A","MAX","RISE","RISE","",-4.7901530151762083e-60
"net_delay","1146","","_347_:Q","_325_:A","MAX","FALL","FALL","",0
"net_delay","1145","","_347_:Q","_201_:A","MIN","RISE","RISE","",0
"net_delay","1145","","_347_:Q","_201_:A","MIN","FALL","FALL","",0
"net_delay","1145","","_347_:Q","_201_:A","MAX","RISE","RISE","",0
"net_delay","1145","","_347_:Q","_201_:A","MAX","FALL","FALL","",0
"net_delay","1144","","_290_:Y","_347_:R","MIN","RISE","RISE","",0
"net_delay","1144","","_290_:Y","_347_:R","MIN","FALL","FALL","",0
"net_delay","1144","","_290_:Y","_347_:R","MAX","RISE","RISE","",-4.7901530151762083e-60
"net_delay","1144","","_290_:Y","_347_:R","MAX","FALL","FALL","",0
"cell_delay","1139","","_347_:R","_347_:Q","MAX","RISE","RISE","",-4.7901530151762083e-60
"cell_delay","1139","","_347_:R","_347_:Q","MAX","FALL","FALL","",0
"cell_delay","1138","","_347_:CLK","_347_:Q","MAX","RISE","RISE","",0
"cell_delay","1138","","_347_:CLK","_347_:Q","MAX","RISE","FALL","",0
"cell_delay","1130","","_347_:R","_347_:Q","MIN","RISE","RISE","",0
"cell_delay","1130","","_347_:R","_347_:Q","MIN","FALL","FALL","",0
"cell_delay","1129","","_347_:CLK","_347_:Q","MIN","RISE","RISE","",0
"cell_delay","1129","","_347_:CLK","_347_:Q","MIN","RISE","FALL","",0
"net_delay","1126","","clock","_346_:CLK","MIN","RISE","RISE","",0
"net_delay","1126","","clock","_346_:CLK","MIN","FALL","FALL","",0
"net_delay","1126","","clock","_346_:CLK","MAX","RISE","RISE","",0
"net_delay","1126","","clock","_346_:CLK","MAX","FALL","FALL","",0
"net_delay","1125","","_200_:Y","_346_:D","MIN","RISE","RISE","",0
"net_delay","1125","","_200_:Y","_346_:D","MIN","FALL","FALL","",0
"net_delay","1125","","_200_:Y","_346_:D","MAX","RISE","RISE","",0
"net_delay","1125","","_200_:Y","_346_:D","MAX","FALL","FALL","",0
"net_delay","1124","","_346_:Q","_324_:A","MIN","RISE","RISE","",0
"net_delay","1124","","_346_:Q","_324_:A","MIN","FALL","FALL","",0
"net_delay","1124","","_346_:Q","_324_:A","MAX","RISE","RISE","",-4.7901530151762083e-60
"net_delay","1124","","_346_:Q","_324_:A","MAX","FALL","FALL","",0
"net_delay","1123","","_346_:Q","_199_:A","MIN","RISE","RISE","",0
"net_delay","1123","","_346_:Q","_199_:A","MIN","FALL","FALL","",0
"net_delay","1123","","_346_:Q","_199_:A","MAX","RISE","RISE","",0
"net_delay","1123","","_346_:Q","_199_:A","MAX","FALL","FALL","",0
"net_delay","1122","","_289_:Y","_346_:R","MIN","RISE","RISE","",0
"net_delay","1122","","_289_:Y","_346_:R","MIN","FALL","FALL","",0
"net_delay","1122","","_289_:Y","_346_:R","MAX","RISE","RISE","",-4.7901530151762083e-60
"net_delay","1122","","_289_:Y","_346_:R","MAX","FALL","FALL","",0
"cell_delay","1117","","_346_:R","_346_:Q","MAX","RISE","RISE","",-4.7901530151762083e-60
"cell_delay","1117","","_346_:R","_346_:Q","MAX","FALL","FALL","",0
"cell_delay","1116","","_346_:CLK","_346_:Q","MAX","RISE","RISE","",0
"cell_delay","1116","","_346_:CLK","_346_:Q","MAX","RISE","FALL","",0
"cell_delay","1108","","_346_:R","_346_:Q","MIN","RISE","RISE","",0
"cell_delay","1108","","_346_:R","_346_:Q","MIN","FALL","FALL","",0
"cell_delay","1107","","_346_:CLK","_346_:Q","MIN","RISE","RISE","",0
"cell_delay","1107","","_346_:CLK","_346_:Q","MIN","RISE","FALL","",0
"net_delay","1104","","clock","_345_:CLK","MIN","RISE","RISE","",0
"net_delay","1104","","clock","_345_:CLK","MIN","FALL","FALL","",0
"net_delay","1104","","clock","_345_:CLK","MAX","RISE","RISE","",0
"net_delay","1104","","clock","_345_:CLK","MAX","FALL","FALL","",0
"net_delay","1103","","_198_:Y","_345_:D","MIN","RISE","RISE","",0
"net_delay","1103","","_198_:Y","_345_:D","MIN","FALL","FALL","",0
"net_delay","1103","","_198_:Y","_345_:D","MAX","RISE","RISE","",0
"net_delay","1103","","_198_:Y","_345_:D","MAX","FALL","FALL","",0
"net_delay","1102","","_345_:Q","_323_:A","MIN","RISE","RISE","",0
"net_delay","1102","","_345_:Q","_323_:A","MIN","FALL","FALL","",0
"net_delay","1102","","_345_:Q","_323_:A","MAX","RISE","RISE","",-4.7901530151762083e-60
"net_delay","1102","","_345_:Q","_323_:A","MAX","FALL","FALL","",0
"net_delay","1101","","_345_:Q","_197_:A","MIN","RISE","RISE","",0
"net_delay","1101","","_345_:Q","_197_:A","MIN","FALL","FALL","",0
"net_delay","1101","","_345_:Q","_197_:A","MAX","RISE","RISE","",0
"net_delay","1101","","_345_:Q","_197_:A","MAX","FALL","FALL","",0
"net_delay","1100","","_288_:Y","_345_:R","MIN","RISE","RISE","",0
"net_delay","1100","","_288_:Y","_345_:R","MIN","FALL","FALL","",0
"net_delay","1100","","_288_:Y","_345_:R","MAX","RISE","RISE","",-4.7901530151762083e-60
"net_delay","1100","","_288_:Y","_345_:R","MAX","FALL","FALL","",0
"cell_delay","1095","","_345_:R","_345_:Q","MAX","RISE","RISE","",-4.7901530151762083e-60
"cell_delay","1095","","_345_:R","_345_:Q","MAX","FALL","FALL","",0
"cell_delay","1094","","_345_:CLK","_345_:Q","MAX","RISE","RISE","",0
"cell_delay","1094","","_345_:CLK","_345_:Q","MAX","RISE","FALL","",0
"cell_delay","1086","","_345_:R","_345_:Q","MIN","RISE","RISE","",0
"cell_delay","1086","","_345_:R","_345_:Q","MIN","FALL","FALL","",0
"cell_delay","1085","","_345_:CLK","_345_:Q","MIN","RISE","RISE","",0
"cell_delay","1085","","_345_:CLK","_345_:Q","MIN","RISE","FALL","",0
"net_delay","1082","","clock","_344_:CLK","MIN","RISE","RISE","",0
"net_delay","1082","","clock","_344_:CLK","MIN","FALL","FALL","",0
"net_delay","1082","","clock","_344_:CLK","MAX","RISE","RISE","",0
"net_delay","1082","","clock","_344_:CLK","MAX","FALL","FALL","",0
"net_delay","1081","","_196_:Y","_344_:D","MIN","RISE","RISE","",0
"net_delay","1081","","_196_:Y","_344_:D","MIN","FALL","FALL","",0
"net_delay","1081","","_196_:Y","_344_:D","MAX","RISE","RISE","",0
"net_delay","1081","","_196_:Y","_344_:D","MAX","FALL","FALL","",0
"net_delay","1080","","_344_:Q","_322_:A","MIN","RISE","RISE","",0
"net_delay","1080","","_344_:Q","_322_:A","MIN","FALL","FALL","",0
"net_delay","1080","","_344_:Q","_322_:A","MAX","RISE","RISE","",-4.7901530151762083e-60
"net_delay","1080","","_344_:Q","_322_:A","MAX","FALL","FALL","",0
"net_delay","1079","","_344_:Q","_195_:A","MIN","RISE","RISE","",0
"net_delay","1079","","_344_:Q","_195_:A","MIN","FALL","FALL","",0
"net_delay","1079","","_344_:Q","_195_:A","MAX","RISE","RISE","",0
"net_delay","1079","","_344_:Q","_195_:A","MAX","FALL","FALL","",0
"net_delay","1078","","_287_:Y","_344_:R","MIN","RISE","RISE","",0
"net_delay","1078","","_287_:Y","_344_:R","MIN","FALL","FALL","",0
"net_delay","1078","","_287_:Y","_344_:R","MAX","RISE","RISE","",-4.7901530151762083e-60
"net_delay","1078","","_287_:Y","_344_:R","MAX","FALL","FALL","",0
"cell_delay","1073","","_344_:R","_344_:Q","MAX","RISE","RISE","",-4.7901530151762083e-60
"cell_delay","1073","","_344_:R","_344_:Q","MAX","FALL","FALL","",0
"cell_delay","1072","","_344_:CLK","_344_:Q","MAX","RISE","RISE","",0
"cell_delay","1072","","_344_:CLK","_344_:Q","MAX","RISE","FALL","",0
"cell_delay","1064","","_344_:R","_344_:Q","MIN","RISE","RISE","",0
"cell_delay","1064","","_344_:R","_344_:Q","MIN","FALL","FALL","",0
"cell_delay","1063","","_344_:CLK","_344_:Q","MIN","RISE","RISE","",0
"cell_delay","1063","","_344_:CLK","_344_:Q","MIN","RISE","FALL","",0
"net_delay","1060","","clock","_343_:CLK","MIN","RISE","RISE","",0
"net_delay","1060","","clock","_343_:CLK","MIN","FALL","FALL","",0
"net_delay","1060","","clock","_343_:CLK","MAX","RISE","RISE","",0
"net_delay","1060","","clock","_343_:CLK","MAX","FALL","FALL","",0
"net_delay","1059","","_194_:Y","_343_:D","MIN","RISE","RISE","",0
"net_delay","1059","","_194_:Y","_343_:D","MIN","FALL","FALL","",0
"net_delay","1059","","_194_:Y","_343_:D","MAX","RISE","RISE","",0
"net_delay","1059","","_194_:Y","_343_:D","MAX","FALL","FALL","",0
"net_delay","1058","","_343_:Q","_321_:A","MIN","RISE","RISE","",0
"net_delay","1058","","_343_:Q","_321_:A","MIN","FALL","FALL","",0
"net_delay","1058","","_343_:Q","_321_:A","MAX","RISE","RISE","",-4.7901530151762083e-60
"net_delay","1058","","_343_:Q","_321_:A","MAX","FALL","FALL","",0
"net_delay","1057","","_343_:Q","_193_:A","MIN","RISE","RISE","",0
"net_delay","1057","","_343_:Q","_193_:A","MIN","FALL","FALL","",0
"net_delay","1057","","_343_:Q","_193_:A","MAX","RISE","RISE","",0
"net_delay","1057","","_343_:Q","_193_:A","MAX","FALL","FALL","",0
"net_delay","1056","","_286_:Y","_343_:R","MIN","RISE","RISE","",0
"net_delay","1056","","_286_:Y","_343_:R","MIN","FALL","FALL","",0
"net_delay","1056","","_286_:Y","_343_:R","MAX","RISE","RISE","",-4.7901530151762083e-60
"net_delay","1056","","_286_:Y","_343_:R","MAX","FALL","FALL","",0
"cell_delay","1051","","_343_:R","_343_:Q","MAX","RISE","RISE","",-4.7901530151762083e-60
"cell_delay","1051","","_343_:R","_343_:Q","MAX","FALL","FALL","",0
"cell_delay","1050","","_343_:CLK","_343_:Q","MAX","RISE","RISE","",0
"cell_delay","1050","","_343_:CLK","_343_:Q","MAX","RISE","FALL","",0
"cell_delay","1042","","_343_:R","_343_:Q","MIN","RISE","RISE","",0
"cell_delay","1042","","_343_:R","_343_:Q","MIN","FALL","FALL","",0
"cell_delay","1041","","_343_:CLK","_343_:Q","MIN","RISE","RISE","",0
"cell_delay","1041","","_343_:CLK","_343_:Q","MIN","RISE","FALL","",0
"net_delay","1038","","clock","_342_:CLK","MIN","RISE","RISE","",0
"net_delay","1038","","clock","_342_:CLK","MIN","FALL","FALL","",0
"net_delay","1038","","clock","_342_:CLK","MAX","RISE","RISE","",0
"net_delay","1038","","clock","_342_:CLK","MAX","FALL","FALL","",0
"net_delay","1037","","_192_:Y","_342_:D","MIN","RISE","RISE","",0
"net_delay","1037","","_192_:Y","_342_:D","MIN","FALL","FALL","",0
"net_delay","1037","","_192_:Y","_342_:D","MAX","RISE","RISE","",0
"net_delay","1037","","_192_:Y","_342_:D","MAX","FALL","FALL","",0
"net_delay","1036","","_342_:Q","_320_:A","MIN","RISE","RISE","",0
"net_delay","1036","","_342_:Q","_320_:A","MIN","FALL","FALL","",0
"net_delay","1036","","_342_:Q","_320_:A","MAX","RISE","RISE","",-4.7901530151762083e-60
"net_delay","1036","","_342_:Q","_320_:A","MAX","FALL","FALL","",0
"net_delay","1035","","_342_:Q","_191_:A","MIN","RISE","RISE","",0
"net_delay","1035","","_342_:Q","_191_:A","MIN","FALL","FALL","",0
"net_delay","1035","","_342_:Q","_191_:A","MAX","RISE","RISE","",0
"net_delay","1035","","_342_:Q","_191_:A","MAX","FALL","FALL","",0
"net_delay","1034","","_285_:Y","_342_:R","MIN","RISE","RISE","",0
"net_delay","1034","","_285_:Y","_342_:R","MIN","FALL","FALL","",0
"net_delay","1034","","_285_:Y","_342_:R","MAX","RISE","RISE","",-4.7901530151762083e-60
"net_delay","1034","","_285_:Y","_342_:R","MAX","FALL","FALL","",0
"cell_delay","1029","","_342_:R","_342_:Q","MAX","RISE","RISE","",-4.7901530151762083e-60
"cell_delay","1029","","_342_:R","_342_:Q","MAX","FALL","FALL","",0
"cell_delay","1028","","_342_:CLK","_342_:Q","MAX","RISE","RISE","",0
"cell_delay","1028","","_342_:CLK","_342_:Q","MAX","RISE","FALL","",0
"cell_delay","1020","","_342_:R","_342_:Q","MIN","RISE","RISE","",0
"cell_delay","1020","","_342_:R","_342_:Q","MIN","FALL","FALL","",0
"cell_delay","1019","","_342_:CLK","_342_:Q","MIN","RISE","RISE","",0
"cell_delay","1019","","_342_:CLK","_342_:Q","MIN","RISE","FALL","",0
"net_delay","1016","","clock","_341_:CLK","MIN","RISE","RISE","",0
"net_delay","1016","","clock","_341_:CLK","MIN","FALL","FALL","",0
"net_delay","1016","","clock","_341_:CLK","MAX","RISE","RISE","",0
"net_delay","1016","","clock","_341_:CLK","MAX","FALL","FALL","",0
"net_delay","1015","","_190_:Y","_341_:D","MIN","RISE","RISE","",0
"net_delay","1015","","_190_:Y","_341_:D","MIN","FALL","FALL","",0
"net_delay","1015","","_190_:Y","_341_:D","MAX","RISE","RISE","",0
"net_delay","1015","","_190_:Y","_341_:D","MAX","FALL","FALL","",0
"net_delay","1014","","_341_:Q","_319_:A","MIN","RISE","RISE","",0
"net_delay","1014","","_341_:Q","_319_:A","MIN","FALL","FALL","",0
"net_delay","1014","","_341_:Q","_319_:A","MAX","RISE","RISE","",-4.7901530151762083e-60
"net_delay","1014","","_341_:Q","_319_:A","MAX","FALL","FALL","",0
"net_delay","1013","","_341_:Q","_189_:A","MIN","RISE","RISE","",0
"net_delay","1013","","_341_:Q","_189_:A","MIN","FALL","FALL","",0
"net_delay","1013","","_341_:Q","_189_:A","MAX","RISE","RISE","",0
"net_delay","1013","","_341_:Q","_189_:A","MAX","FALL","FALL","",0
"net_delay","1012","","_284_:Y","_341_:R","MIN","RISE","RISE","",0
"net_delay","1012","","_284_:Y","_341_:R","MIN","FALL","FALL","",0
"net_delay","1012","","_284_:Y","_341_:R","MAX","RISE","RISE","",-4.7901530151762083e-60
"net_delay","1012","","_284_:Y","_341_:R","MAX","FALL","FALL","",0
"cell_delay","1007","","_341_:R","_341_:Q","MAX","RISE","RISE","",-4.7901530151762083e-60
"cell_delay","1007","","_341_:R","_341_:Q","MAX","FALL","FALL","",0
"cell_delay","1006","","_341_:CLK","_341_:Q","MAX","RISE","RISE","",0
"cell_delay","1006","","_341_:CLK","_341_:Q","MAX","RISE","FALL","",0
"cell_delay","998","","_341_:R","_341_:Q","MIN","RISE","RISE","",0
"cell_delay","998","","_341_:R","_341_:Q","MIN","FALL","FALL","",0
"cell_delay","997","","_341_:CLK","_341_:Q","MIN","RISE","RISE","",0
"cell_delay","997","","_341_:CLK","_341_:Q","MIN","RISE","FALL","",0
"net_delay","994","","clock","_340_:CLK","MIN","RISE","RISE","",0
"net_delay","994","","clock","_340_:CLK","MIN","FALL","FALL","",0
"net_delay","994","","clock","_340_:CLK","MAX","RISE","RISE","",0
"net_delay","994","","clock","_340_:CLK","MAX","FALL","FALL","",0
"net_delay","993","","_188_:Y","_340_:D","MIN","RISE","RISE","",0
"net_delay","993","","_188_:Y","_340_:D","MIN","FALL","FALL","",0
"net_delay","993","","_188_:Y","_340_:D","MAX","RISE","RISE","",0
"net_delay","993","","_188_:Y","_340_:D","MAX","FALL","FALL","",0
"net_delay","992","","_340_:Q","_318_:A","MIN","RISE","RISE","",0
"net_delay","992","","_340_:Q","_318_:A","MIN","FALL","FALL","",0
"net_delay","992","","_340_:Q","_318_:A","MAX","RISE","RISE","",-4.7901530151762083e-60
"net_delay","992","","_340_:Q","_318_:A","MAX","FALL","FALL","",0
"net_delay","991","","_340_:Q","_187_:A","MIN","RISE","RISE","",0
"net_delay","991","","_340_:Q","_187_:A","MIN","FALL","FALL","",0
"net_delay","991","","_340_:Q","_187_:A","MAX","RISE","RISE","",0
"net_delay","991","","_340_:Q","_187_:A","MAX","FALL","FALL","",0
"net_delay","990","","_283_:Y","_340_:R","MIN","RISE","RISE","",0
"net_delay","990","","_283_:Y","_340_:R","MIN","FALL","FALL","",0
"net_delay","990","","_283_:Y","_340_:R","MAX","RISE","RISE","",-4.7901530151762083e-60
"net_delay","990","","_283_:Y","_340_:R","MAX","FALL","FALL","",0
"cell_delay","985","","_340_:R","_340_:Q","MAX","RISE","RISE","",-4.7901530151762083e-60
"cell_delay","985","","_340_:R","_340_:Q","MAX","FALL","FALL","",0
"cell_delay","984","","_340_:CLK","_340_:Q","MAX","RISE","RISE","",0
"cell_delay","984","","_340_:CLK","_340_:Q","MAX","RISE","FALL","",0
"cell_delay","976","","_340_:R","_340_:Q","MIN","RISE","RISE","",0
"cell_delay","976","","_340_:R","_340_:Q","MIN","FALL","FALL","",0
"cell_delay","975","","_340_:CLK","_340_:Q","MIN","RISE","RISE","",0
"cell_delay","975","","_340_:CLK","_340_:Q","MIN","RISE","FALL","",0
"net_delay","972","","clock","_339_:CLK","MIN","RISE","RISE","",0
"net_delay","972","","clock","_339_:CLK","MIN","FALL","FALL","",0
"net_delay","972","","clock","_339_:CLK","MAX","RISE","RISE","",0
"net_delay","972","","clock","_339_:CLK","MAX","FALL","FALL","",0
"net_delay","971","","_204_:Y","_339_:D","MIN","RISE","RISE","",0
"net_delay","971","","_204_:Y","_339_:D","MIN","FALL","FALL","",0
"net_delay","971","","_204_:Y","_339_:D","MAX","RISE","RISE","",0
"net_delay","971","","_204_:Y","_339_:D","MAX","FALL","FALL","",0
"net_delay","970","","_339_:Q","_317_:A","MIN","RISE","RISE","",0
"net_delay","970","","_339_:Q","_317_:A","MIN","FALL","FALL","",0
"net_delay","970","","_339_:Q","_317_:A","MAX","RISE","RISE","",-4.7901530151762083e-60
"net_delay","970","","_339_:Q","_317_:A","MAX","FALL","FALL","",0
"net_delay","969","","_339_:Q","_203_:A","MIN","RISE","RISE","",0
"net_delay","969","","_339_:Q","_203_:A","MIN","FALL","FALL","",0
"net_delay","969","","_339_:Q","_203_:A","MAX","RISE","RISE","",0
"net_delay","969","","_339_:Q","_203_:A","MAX","FALL","FALL","",0
"net_delay","968","","_282_:Y","_339_:R","MIN","RISE","RISE","",0
"net_delay","968","","_282_:Y","_339_:R","MIN","FALL","FALL","",0
"net_delay","968","","_282_:Y","_339_:R","MAX","RISE","RISE","",-4.7901530151762083e-60
"net_delay","968","","_282_:Y","_339_:R","MAX","FALL","FALL","",0
"cell_delay","963","","_339_:R","_339_:Q","MAX","RISE","RISE","",-4.7901530151762083e-60
"cell_delay","963","","_339_:R","_339_:Q","MAX","FALL","FALL","",0
"cell_delay","962","","_339_:CLK","_339_:Q","MAX","RISE","RISE","",0
"cell_delay","962","","_339_:CLK","_339_:Q","MAX","RISE","FALL","",0
"cell_delay","954","","_339_:R","_339_:Q","MIN","RISE","RISE","",0
"cell_delay","954","","_339_:R","_339_:Q","MIN","FALL","FALL","",0
"cell_delay","953","","_339_:CLK","_339_:Q","MIN","RISE","RISE","",0
"cell_delay","953","","_339_:CLK","_339_:Q","MIN","RISE","FALL","",0
"net_delay","950","","clock","_338_:CLK","MIN","RISE","RISE","",0
"net_delay","950","","clock","_338_:CLK","MIN","FALL","FALL","",0
"net_delay","950","","clock","_338_:CLK","MAX","RISE","RISE","",0
"net_delay","950","","clock","_338_:CLK","MAX","FALL","FALL","",0
"net_delay","949","","_336_:Q","_338_:D","MIN","RISE","RISE","",0
"net_delay","949","","_336_:Q","_338_:D","MIN","FALL","FALL","",0
"net_delay","949","","_336_:Q","_338_:D","MAX","RISE","RISE","",0
"net_delay","949","","_336_:Q","_338_:D","MAX","FALL","FALL","",0
"net_delay","948","","_338_:Q","_269_:B","MIN","RISE","RISE","",0
"net_delay","948","","_338_:Q","_269_:B","MIN","FALL","FALL","",0
"net_delay","948","","_338_:Q","_269_:B","MAX","RISE","RISE","",0
"net_delay","948","","_338_:Q","_269_:B","MAX","FALL","FALL","",0
"net_delay","947","","_338_:Q","_169_:A","MIN","RISE","RISE","",0
"net_delay","947","","_338_:Q","_169_:A","MIN","FALL","FALL","",0
"net_delay","947","","_338_:Q","_169_:A","MAX","RISE","RISE","",0
"net_delay","947","","_338_:Q","_169_:A","MAX","FALL","FALL","",0
"net_delay","946","","_281_:Y","_338_:R","MIN","RISE","RISE","",0
"net_delay","946","","_281_:Y","_338_:R","MIN","FALL","FALL","",0
"net_delay","946","","_281_:Y","_338_:R","MAX","RISE","RISE","",0
"net_delay","946","","_281_:Y","_338_:R","MAX","FALL","FALL","",0
"cell_delay","941","","_338_:R","_338_:Q","MAX","RISE","RISE","",0
"cell_delay","941","","_338_:R","_338_:Q","MAX","FALL","FALL","",0
"cell_delay","940","","_338_:CLK","_338_:Q","MAX","RISE","RISE","",0
"cell_delay","940","","_338_:CLK","_338_:Q","MAX","RISE","FALL","",0
"cell_delay","932","","_338_:R","_338_:Q","MIN","RISE","RISE","",0
"cell_delay","932","","_338_:R","_338_:Q","MIN","FALL","FALL","",0
"cell_delay","931","","_338_:CLK","_338_:Q","MIN","RISE","RISE","",0
"cell_delay","931","","_338_:CLK","_338_:Q","MIN","RISE","FALL","",0
"net_delay","928","","clock","_337_:CLK","MIN","RISE","RISE","",0
"net_delay","928","","clock","_337_:CLK","MIN","FALL","FALL","",0
"net_delay","928","","clock","_337_:CLK","MAX","RISE","RISE","",0
"net_delay","928","","clock","_337_:CLK","MAX","FALL","FALL","",0
"net_delay","927","","_183_:Y","_337_:D","MIN","RISE","RISE","",0
"net_delay","927","","_183_:Y","_337_:D","MIN","FALL","FALL","",0
"net_delay","927","","_183_:Y","_337_:D","MAX","RISE","RISE","",0
"net_delay","927","","_183_:Y","_337_:D","MAX","FALL","FALL","",0
"net_delay","926","","_337_:Q","_272_:A","MIN","RISE","RISE","",0
"net_delay","926","","_337_:Q","_272_:A","MIN","FALL","FALL","",0
"net_delay","926","","_337_:Q","_272_:A","MAX","RISE","RISE","",0
"net_delay","926","","_337_:Q","_272_:A","MAX","FALL","FALL","",0
"net_delay","925","","_337_:Q","_244_:A","MIN","RISE","RISE","",0
"net_delay","925","","_337_:Q","_244_:A","MIN","FALL","FALL","",0
"net_delay","925","","_337_:Q","_244_:A","MAX","RISE","RISE","",0
"net_delay","925","","_337_:Q","_244_:A","MAX","FALL","FALL","",0
"net_delay","924","","_337_:Q","_232_:A","MIN","RISE","RISE","",0
"net_delay","924","","_337_:Q","_232_:A","MIN","FALL","FALL","",0
"net_delay","924","","_337_:Q","_232_:A","MAX","RISE","RISE","",0
"net_delay","924","","_337_:Q","_232_:A","MAX","FALL","FALL","",0
"net_delay","923","","_337_:Q","_228_:A","MIN","RISE","RISE","",0
"net_delay","923","","_337_:Q","_228_:A","MIN","FALL","FALL","",0
"net_delay","923","","_337_:Q","_228_:A","MAX","RISE","RISE","",0
"net_delay","923","","_337_:Q","_228_:A","MAX","FALL","FALL","",0
"net_delay","922","","_337_:Q","_225_:A","MIN","RISE","RISE","",0
"net_delay","922","","_337_:Q","_225_:A","MIN","FALL","FALL","",0
"net_delay","922","","_337_:Q","_225_:A","MAX","RISE","RISE","",0
"net_delay","922","","_337_:Q","_225_:A","MAX","FALL","FALL","",0
"net_delay","921","","_337_:Q","_222_:A","MIN","RISE","RISE","",0
"net_delay","921","","_337_:Q","_222_:A","MIN","FALL","FALL","",0
"net_delay","921","","_337_:Q","_222_:A","MAX","RISE","RISE","",0
"net_delay","921","","_337_:Q","_222_:A","MAX","FALL","FALL","",0
"net_delay","920","","_337_:Q","_219_:A","MIN","RISE","RISE","",0
"net_delay","920","","_337_:Q","_219_:A","MIN","FALL","FALL","",0
"net_delay","920","","_337_:Q","_219_:A","MAX","RISE","RISE","",0
"net_delay","920","","_337_:Q","_219_:A","MAX","FALL","FALL","",0
"net_delay","919","","_337_:Q","_216_:A","MIN","RISE","RISE","",0
"net_delay","919","","_337_:Q","_216_:A","MIN","FALL","FALL","",0
"net_delay","919","","_337_:Q","_216_:A","MAX","RISE","RISE","",0
"net_delay","919","","_337_:Q","_216_:A","MAX","FALL","FALL","",0
"net_delay","918","","_337_:Q","_213_:A","MIN","RISE","RISE","",0
"net_delay","918","","_337_:Q","_213_:A","MIN","FALL","FALL","",0
"net_delay","918","","_337_:Q","_213_:A","MAX","RISE","RISE","",0
"net_delay","918","","_337_:Q","_213_:A","MAX","FALL","FALL","",0
"net_delay","917","","_337_:Q","_210_:A","MIN","RISE","RISE","",0
"net_delay","917","","_337_:Q","_210_:A","MIN","FALL","FALL","",0
"net_delay","917","","_337_:Q","_210_:A","MAX","RISE","RISE","",0
"net_delay","917","","_337_:Q","_210_:A","MAX","FALL","FALL","",0
"net_delay","916","","_337_:Q","_209_:A","MIN","RISE","RISE","",0
"net_delay","916","","_337_:Q","_209_:A","MIN","FALL","FALL","",0
"net_delay","916","","_337_:Q","_209_:A","MAX","RISE","RISE","",0
"net_delay","916","","_337_:Q","_209_:A","MAX","FALL","FALL","",0
"net_delay","915","","_337_:Q","_208_:A","MIN","RISE","RISE","",0
"net_delay","915","","_337_:Q","_208_:A","MIN","FALL","FALL","",0
"net_delay","915","","_337_:Q","_208_:A","MAX","RISE","RISE","",0
"net_delay","915","","_337_:Q","_208_:A","MAX","FALL","FALL","",0
"net_delay","914","","_337_:Q","_182_:C","MIN","RISE","RISE","",0
"net_delay","914","","_337_:Q","_182_:C","MIN","FALL","FALL","",0
"net_delay","914","","_337_:Q","_182_:C","MAX","RISE","RISE","",0
"net_delay","914","","_337_:Q","_182_:C","MAX","FALL","FALL","",0
"net_delay","913","","_337_:Q","_168_:A","MIN","RISE","RISE","",0
"net_delay","913","","_337_:Q","_168_:A","MIN","FALL","FALL","",0
"net_delay","913","","_337_:Q","_168_:A","MAX","RISE","RISE","",0
"net_delay","913","","_337_:Q","_168_:A","MAX","FALL","FALL","",0
"net_delay","912","","_280_:Y","_337_:R","MIN","RISE","RISE","",0
"net_delay","912","","_280_:Y","_337_:R","MIN","FALL","FALL","",0
"net_delay","912","","_280_:Y","_337_:R","MAX","RISE","RISE","",0
"net_delay","912","","_280_:Y","_337_:R","MAX","FALL","FALL","",0
"cell_delay","907","","_337_:R","_337_:Q","MAX","RISE","RISE","",0
"cell_delay","907","","_337_:R","_337_:Q","MAX","FALL","FALL","",0
"cell_delay","906","","_337_:CLK","_337_:Q","MAX","RISE","RISE","",0
"cell_delay","906","","_337_:CLK","_337_:Q","MAX","RISE","FALL","",0
"cell_delay","898","","_337_:R","_337_:Q","MIN","RISE","RISE","",0
"cell_delay","898","","_337_:R","_337_:Q","MIN","FALL","FALL","",0
"cell_delay","897","","_337_:CLK","_337_:Q","MIN","RISE","RISE","",0
"cell_delay","897","","_337_:CLK","_337_:Q","MIN","RISE","FALL","",0
"net_delay","894","","clock","_336_:CLK","MIN","RISE","RISE","",0
"net_delay","894","","clock","_336_:CLK","MIN","FALL","FALL","",0
"net_delay","894","","clock","_336_:CLK","MAX","RISE","RISE","",0
"net_delay","894","","clock","_336_:CLK","MAX","FALL","FALL","",0
"net_delay","893","","_266_:Y","_336_:D","MIN","RISE","RISE","",0
"net_delay","893","","_266_:Y","_336_:D","MIN","FALL","FALL","",0
"net_delay","893","","_266_:Y","_336_:D","MAX","RISE","RISE","",0
"net_delay","893","","_266_:Y","_336_:D","MAX","FALL","FALL","",0
"net_delay","892","","_336_:Q","_270_:A","MIN","RISE","RISE","",0
"net_delay","892","","_336_:Q","_270_:A","MIN","FALL","FALL","",0
"net_delay","892","","_336_:Q","_270_:A","MAX","RISE","RISE","",0
"net_delay","892","","_336_:Q","_270_:A","MAX","FALL","FALL","",0
"net_delay","891","","_336_:Q","_186_:B","MIN","RISE","RISE","",0
"net_delay","891","","_336_:Q","_186_:B","MIN","FALL","FALL","",0
"net_delay","891","","_336_:Q","_186_:B","MAX","RISE","RISE","",0
"net_delay","891","","_336_:Q","_186_:B","MAX","FALL","FALL","",0
"net_delay","890","","_279_:Y","_336_:R","MIN","RISE","RISE","",0
"net_delay","890","","_279_:Y","_336_:R","MIN","FALL","FALL","",0
"net_delay","890","","_279_:Y","_336_:R","MAX","RISE","RISE","",0
"net_delay","890","","_279_:Y","_336_:R","MAX","FALL","FALL","",0
"cell_delay","885","","_336_:R","_336_:Q","MAX","RISE","RISE","",0
"cell_delay","885","","_336_:R","_336_:Q","MAX","FALL","FALL","",0
"cell_delay","884","","_336_:CLK","_336_:Q","MAX","RISE","RISE","",0
"cell_delay","884","","_336_:CLK","_336_:Q","MAX","RISE","FALL","",0
"cell_delay","876","","_336_:R","_336_:Q","MIN","RISE","RISE","",0
"cell_delay","876","","_336_:R","_336_:Q","MIN","FALL","FALL","",0
"cell_delay","875","","_336_:CLK","_336_:Q","MIN","RISE","RISE","",0
"cell_delay","875","","_336_:CLK","_336_:Q","MIN","RISE","FALL","",0
"net_delay","872","","clock","_335_:CLK","MIN","RISE","RISE","",0
"net_delay","872","","clock","_335_:CLK","MIN","FALL","FALL","",0
"net_delay","872","","clock","_335_:CLK","MAX","RISE","RISE","",0
"net_delay","872","","clock","_335_:CLK","MAX","FALL","FALL","",0
"net_delay","871","","_185_:Y","_335_:D","MIN","RISE","RISE","",0
"net_delay","871","","_185_:Y","_335_:D","MIN","FALL","FALL","",0
"net_delay","871","","_185_:Y","_335_:D","MAX","RISE","RISE","",0
"net_delay","871","","_185_:Y","_335_:D","MAX","FALL","FALL","",0
"net_delay","870","","_335_:Q","_275_:A","MIN","RISE","RISE","",0
"net_delay","870","","_335_:Q","_275_:A","MIN","FALL","FALL","",0
"net_delay","870","","_335_:Q","_275_:A","MAX","RISE","RISE","",0
"net_delay","870","","_335_:Q","_275_:A","MAX","FALL","FALL","",0
"net_delay","869","","_335_:Q","_170_:A","MIN","RISE","RISE","",0
"net_delay","869","","_335_:Q","_170_:A","MIN","FALL","FALL","",0
"net_delay","869","","_335_:Q","_170_:A","MAX","RISE","RISE","",0
"net_delay","869","","_335_:Q","_170_:A","MAX","FALL","FALL","",0
"net_delay","868","","_278_:Y","_335_:R","MIN","RISE","RISE","",0
"net_delay","868","","_278_:Y","_335_:R","MIN","FALL","FALL","",0
"net_delay","868","","_278_:Y","_335_:R","MAX","RISE","RISE","",0
"net_delay","868","","_278_:Y","_335_:R","MAX","FALL","FALL","",0
"cell_delay","863","","_335_:R","_335_:Q","MAX","RISE","RISE","",0
"cell_delay","863","","_335_:R","_335_:Q","MAX","FALL","FALL","",0
"cell_delay","862","","_335_:CLK","_335_:Q","MAX","RISE","RISE","",0
"cell_delay","862","","_335_:CLK","_335_:Q","MAX","RISE","FALL","",0
"cell_delay","854","","_335_:R","_335_:Q","MIN","RISE","RISE","",0
"cell_delay","854","","_335_:R","_335_:Q","MIN","FALL","FALL","",0
"cell_delay","853","","_335_:CLK","_335_:Q","MIN","RISE","RISE","",0
"cell_delay","853","","_335_:CLK","_335_:Q","MIN","RISE","FALL","",0
"net_delay","850","","clock","_334_:CLK","MIN","RISE","RISE","",0
"net_delay","850","","clock","_334_:CLK","MIN","FALL","FALL","",0
"net_delay","850","","clock","_334_:CLK","MAX","RISE","RISE","",0
"net_delay","850","","clock","_334_:CLK","MAX","FALL","FALL","",0
"net_delay","849","","_276_:Y","_334_:D","MIN","RISE","RISE","",0
"net_delay","849","","_276_:Y","_334_:D","MIN","FALL","FALL","",0
"net_delay","849","","_276_:Y","_334_:D","MAX","RISE","RISE","",0
"net_delay","849","","_276_:Y","_334_:D","MAX","FALL","FALL","",0
"net_delay","848","","_334_:Q","_268_:S","MIN","RISE","RISE","",0
"net_delay","848","","_334_:Q","_268_:S","MIN","FALL","FALL","",0
"net_delay","848","","_334_:Q","_268_:S","MAX","RISE","RISE","",0
"net_delay","848","","_334_:Q","_268_:S","MAX","FALL","FALL","",0
"net_delay","847","","_334_:Q","_264_:D","MIN","RISE","RISE","",0
"net_delay","847","","_334_:Q","_264_:D","MIN","FALL","FALL","",0
"net_delay","847","","_334_:Q","_264_:D","MAX","RISE","RISE","",0
"net_delay","847","","_334_:Q","_264_:D","MAX","FALL","FALL","",0
"net_delay","846","","_334_:Q","_260_:A","MIN","RISE","RISE","",0
"net_delay","846","","_334_:Q","_260_:A","MIN","FALL","FALL","",0
"net_delay","846","","_334_:Q","_260_:A","MAX","RISE","RISE","",0
"net_delay","846","","_334_:Q","_260_:A","MAX","FALL","FALL","",0
"net_delay","845","","_334_:Q","_257_:A","MIN","RISE","RISE","",0
"net_delay","845","","_334_:Q","_257_:A","MIN","FALL","FALL","",0
"net_delay","845","","_334_:Q","_257_:A","MAX","RISE","RISE","",0
"net_delay","845","","_334_:Q","_257_:A","MAX","FALL","FALL","",0
"net_delay","844","","_334_:Q","_253_:A","MIN","RISE","RISE","",0
"net_delay","844","","_334_:Q","_253_:A","MIN","FALL","FALL","",0
"net_delay","844","","_334_:Q","_253_:A","MAX","RISE","RISE","",0
"net_delay","844","","_334_:Q","_253_:A","MAX","FALL","FALL","",0
"net_delay","843","","_334_:Q","_250_:A","MIN","RISE","RISE","",0
"net_delay","843","","_334_:Q","_250_:A","MIN","FALL","FALL","",0
"net_delay","843","","_334_:Q","_250_:A","MAX","RISE","RISE","",0
"net_delay","843","","_334_:Q","_250_:A","MAX","FALL","FALL","",0
"net_delay","842","","_334_:Q","_247_:A","MIN","RISE","RISE","",0
"net_delay","842","","_334_:Q","_247_:A","MIN","FALL","FALL","",0
"net_delay","842","","_334_:Q","_247_:A","MAX","RISE","RISE","",0
"net_delay","842","","_334_:Q","_247_:A","MAX","FALL","FALL","",0
"net_delay","841","","_334_:Q","_242_:A","MIN","RISE","RISE","",0
"net_delay","841","","_334_:Q","_242_:A","MIN","FALL","FALL","",0
"net_delay","841","","_334_:Q","_242_:A","MAX","RISE","RISE","",0
"net_delay","841","","_334_:Q","_242_:A","MAX","FALL","FALL","",0
"net_delay","840","","_334_:Q","_240_:A","MIN","RISE","RISE","",0
"net_delay","840","","_334_:Q","_240_:A","MIN","FALL","FALL","",0
"net_delay","840","","_334_:Q","_240_:A","MAX","RISE","RISE","",0
"net_delay","840","","_334_:Q","_240_:A","MAX","FALL","FALL","",0
"net_delay","839","","_334_:Q","_230_:A","MIN","RISE","RISE","",0
"net_delay","839","","_334_:Q","_230_:A","MIN","FALL","FALL","",0
"net_delay","839","","_334_:Q","_230_:A","MAX","RISE","RISE","",0
"net_delay","839","","_334_:Q","_230_:A","MAX","FALL","FALL","",0
"net_delay","838","","_334_:Q","_229_:A","MIN","RISE","RISE","",0
"net_delay","838","","_334_:Q","_229_:A","MIN","FALL","FALL","",0
"net_delay","838","","_334_:Q","_229_:A","MAX","RISE","RISE","",0
"net_delay","838","","_334_:Q","_229_:A","MAX","FALL","FALL","",0
"net_delay","837","","_334_:Q","_172_:A","MIN","RISE","RISE","",0
"net_delay","837","","_334_:Q","_172_:A","MIN","FALL","FALL","",0
"net_delay","837","","_334_:Q","_172_:A","MAX","RISE","RISE","",0
"net_delay","837","","_334_:Q","_172_:A","MAX","FALL","FALL","",0
"net_delay","836","","_277_:Y","_334_:S","MIN","RISE","RISE","",0
"net_delay","836","","_277_:Y","_334_:S","MIN","FALL","FALL","",0
"net_delay","836","","_277_:Y","_334_:S","MAX","RISE","RISE","",0
"net_delay","836","","_277_:Y","_334_:S","MAX","FALL","FALL","",0
"cell_delay","832","","_334_:S","_334_:Q","MAX","FALL","RISE","",0
"cell_delay","830","","_334_:CLK","_334_:Q","MAX","RISE","RISE","",0
"cell_delay","830","","_334_:CLK","_334_:Q","MAX","RISE","FALL","",0
"cell_delay","823","","_334_:S","_334_:Q","MIN","FALL","RISE","",0
"cell_delay","821","","_334_:CLK","_334_:Q","MIN","RISE","RISE","",0
"cell_delay","821","","_334_:CLK","_334_:Q","MIN","RISE","FALL","",0
"net_delay","818","","_333_:Y","sr_7_","MIN","RISE","RISE","",0
"net_delay","818","","_333_:Y","sr_7_","MIN","FALL","FALL","",0
"net_delay","818","","_333_:Y","sr_7_","MAX","RISE","RISE","",-6.0796023957302196e-20
"net_delay","818","","_333_:Y","sr_7_","MAX","FALL","FALL","",0
"cell_delay","817","","_333_:A","_333_:Y","MAX","RISE","RISE","",-6.0796023957302196e-20
"cell_delay","817","","_333_:A","_333_:Y","MAX","FALL","FALL","",0
"cell_delay","816","","_333_:A","_333_:Y","MIN","RISE","RISE","",0
"cell_delay","816","","_333_:A","_333_:Y","MIN","FALL","FALL","",0
"net_delay","815","","_332_:Y","sr_6_","MIN","RISE","RISE","",0
"net_delay","815","","_332_:Y","sr_6_","MIN","FALL","FALL","",0
"net_delay","815","","_332_:Y","sr_6_","MAX","RISE","RISE","",-7.4020606418325336e-33
"net_delay","815","","_332_:Y","sr_6_","MAX","FALL","FALL","",0
"cell_delay","814","","_332_:A","_332_:Y","MAX","RISE","RISE","",-7.4020606418325336e-33
"cell_delay","814","","_332_:A","_332_:Y","MAX","FALL","FALL","",0
"cell_delay","813","","_332_:A","_332_:Y","MIN","RISE","RISE","",0
"cell_delay","813","","_332_:A","_332_:Y","MIN","FALL","FALL","",0
"net_delay","812","","_331_:Y","sr_5_","MIN","RISE","RISE","",0
"net_delay","812","","_331_:Y","sr_5_","MIN","FALL","FALL","",0
"net_delay","812","","_331_:Y","sr_5_","MAX","RISE","RISE","",-7.2116945678507889e-06
"net_delay","812","","_331_:Y","sr_5_","MAX","FALL","FALL","",0
"cell_delay","811","","_331_:A","_331_:Y","MAX","RISE","RISE","",-7.2116945678507889e-06
"cell_delay","811","","_331_:A","_331_:Y","MAX","FALL","FALL","",0
"cell_delay","810","","_331_:A","_331_:Y","MIN","RISE","RISE","",0
"cell_delay","810","","_331_:A","_331_:Y","MIN","FALL","FALL","",0
"net_delay","809","","_330_:Y","sr_4_","MIN","RISE","RISE","",0
"net_delay","809","","_330_:Y","sr_4_","MIN","FALL","FALL","",0
"net_delay","809","","_330_:Y","sr_4_","MAX","RISE","RISE","",-0.99998552841473698
"net_delay","809","","_330_:Y","sr_4_","MAX","FALL","FALL","",0
"cell_delay","808","","_330_:A","_330_:Y","MAX","RISE","RISE","",-0.99998552841473698
"cell_delay","808","","_330_:A","_330_:Y","MAX","FALL","FALL","",0
"cell_delay","807","","_330_:A","_330_:Y","MIN","RISE","RISE","",0
"cell_delay","807","","_330_:A","_330_:Y","MIN","FALL","FALL","",0
"net_delay","806","","_329_:Y","sr_3_","MIN","RISE","RISE","",0
"net_delay","806","","_329_:Y","sr_3_","MIN","FALL","FALL","",0
"net_delay","806","","_329_:Y","sr_3_","MAX","RISE","RISE","",-7.2598906950877056e-06
"net_delay","806","","_329_:Y","sr_3_","MAX","FALL","FALL","",0
"cell_delay","805","","_329_:A","_329_:Y","MAX","RISE","RISE","",-7.2598906950877056e-06
"cell_delay","805","","_329_:A","_329_:Y","MAX","FALL","FALL","",0
"cell_delay","804","","_329_:A","_329_:Y","MIN","RISE","RISE","",0
"cell_delay","804","","_329_:A","_329_:Y","MIN","FALL","FALL","",0
"net_delay","803","","_328_:Y","sr_2_","MIN","RISE","RISE","",0
"net_delay","803","","_328_:Y","sr_2_","MIN","FALL","FALL","",0
"net_delay","803","","_328_:Y","sr_2_","MAX","RISE","RISE","",-7.4020606418325336e-33
"net_delay","803","","_328_:Y","sr_2_","MAX","FALL","FALL","",0
"cell_delay","802","","_328_:A","_328_:Y","MAX","RISE","RISE","",-7.4020606418325336e-33
"cell_delay","802","","_328_:A","_328_:Y","MAX","FALL","FALL","",0
"cell_delay","801","","_328_:A","_328_:Y","MIN","RISE","RISE","",0
"cell_delay","801","","_328_:A","_328_:Y","MIN","FALL","FALL","",0
"net_delay","800","","_327_:Y","sr_1_","MIN","RISE","RISE","",0
"net_delay","800","","_327_:Y","sr_1_","MIN","FALL","FALL","",0
"net_delay","800","","_327_:Y","sr_1_","MAX","RISE","RISE","",-7.4020606418325336e-33
"net_delay","800","","_327_:Y","sr_1_","MAX","FALL","FALL","",0
"cell_delay","799","","_327_:A","_327_:Y","MAX","RISE","RISE","",-7.4020606418325336e-33
"cell_delay","799","","_327_:A","_327_:Y","MAX","FALL","FALL","",0
"cell_delay","798","","_327_:A","_327_:Y","MIN","RISE","RISE","",0
"cell_delay","798","","_327_:A","_327_:Y","MIN","FALL","FALL","",0
"net_delay","797","","_326_:Y","sr_0_","MIN","RISE","RISE","",0
"net_delay","797","","_326_:Y","sr_0_","MIN","FALL","FALL","",0
"net_delay","797","","_326_:Y","sr_0_","MAX","RISE","RISE","",-2.8293816859138396e-30
"net_delay","797","","_326_:Y","sr_0_","MAX","FALL","FALL","",0
"cell_delay","796","","_326_:A","_326_:Y","MAX","RISE","RISE","",-2.8293816859138396e-30
"cell_delay","796","","_326_:A","_326_:Y","MAX","FALL","FALL","",0
"cell_delay","795","","_326_:A","_326_:Y","MIN","RISE","RISE","",0
"cell_delay","795","","_326_:A","_326_:Y","MIN","FALL","FALL","",0
"net_delay","794","","_325_:Y","dp_8_","MIN","RISE","RISE","",0
"net_delay","794","","_325_:Y","dp_8_","MIN","FALL","FALL","",0
"net_delay","794","","_325_:Y","dp_8_","MAX","RISE","RISE","",-4.7901530151762083e-60
"net_delay","794","","_325_:Y","dp_8_","MAX","FALL","FALL","",0
"cell_delay","793","","_325_:A","_325_:Y","MAX","RISE","RISE","",-4.7901530151762083e-60
"cell_delay","793","","_325_:A","_325_:Y","MAX","FALL","FALL","",0
"cell_delay","792","","_325_:A","_325_:Y","MIN","RISE","RISE","",0
"cell_delay","792","","_325_:A","_325_:Y","MIN","FALL","FALL","",0
"net_delay","791","","_324_:Y","dp_7_","MIN","RISE","RISE","",0
"net_delay","791","","_324_:Y","dp_7_","MIN","FALL","FALL","",0
"net_delay","791","","_324_:Y","dp_7_","MAX","RISE","RISE","",-4.7901530151762083e-60
"net_delay","791","","_324_:Y","dp_7_","MAX","FALL","FALL","",0
"cell_delay","790","","_324_:A","_324_:Y","MAX","RISE","RISE","",-4.7901530151762083e-60
"cell_delay","790","","_324_:A","_324_:Y","MAX","FALL","FALL","",0
"cell_delay","789","","_324_:A","_324_:Y","MIN","RISE","RISE","",0
"cell_delay","789","","_324_:A","_324_:Y","MIN","FALL","FALL","",0
"net_delay","788","","_323_:Y","dp_6_","MIN","RISE","RISE","",0
"net_delay","788","","_323_:Y","dp_6_","MIN","FALL","FALL","",0
"net_delay","788","","_323_:Y","dp_6_","MAX","RISE","RISE","",-4.7901530151762083e-60
"net_delay","788","","_323_:Y","dp_6_","MAX","FALL","FALL","",0
"cell_delay","787","","_323_:A","_323_:Y","MAX","RISE","RISE","",-4.7901530151762083e-60
"cell_delay","787","","_323_:A","_323_:Y","MAX","FALL","FALL","",0
"cell_delay","786","","_323_:A","_323_:Y","MIN","RISE","RISE","",0
"cell_delay","786","","_323_:A","_323_:Y","MIN","FALL","FALL","",0
"net_delay","785","","_322_:Y","dp_5_","MIN","RISE","RISE","",0
"net_delay","785","","_322_:Y","dp_5_","MIN","FALL","FALL","",0
"net_delay","785","","_322_:Y","dp_5_","MAX","RISE","RISE","",-4.7901530151762083e-60
"net_delay","785","","_322_:Y","dp_5_","MAX","FALL","FALL","",0
"cell_delay","784","","_322_:A","_322_:Y","MAX","RISE","RISE","",-4.7901530151762083e-60
"cell_delay","784","","_322_:A","_322_:Y","MAX","FALL","FALL","",0
"cell_delay","783","","_322_:A","_322_:Y","MIN","RISE","RISE","",0
"cell_delay","783","","_322_:A","_322_:Y","MIN","FALL","FALL","",0
"net_delay","782","","_321_:Y","dp_4_","MIN","RISE","RISE","",0
"net_delay","782","","_321_:Y","dp_4_","MIN","FALL","FALL","",0
"net_delay","782","","_321_:Y","dp_4_","MAX","RISE","RISE","",-4.7901530151762083e-60
"net_delay","782","","_321_:Y","dp_4_","MAX","FALL","FALL","",0
"cell_delay","781","","_321_:A","_321_:Y","MAX","RISE","RISE","",-4.7901530151762083e-60
"cell_delay","781","","_321_:A","_321_:Y","MAX","FALL","FALL","",0
"cell_delay","780","","_321_:A","_321_:Y","MIN","RISE","RISE","",0
"cell_delay","780","","_321_:A","_321_:Y","MIN","FALL","FALL","",0
"net_delay","779","","_320_:Y","dp_3_","MIN","RISE","RISE","",0
"net_delay","779","","_320_:Y","dp_3_","MIN","FALL","FALL","",0
"net_delay","779","","_320_:Y","dp_3_","MAX","RISE","RISE","",-4.7901530151762083e-60
"net_delay","779","","_320_:Y","dp_3_","MAX","FALL","FALL","",0
"cell_delay","778","","_320_:A","_320_:Y","MAX","RISE","RISE","",-4.7901530151762083e-60
"cell_delay","778","","_320_:A","_320_:Y","MAX","FALL","FALL","",0
"cell_delay","777","","_320_:A","_320_:Y","MIN","RISE","RISE","",0
"cell_delay","777","","_320_:A","_320_:Y","MIN","FALL","FALL","",0
"net_delay","776","","_319_:Y","dp_2_","MIN","RISE","RISE","",0
"net_delay","776","","_319_:Y","dp_2_","MIN","FALL","FALL","",0
"net_delay","776","","_319_:Y","dp_2_","MAX","RISE","RISE","",-4.7901530151762083e-60
"net_delay","776","","_319_:Y","dp_2_","MAX","FALL","FALL","",0
"cell_delay","775","","_319_:A","_319_:Y","MAX","RISE","RISE","",-4.7901530151762083e-60
"cell_delay","775","","_319_:A","_319_:Y","MAX","FALL","FALL","",0
"cell_delay","774","","_319_:A","_319_:Y","MIN","RISE","RISE","",0
"cell_delay","774","","_319_:A","_319_:Y","MIN","FALL","FALL","",0
"net_delay","773","","_318_:Y","dp_1_","MIN","RISE","RISE","",0
"net_delay","773","","_318_:Y","dp_1_","MIN","FALL","FALL","",0
"net_delay","773","","_318_:Y","dp_1_","MAX","RISE","RISE","",-4.7901530151762083e-60
"net_delay","773","","_318_:Y","dp_1_","MAX","FALL","FALL","",0
"cell_delay","772","","_318_:A","_318_:Y","MAX","RISE","RISE","",-4.7901530151762083e-60
"cell_delay","772","","_318_:A","_318_:Y","MAX","FALL","FALL","",0
"cell_delay","771","","_318_:A","_318_:Y","MIN","RISE","RISE","",0
"cell_delay","771","","_318_:A","_318_:Y","MIN","FALL","FALL","",0
"net_delay","770","","_317_:Y","dp_0_","MIN","RISE","RISE","",0
"net_delay","770","","_317_:Y","dp_0_","MIN","FALL","FALL","",0
"net_delay","770","","_317_:Y","dp_0_","MAX","RISE","RISE","",-4.7901530151762083e-60
"net_delay","770","","_317_:Y","dp_0_","MAX","FALL","FALL","",0
"cell_delay","769","","_317_:A","_317_:Y","MAX","RISE","RISE","",-4.7901530151762083e-60
"cell_delay","769","","_317_:A","_317_:Y","MAX","FALL","FALL","",0
"cell_delay","768","","_317_:A","_317_:Y","MIN","RISE","RISE","",0
"cell_delay","768","","_317_:A","_317_:Y","MIN","FALL","FALL","",0
"net_delay","767","","_316_:Y","done","MIN","RISE","RISE","",0
"net_delay","767","","_316_:Y","done","MIN","FALL","FALL","",0
"net_delay","767","","_316_:Y","done","MAX","RISE","RISE","",-2.0870495676411476e-66
"net_delay","767","","_316_:Y","done","MAX","FALL","FALL","",0
"cell_delay","766","","_316_:A","_316_:Y","MAX","RISE","RISE","",-2.0870495676411476e-66
"cell_delay","766","","_316_:A","_316_:Y","MAX","FALL","FALL","",0
"cell_delay","765","","_316_:A","_316_:Y","MIN","RISE","RISE","",0
"cell_delay","765","","_316_:A","_316_:Y","MIN","FALL","FALL","",0
"net_delay","764","","_315_:Y","counter_7_","MIN","RISE","RISE","",0
"net_delay","764","","_315_:Y","counter_7_","MIN","FALL","FALL","",0
"net_delay","764","","_315_:Y","counter_7_","MAX","RISE","RISE","",-1.9594266533120519e-24
"net_delay","764","","_315_:Y","counter_7_","MAX","FALL","FALL","",0
"cell_delay","763","","_315_:A","_315_:Y","MAX","RISE","RISE","",-1.9594266533120519e-24
"cell_delay","763","","_315_:A","_315_:Y","MAX","FALL","FALL","",0
"cell_delay","762","","_315_:A","_315_:Y","MIN","RISE","RISE","",0
"cell_delay","762","","_315_:A","_315_:Y","MIN","FALL","FALL","",0
"net_delay","761","","_314_:Y","counter_6_","MIN","RISE","RISE","",0
"net_delay","761","","_314_:Y","counter_6_","MIN","FALL","FALL","",0
"net_delay","761","","_314_:Y","counter_6_","MAX","RISE","RISE","",-3.6984930523514607e-51
"net_delay","761","","_314_:Y","counter_6_","MAX","FALL","FALL","",0
"cell_delay","760","","_314_:A","_314_:Y","MAX","RISE","RISE","",-3.6984930523514607e-51
"cell_delay","760","","_314_:A","_314_:Y","MAX","FALL","FALL","",0
"cell_delay","759","","_314_:A","_314_:Y","MIN","RISE","RISE","",0
"cell_delay","759","","_314_:A","_314_:Y","MIN","FALL","FALL","",0
"net_delay","758","","_313_:Y","counter_5_","MIN","RISE","RISE","",0
"net_delay","758","","_313_:Y","counter_5_","MIN","FALL","FALL","",0
"net_delay","758","","_313_:Y","counter_5_","MAX","RISE","RISE","",-1.860416629102877e-37
"net_delay","758","","_313_:Y","counter_5_","MAX","FALL","FALL","",0
"cell_delay","757","","_313_:A","_313_:Y","MAX","RISE","RISE","",-1.860416629102877e-37
"cell_delay","757","","_313_:A","_313_:Y","MAX","FALL","FALL","",0
"cell_delay","756","","_313_:A","_313_:Y","MIN","RISE","RISE","",0
"cell_delay","756","","_313_:A","_313_:Y","MIN","FALL","FALL","",0
"net_delay","755","","_312_:Y","counter_4_","MIN","RISE","RISE","",0
"net_delay","755","","_312_:Y","counter_4_","MIN","FALL","FALL","",0
"net_delay","755","","_312_:Y","counter_4_","MAX","RISE","RISE","",-5.6079836361689647e-27
"net_delay","755","","_312_:Y","counter_4_","MAX","FALL","FALL","",0
"cell_delay","754","","_312_:A","_312_:Y","MAX","RISE","RISE","",-5.6079836361689647e-27
"cell_delay","754","","_312_:A","_312_:Y","MAX","FALL","FALL","",0
"cell_delay","753","","_312_:A","_312_:Y","MIN","RISE","RISE","",0
"cell_delay","753","","_312_:A","_312_:Y","MIN","FALL","FALL","",0
"net_delay","752","","_311_:Y","counter_3_","MIN","RISE","RISE","",0
"net_delay","752","","_311_:Y","counter_3_","MIN","FALL","FALL","",0
"net_delay","752","","_311_:Y","counter_3_","MAX","RISE","RISE","",-4.3303670412422717e-52
"net_delay","752","","_311_:Y","counter_3_","MAX","FALL","FALL","",0
"cell_delay","751","","_311_:A","_311_:Y","MAX","RISE","RISE","",-4.3303670412422717e-52
"cell_delay","751","","_311_:A","_311_:Y","MAX","FALL","FALL","",0
"cell_delay","750","","_311_:A","_311_:Y","MIN","RISE","RISE","",0
"cell_delay","750","","_311_:A","_311_:Y","MIN","FALL","FALL","",0
"net_delay","749","","_310_:Y","counter_2_","MIN","RISE","RISE","",0
"net_delay","749","","_310_:Y","counter_2_","MIN","FALL","FALL","",0
"net_delay","749","","_310_:Y","counter_2_","MAX","RISE","RISE","",-1.6277908617935088e-23
"net_delay","749","","_310_:Y","counter_2_","MAX","FALL","FALL","",0
"cell_delay","748","","_310_:A","_310_:Y","MAX","RISE","RISE","",-1.6277908617935088e-23
"cell_delay","748","","_310_:A","_310_:Y","MAX","FALL","FALL","",0
"cell_delay","747","","_310_:A","_310_:Y","MIN","RISE","RISE","",0
"cell_delay","747","","_310_:A","_310_:Y","MIN","FALL","FALL","",0
"net_delay","746","","_309_:Y","counter_1_","MIN","RISE","RISE","",0
"net_delay","746","","_309_:Y","counter_1_","MIN","FALL","FALL","",0
"net_delay","746","","_309_:Y","counter_1_","MAX","RISE","RISE","",-4.3303670412422717e-52
"net_delay","746","","_309_:Y","counter_1_","MAX","FALL","FALL","",0
"cell_delay","745","","_309_:A","_309_:Y","MAX","RISE","RISE","",-4.3303670412422717e-52
"cell_delay","745","","_309_:A","_309_:Y","MAX","FALL","FALL","",0
"cell_delay","744","","_309_:A","_309_:Y","MIN","RISE","RISE","",0
"cell_delay","744","","_309_:A","_309_:Y","MIN","FALL","FALL","",0
"net_delay","743","","_308_:Y","counter_0_","MIN","RISE","RISE","",0
"net_delay","743","","_308_:Y","counter_0_","MIN","FALL","FALL","",0
"net_delay","743","","_308_:Y","counter_0_","MAX","RISE","RISE","",-5.0004475069972718e-19
"net_delay","743","","_308_:Y","counter_0_","MAX","FALL","FALL","",0
"cell_delay","742","","_308_:A","_308_:Y","MAX","RISE","RISE","",-5.0004475069972718e-19
"cell_delay","742","","_308_:A","_308_:Y","MAX","FALL","FALL","",0
"cell_delay","741","","_308_:A","_308_:Y","MIN","RISE","RISE","",0
"cell_delay","741","","_308_:A","_308_:Y","MIN","FALL","FALL","",0
"net_delay","740","","reset","_307_:A","MIN","RISE","RISE","",0
"net_delay","740","","reset","_307_:A","MIN","FALL","FALL","",0
"net_delay","740","","reset","_307_:A","MAX","RISE","RISE","",0
"net_delay","740","","reset","_307_:A","MAX","FALL","FALL","",-6.0796023957302196e-20
"cell_delay","739","","_307_:A","_307_:Y","MAX","RISE","FALL","",0
"cell_delay","739","","_307_:A","_307_:Y","MAX","FALL","RISE","",-6.0796023957302196e-20
"cell_delay","738","","_307_:A","_307_:Y","MIN","RISE","FALL","",0
"cell_delay","738","","_307_:A","_307_:Y","MIN","FALL","RISE","",0
"net_delay","737","","reset","_306_:A","MIN","RISE","RISE","",0
"net_delay","737","","reset","_306_:A","MIN","FALL","FALL","",0
"net_delay","737","","reset","_306_:A","MAX","RISE","RISE","",0
"net_delay","737","","reset","_306_:A","MAX","FALL","FALL","",-7.4020606418325336e-33
"cell_delay","736","","_306_:A","_306_:Y","MAX","RISE","FALL","",0
"cell_delay","736","","_306_:A","_306_:Y","MAX","FALL","RISE","",-7.4020606418325336e-33
"cell_delay","735","","_306_:A","_306_:Y","MIN","RISE","FALL","",0
"cell_delay","735","","_306_:A","_306_:Y","MIN","FALL","RISE","",0
"net_delay","734","","reset","_305_:A","MIN","RISE","RISE","",0
"net_delay","734","","reset","_305_:A","MIN","FALL","FALL","",0
"net_delay","734","","reset","_305_:A","MAX","RISE","RISE","",0
"net_delay","734","","reset","_305_:A","MAX","FALL","FALL","",-7.2116945678507889e-06
"cell_delay","733","","_305_:A","_305_:Y","MAX","RISE","FALL","",0
"cell_delay","733","","_305_:A","_305_:Y","MAX","FALL","RISE","",-7.2116945678507889e-06
"cell_delay","732","","_305_:A","_305_:Y","MIN","RISE","FALL","",0
"cell_delay","732","","_305_:A","_305_:Y","MIN","FALL","RISE","",0
"net_delay","731","","reset","_304_:A","MIN","RISE","RISE","",0
"net_delay","731","","reset","_304_:A","MIN","FALL","FALL","",0
"net_delay","731","","reset","_304_:A","MAX","RISE","RISE","",0
"net_delay","731","","reset","_304_:A","MAX","FALL","FALL","",-0.99998552841473698
"cell_delay","730","","_304_:A","_304_:Y","MAX","RISE","FALL","",0
"cell_delay","730","","_304_:A","_304_:Y","MAX","FALL","RISE","",-0.99998552841473698
"cell_delay","729","","_304_:A","_304_:Y","MIN","RISE","FALL","",0
"cell_delay","729","","_304_:A","_304_:Y","MIN","FALL","RISE","",0
"net_delay","728","","reset","_303_:A","MIN","RISE","RISE","",0
"net_delay","728","","reset","_303_:A","MIN","FALL","FALL","",0
"net_delay","728","","reset","_303_:A","MAX","RISE","RISE","",0
"net_delay","728","","reset","_303_:A","MAX","FALL","FALL","",-7.2598906950877056e-06
"cell_delay","727","","_303_:A","_303_:Y","MAX","RISE","FALL","",0
"cell_delay","727","","_303_:A","_303_:Y","MAX","FALL","RISE","",-7.2598906950877056e-06
"cell_delay","726","","_303_:A","_303_:Y","MIN","RISE","FALL","",0
"cell_delay","726","","_303_:A","_303_:Y","MIN","FALL","RISE","",0
"net_delay","725","","reset","_302_:A","MIN","RISE","RISE","",0
"net_delay","725","","reset","_302_:A","MIN","FALL","FALL","",0
"net_delay","725","","reset","_302_:A","MAX","RISE","RISE","",0
"net_delay","725","","reset","_302_:A","MAX","FALL","FALL","",-7.4020606418325336e-33
"cell_delay","724","","_302_:A","_302_:Y","MAX","RISE","FALL","",0
"cell_delay","724","","_302_:A","_302_:Y","MAX","FALL","RISE","",-7.4020606418325336e-33
"cell_delay","723","","_302_:A","_302_:Y","MIN","RISE","FALL","",0
"cell_delay","723","","_302_:A","_302_:Y","MIN","FALL","RISE","",0
"net_delay","722","","reset","_301_:A","MIN","RISE","RISE","",0
"net_delay","722","","reset","_301_:A","MIN","FALL","FALL","",0
"net_delay","722","","reset","_301_:A","MAX","RISE","RISE","",0
"net_delay","722","","reset","_301_:A","MAX","FALL","FALL","",-7.4020606418325336e-33
"cell_delay","721","","_301_:A","_301_:Y","MAX","RISE","FALL","",0
"cell_delay","721","","_301_:A","_301_:Y","MAX","FALL","RISE","",-7.4020606418325336e-33
"cell_delay","720","","_301_:A","_301_:Y","MIN","RISE","FALL","",0
"cell_delay","720","","_301_:A","_301_:Y","MIN","FALL","RISE","",0
"net_delay","719","","reset","_300_:A","MIN","RISE","RISE","",0
"net_delay","719","","reset","_300_:A","MIN","FALL","FALL","",0
"net_delay","719","","reset","_300_:A","MAX","RISE","RISE","",0
"net_delay","719","","reset","_300_:A","MAX","FALL","FALL","",-2.8293816859138396e-30
"cell_delay","718","","_300_:A","_300_:Y","MAX","RISE","FALL","",0
"cell_delay","718","","_300_:A","_300_:Y","MAX","FALL","RISE","",-2.8293816859138396e-30
"cell_delay","717","","_300_:A","_300_:Y","MIN","RISE","FALL","",0
"cell_delay","717","","_300_:A","_300_:Y","MIN","FALL","RISE","",0
"net_delay","716","","reset","_299_:A","MIN","RISE","RISE","",0
"net_delay","716","","reset","_299_:A","MIN","FALL","FALL","",0
"net_delay","716","","reset","_299_:A","MAX","RISE","RISE","",0
"net_delay","716","","reset","_299_:A","MAX","FALL","FALL","",-1.9594266533120519e-24
"cell_delay","715","","_299_:A","_299_:Y","MAX","RISE","FALL","",0
"cell_delay","715","","_299_:A","_299_:Y","MAX","FALL","RISE","",-1.9594266533120519e-24
"cell_delay","714","","_299_:A","_299_:Y","MIN","RISE","FALL","",0
"cell_delay","714","","_299_:A","_299_:Y","MIN","FALL","RISE","",0
"net_delay","713","","reset","_298_:A","MIN","RISE","RISE","",0
"net_delay","713","","reset","_298_:A","MIN","FALL","FALL","",0
"net_delay","713","","reset","_298_:A","MAX","RISE","RISE","",0
"net_delay","713","","reset","_298_:A","MAX","FALL","FALL","",-3.6984930523514607e-51
"cell_delay","712","","_298_:A","_298_:Y","MAX","RISE","FALL","",0
"cell_delay","712","","_298_:A","_298_:Y","MAX","FALL","RISE","",-3.6984930523514607e-51
"cell_delay","711","","_298_:A","_298_:Y","MIN","RISE","FALL","",0
"cell_delay","711","","_298_:A","_298_:Y","MIN","FALL","RISE","",0
"net_delay","710","","reset","_297_:A","MIN","RISE","RISE","",0
"net_delay","710","","reset","_297_:A","MIN","FALL","FALL","",0
"net_delay","710","","reset","_297_:A","MAX","RISE","RISE","",0
"net_delay","710","","reset","_297_:A","MAX","FALL","FALL","",-1.860416629102877e-37
"cell_delay","709","","_297_:A","_297_:Y","MAX","RISE","FALL","",0
"cell_delay","709","","_297_:A","_297_:Y","MAX","FALL","RISE","",-1.860416629102877e-37
"cell_delay","708","","_297_:A","_297_:Y","MIN","RISE","FALL","",0
"cell_delay","708","","_297_:A","_297_:Y","MIN","FALL","RISE","",0
"net_delay","707","","reset","_296_:A","MIN","RISE","RISE","",0
"net_delay","707","","reset","_296_:A","MIN","FALL","FALL","",0
"net_delay","707","","reset","_296_:A","MAX","RISE","RISE","",0
"net_delay","707","","reset","_296_:A","MAX","FALL","FALL","",-5.6079836361689647e-27
"cell_delay","706","","_296_:A","_296_:Y","MAX","RISE","FALL","",0
"cell_delay","706","","_296_:A","_296_:Y","MAX","FALL","RISE","",-5.6079836361689647e-27
"cell_delay","705","","_296_:A","_296_:Y","MIN","RISE","FALL","",0
"cell_delay","705","","_296_:A","_296_:Y","MIN","FALL","RISE","",0
"net_delay","704","","reset","_295_:A","MIN","RISE","RISE","",0
"net_delay","704","","reset","_295_:A","MIN","FALL","FALL","",0
"net_delay","704","","reset","_295_:A","MAX","RISE","RISE","",0
"net_delay","704","","reset","_295_:A","MAX","FALL","FALL","",-4.3303670412422717e-52
"cell_delay","703","","_295_:A","_295_:Y","MAX","RISE","FALL","",0
"cell_delay","703","","_295_:A","_295_:Y","MAX","FALL","RISE","",-4.3303670412422717e-52
"cell_delay","702","","_295_:A","_295_:Y","MIN","RISE","FALL","",0
"cell_delay","702","","_295_:A","_295_:Y","MIN","FALL","RISE","",0
"net_delay","701","","reset","_294_:A","MIN","RISE","RISE","",0
"net_delay","701","","reset","_294_:A","MIN","FALL","FALL","",0
"net_delay","701","","reset","_294_:A","MAX","RISE","RISE","",0
"net_delay","701","","reset","_294_:A","MAX","FALL","FALL","",-1.6277908617935088e-23
"cell_delay","700","","_294_:A","_294_:Y","MAX","RISE","FALL","",0
"cell_delay","700","","_294_:A","_294_:Y","MAX","FALL","RISE","",-1.6277908617935088e-23
"cell_delay","699","","_294_:A","_294_:Y","MIN","RISE","FALL","",0
"cell_delay","699","","_294_:A","_294_:Y","MIN","FALL","RISE","",0
"net_delay","698","","reset","_293_:A","MIN","RISE","RISE","",0
"net_delay","698","","reset","_293_:A","MIN","FALL","FALL","",0
"net_delay","698","","reset","_293_:A","MAX","RISE","RISE","",0
"net_delay","698","","reset","_293_:A","MAX","FALL","FALL","",-4.3303670412422717e-52
"cell_delay","697","","_293_:A","_293_:Y","MAX","RISE","FALL","",0
"cell_delay","697","","_293_:A","_293_:Y","MAX","FALL","RISE","",-4.3303670412422717e-52
"cell_delay","696","","_293_:A","_293_:Y","MIN","RISE","FALL","",0
"cell_delay","696","","_293_:A","_293_:Y","MIN","FALL","RISE","",0
"net_delay","695","","reset","_292_:A","MIN","RISE","RISE","",0
"net_delay","695","","reset","_292_:A","MIN","FALL","FALL","",0
"net_delay","695","","reset","_292_:A","MAX","RISE","RISE","",0
"net_delay","695","","reset","_292_:A","MAX","FALL","FALL","",-5.0004475069972718e-19
"cell_delay","694","","_292_:A","_292_:Y","MAX","RISE","FALL","",0
"cell_delay","694","","_292_:A","_292_:Y","MAX","FALL","RISE","",-5.0004475069972718e-19
"cell_delay","693","","_292_:A","_292_:Y","MIN","RISE","FALL","",0
"cell_delay","693","","_292_:A","_292_:Y","MIN","FALL","RISE","",0
"net_delay","692","","reset","_291_:A","MIN","RISE","RISE","",0
"net_delay","692","","reset","_291_:A","MIN","FALL","FALL","",0
"net_delay","692","","reset","_291_:A","MAX","RISE","RISE","",0
"net_delay","692","","reset","_291_:A","MAX","FALL","FALL","",-2.0870495676411476e-66
"cell_delay","691","","_291_:A","_291_:Y","MAX","RISE","FALL","",0
"cell_delay","691","","_291_:A","_291_:Y","MAX","FALL","RISE","",-2.0870495676411476e-66
"cell_delay","690","","_291_:A","_291_:Y","MIN","RISE","FALL","",0
"cell_delay","690","","_291_:A","_291_:Y","MIN","FALL","RISE","",0
"net_delay","689","","reset","_290_:A","MIN","RISE","RISE","",0
"net_delay","689","","reset","_290_:A","MIN","FALL","FALL","",0
"net_delay","689","","reset","_290_:A","MAX","RISE","RISE","",0
"net_delay","689","","reset","_290_:A","MAX","FALL","FALL","",-4.7901530151762083e-60
"cell_delay","688","","_290_:A","_290_:Y","MAX","RISE","FALL","",0
"cell_delay","688","","_290_:A","_290_:Y","MAX","FALL","RISE","",-4.7901530151762083e-60
"cell_delay","687","","_290_:A","_290_:Y","MIN","RISE","FALL","",0
"cell_delay","687","","_290_:A","_290_:Y","MIN","FALL","RISE","",0
"net_delay","686","","reset","_289_:A","MIN","RISE","RISE","",0
"net_delay","686","","reset","_289_:A","MIN","FALL","FALL","",0
"net_delay","686","","reset","_289_:A","MAX","RISE","RISE","",0
"net_delay","686","","reset","_289_:A","MAX","FALL","FALL","",-4.7901530151762083e-60
"cell_delay","685","","_289_:A","_289_:Y","MAX","RISE","FALL","",0
"cell_delay","685","","_289_:A","_289_:Y","MAX","FALL","RISE","",-4.7901530151762083e-60
"cell_delay","684","","_289_:A","_289_:Y","MIN","RISE","FALL","",0
"cell_delay","684","","_289_:A","_289_:Y","MIN","FALL","RISE","",0
"net_delay","683","","reset","_288_:A","MIN","RISE","RISE","",0
"net_delay","683","","reset","_288_:A","MIN","FALL","FALL","",0
"net_delay","683","","reset","_288_:A","MAX","RISE","RISE","",0
"net_delay","683","","reset","_288_:A","MAX","FALL","FALL","",-4.7901530151762083e-60
"cell_delay","682","","_288_:A","_288_:Y","MAX","RISE","FALL","",0
"cell_delay","682","","_288_:A","_288_:Y","MAX","FALL","RISE","",-4.7901530151762083e-60
"cell_delay","681","","_288_:A","_288_:Y","MIN","RISE","FALL","",0
"cell_delay","681","","_288_:A","_288_:Y","MIN","FALL","RISE","",0
"net_delay","680","","reset","_287_:A","MIN","RISE","RISE","",0
"net_delay","680","","reset","_287_:A","MIN","FALL","FALL","",0
"net_delay","680","","reset","_287_:A","MAX","RISE","RISE","",0
"net_delay","680","","reset","_287_:A","MAX","FALL","FALL","",-4.7901530151762083e-60
"cell_delay","679","","_287_:A","_287_:Y","MAX","RISE","FALL","",0
"cell_delay","679","","_287_:A","_287_:Y","MAX","FALL","RISE","",-4.7901530151762083e-60
"cell_delay","678","","_287_:A","_287_:Y","MIN","RISE","FALL","",0
"cell_delay","678","","_287_:A","_287_:Y","MIN","FALL","RISE","",0
"net_delay","677","","reset","_286_:A","MIN","RISE","RISE","",0
"net_delay","677","","reset","_286_:A","MIN","FALL","FALL","",0
"net_delay","677","","reset","_286_:A","MAX","RISE","RISE","",0
"net_delay","677","","reset","_286_:A","MAX","FALL","FALL","",-4.7901530151762083e-60
"cell_delay","676","","_286_:A","_286_:Y","MAX","RISE","FALL","",0
"cell_delay","676","","_286_:A","_286_:Y","MAX","FALL","RISE","",-4.7901530151762083e-60
"cell_delay","675","","_286_:A","_286_:Y","MIN","RISE","FALL","",0
"cell_delay","675","","_286_:A","_286_:Y","MIN","FALL","RISE","",0
"net_delay","674","","reset","_285_:A","MIN","RISE","RISE","",0
"net_delay","674","","reset","_285_:A","MIN","FALL","FALL","",0
"net_delay","674","","reset","_285_:A","MAX","RISE","RISE","",0
"net_delay","674","","reset","_285_:A","MAX","FALL","FALL","",-4.7901530151762083e-60
"cell_delay","673","","_285_:A","_285_:Y","MAX","RISE","FALL","",0
"cell_delay","673","","_285_:A","_285_:Y","MAX","FALL","RISE","",-4.7901530151762083e-60
"cell_delay","672","","_285_:A","_285_:Y","MIN","RISE","FALL","",0
"cell_delay","672","","_285_:A","_285_:Y","MIN","FALL","RISE","",0
"net_delay","671","","reset","_284_:A","MIN","RISE","RISE","",0
"net_delay","671","","reset","_284_:A","MIN","FALL","FALL","",0
"net_delay","671","","reset","_284_:A","MAX","RISE","RISE","",0
"net_delay","671","","reset","_284_:A","MAX","FALL","FALL","",-4.7901530151762083e-60
"cell_delay","670","","_284_:A","_284_:Y","MAX","RISE","FALL","",0
"cell_delay","670","","_284_:A","_284_:Y","MAX","FALL","RISE","",-4.7901530151762083e-60
"cell_delay","669","","_284_:A","_284_:Y","MIN","RISE","FALL","",0
"cell_delay","669","","_284_:A","_284_:Y","MIN","FALL","RISE","",0
"net_delay","668","","reset","_283_:A","MIN","RISE","RISE","",0
"net_delay","668","","reset","_283_:A","MIN","FALL","FALL","",0
"net_delay","668","","reset","_283_:A","MAX","RISE","RISE","",0
"net_delay","668","","reset","_283_:A","MAX","FALL","FALL","",-4.7901530151762083e-60
"cell_delay","667","","_283_:A","_283_:Y","MAX","RISE","FALL","",0
"cell_delay","667","","_283_:A","_283_:Y","MAX","FALL","RISE","",-4.7901530151762083e-60
"cell_delay","666","","_283_:A","_283_:Y","MIN","RISE","FALL","",0
"cell_delay","666","","_283_:A","_283_:Y","MIN","FALL","RISE","",0
"net_delay","665","","reset","_282_:A","MIN","RISE","RISE","",0
"net_delay","665","","reset","_282_:A","MIN","FALL","FALL","",0
"net_delay","665","","reset","_282_:A","MAX","RISE","RISE","",0
"net_delay","665","","reset","_282_:A","MAX","FALL","FALL","",-4.7901530151762083e-60
"cell_delay","664","","_282_:A","_282_:Y","MAX","RISE","FALL","",0
"cell_delay","664","","_282_:A","_282_:Y","MAX","FALL","RISE","",-4.7901530151762083e-60
"cell_delay","663","","_282_:A","_282_:Y","MIN","RISE","FALL","",0
"cell_delay","663","","_282_:A","_282_:Y","MIN","FALL","RISE","",0
"net_delay","662","","reset","_281_:A","MIN","RISE","RISE","",0
"net_delay","662","","reset","_281_:A","MIN","FALL","FALL","",0
"net_delay","662","","reset","_281_:A","MAX","RISE","RISE","",0
"net_delay","662","","reset","_281_:A","MAX","FALL","FALL","",0
"cell_delay","661","","_281_:A","_281_:Y","MAX","RISE","FALL","",0
"cell_delay","661","","_281_:A","_281_:Y","MAX","FALL","RISE","",0
"cell_delay","660","","_281_:A","_281_:Y","MIN","RISE","FALL","",0
"cell_delay","660","","_281_:A","_281_:Y","MIN","FALL","RISE","",0
"net_delay","659","","reset","_280_:A","MIN","RISE","RISE","",0
"net_delay","659","","reset","_280_:A","MIN","FALL","FALL","",0
"net_delay","659","","reset","_280_:A","MAX","RISE","RISE","",0
"net_delay","659","","reset","_280_:A","MAX","FALL","FALL","",0
"cell_delay","658","","_280_:A","_280_:Y","MAX","RISE","FALL","",0
"cell_delay","658","","_280_:A","_280_:Y","MAX","FALL","RISE","",0
"cell_delay","657","","_280_:A","_280_:Y","MIN","RISE","FALL","",0
"cell_delay","657","","_280_:A","_280_:Y","MIN","FALL","RISE","",0
"net_delay","656","","reset","_279_:A","MIN","RISE","RISE","",0
"net_delay","656","","reset","_279_:A","MIN","FALL","FALL","",0
"net_delay","656","","reset","_279_:A","MAX","RISE","RISE","",0
"net_delay","656","","reset","_279_:A","MAX","FALL","FALL","",0
"cell_delay","655","","_279_:A","_279_:Y","MAX","RISE","FALL","",0
"cell_delay","655","","_279_:A","_279_:Y","MAX","FALL","RISE","",0
"cell_delay","654","","_279_:A","_279_:Y","MIN","RISE","FALL","",0
"cell_delay","654","","_279_:A","_279_:Y","MIN","FALL","RISE","",0
"net_delay","653","","reset","_278_:A","MIN","RISE","RISE","",0
"net_delay","653","","reset","_278_:A","MIN","FALL","FALL","",0
"net_delay","653","","reset","_278_:A","MAX","RISE","RISE","",0
"net_delay","653","","reset","_278_:A","MAX","FALL","FALL","",0
"cell_delay","652","","_278_:A","_278_:Y","MAX","RISE","FALL","",0
"cell_delay","652","","_278_:A","_278_:Y","MAX","FALL","RISE","",0
"cell_delay","651","","_278_:A","_278_:Y","MIN","RISE","FALL","",0
"cell_delay","651","","_278_:A","_278_:Y","MIN","FALL","RISE","",0
"net_delay","650","","reset","_277_:A","MIN","RISE","RISE","",0
"net_delay","650","","reset","_277_:A","MIN","FALL","FALL","",0
"net_delay","650","","reset","_277_:A","MAX","RISE","RISE","",0
"net_delay","650","","reset","_277_:A","MAX","FALL","FALL","",0
"cell_delay","649","","_277_:A","_277_:Y","MAX","RISE","FALL","",0
"cell_delay","649","","_277_:A","_277_:Y","MAX","FALL","RISE","",0
"cell_delay","648","","_277_:A","_277_:Y","MIN","RISE","FALL","",0
"cell_delay","648","","_277_:A","_277_:Y","MIN","FALL","RISE","",0
"net_delay","647","","_275_:Y","_276_:A","MIN","RISE","RISE","",0
"net_delay","647","","_275_:Y","_276_:A","MIN","FALL","FALL","",0
"net_delay","647","","_275_:Y","_276_:A","MAX","RISE","RISE","",0
"net_delay","647","","_275_:Y","_276_:A","MAX","FALL","FALL","",0
"cell_delay","646","","_276_:A","_276_:Y","MAX","RISE","FALL","",0
"cell_delay","646","","_276_:A","_276_:Y","MAX","FALL","RISE","",0
"cell_delay","645","","_276_:A","_276_:Y","MIN","RISE","FALL","",0
"cell_delay","645","","_276_:A","_276_:Y","MIN","FALL","RISE","",0
"net_delay","644","","_184_:Y","_275_:B","MIN","RISE","RISE","",0
"net_delay","644","","_184_:Y","_275_:B","MIN","FALL","FALL","",0
"net_delay","644","","_184_:Y","_275_:B","MAX","RISE","RISE","",0
"net_delay","644","","_184_:Y","_275_:B","MAX","FALL","FALL","",0
"cell_delay","643","","_275_:B","_275_:Y","MAX","RISE","FALL","",0
"cell_delay","643","","_275_:B","_275_:Y","MAX","FALL","RISE","",0
"cell_delay","642","","_275_:A","_275_:Y","MAX","RISE","FALL","",0
"cell_delay","642","","_275_:A","_275_:Y","MAX","FALL","RISE","",0
"cell_delay","641","","_275_:B","_275_:Y","MIN","RISE","FALL","",0
"cell_delay","641","","_275_:B","_275_:Y","MIN","FALL","RISE","",0
"cell_delay","640","","_275_:A","_275_:Y","MIN","RISE","FALL","",0
"cell_delay","640","","_275_:A","_275_:Y","MIN","FALL","RISE","",0
"net_delay","639","","_272_:Y","_274_:A","MIN","RISE","RISE","",0
"net_delay","639","","_272_:Y","_274_:A","MIN","FALL","FALL","",0
"net_delay","639","","_272_:Y","_274_:A","MAX","RISE","RISE","",0
"net_delay","639","","_272_:Y","_274_:A","MAX","FALL","FALL","",0
"net_delay","638","","_273_:Y","_274_:B","MIN","RISE","RISE","",0
"net_delay","638","","_273_:Y","_274_:B","MIN","FALL","FALL","",0
"net_delay","638","","_273_:Y","_274_:B","MAX","RISE","RISE","",0
"net_delay","638","","_273_:Y","_274_:B","MAX","FALL","FALL","",0
"cell_delay","637","","_274_:B","_274_:Y","MAX","RISE","FALL","",0
"cell_delay","637","","_274_:B","_274_:Y","MAX","FALL","RISE","",0
"cell_delay","636","","_274_:A","_274_:Y","MAX","RISE","FALL","",0
"cell_delay","636","","_274_:A","_274_:Y","MAX","FALL","RISE","",0
"cell_delay","635","","_274_:B","_274_:Y","MIN","RISE","FALL","",0
"cell_delay","635","","_274_:B","_274_:Y","MIN","FALL","RISE","",0
"cell_delay","634","","_274_:A","_274_:Y","MIN","RISE","FALL","",0
"cell_delay","634","","_274_:A","_274_:Y","MIN","FALL","RISE","",0
"net_delay","633","","_168_:Y","_273_:A","MIN","RISE","RISE","",0
"net_delay","633","","_168_:Y","_273_:A","MIN","FALL","FALL","",0
"net_delay","633","","_168_:Y","_273_:A","MAX","RISE","RISE","",0
"net_delay","633","","_168_:Y","_273_:A","MAX","FALL","FALL","",0
"net_delay","632","","_172_:Y","_273_:C","MIN","RISE","RISE","",0
"net_delay","632","","_172_:Y","_273_:C","MIN","FALL","FALL","",0
"net_delay","632","","_172_:Y","_273_:C","MAX","RISE","RISE","",0
"net_delay","632","","_172_:Y","_273_:C","MAX","FALL","FALL","",0
"cell_delay","631","","_273_:C","_273_:Y","MAX","RISE","FALL","",0
"cell_delay","631","","_273_:C","_273_:Y","MAX","FALL","RISE","",0
"cell_delay","630","","_273_:B","_273_:Y","MAX","RISE","FALL","",0
"cell_delay","630","","_273_:B","_273_:Y","MAX","FALL","RISE","",0
"cell_delay","629","","_273_:A","_273_:Y","MAX","RISE","FALL","",0
"cell_delay","629","","_273_:A","_273_:Y","MAX","FALL","RISE","",0
"cell_delay","628","","_273_:C","_273_:Y","MIN","RISE","FALL","",0
"cell_delay","628","","_273_:C","_273_:Y","MIN","FALL","RISE","",0
"cell_delay","627","","_273_:B","_273_:Y","MIN","RISE","FALL","",0
"cell_delay","627","","_273_:B","_273_:Y","MIN","FALL","RISE","",0
"cell_delay","626","","_273_:A","_273_:Y","MIN","RISE","FALL","",0
"cell_delay","626","","_273_:A","_273_:Y","MIN","FALL","RISE","",0
"cell_delay","625","","_272_:B","_272_:Y","MAX","RISE","FALL","",0
"cell_delay","625","","_272_:B","_272_:Y","MAX","FALL","RISE","",0
"cell_delay","624","","_272_:A","_272_:Y","MAX","RISE","FALL","",0
"cell_delay","624","","_272_:A","_272_:Y","MAX","FALL","RISE","",0
"cell_delay","623","","_272_:B","_272_:Y","MIN","RISE","FALL","",0
"cell_delay","623","","_272_:B","_272_:Y","MIN","FALL","RISE","",0
"cell_delay","622","","_272_:A","_272_:Y","MIN","RISE","FALL","",0
"cell_delay","622","","_272_:A","_272_:Y","MIN","FALL","RISE","",0
"net_delay","621","","_172_:Y","_271_:A","MIN","RISE","RISE","",0
"net_delay","621","","_172_:Y","_271_:A","MIN","FALL","FALL","",0
"net_delay","621","","_172_:Y","_271_:A","MAX","RISE","RISE","",0
"net_delay","621","","_172_:Y","_271_:A","MAX","FALL","FALL","",0
"net_delay","620","","_270_:Y","_271_:B","MIN","RISE","RISE","",0
"net_delay","620","","_270_:Y","_271_:B","MIN","FALL","FALL","",0
"net_delay","620","","_270_:Y","_271_:B","MAX","RISE","RISE","",0
"net_delay","620","","_270_:Y","_271_:B","MAX","FALL","FALL","",0
"cell_delay","619","","_271_:B","_271_:Y","MAX","RISE","RISE","",0
"cell_delay","619","","_271_:B","_271_:Y","MAX","FALL","FALL","",0
"cell_delay","618","","_271_:A","_271_:Y","MAX","RISE","RISE","",0
"cell_delay","618","","_271_:A","_271_:Y","MAX","FALL","FALL","",0
"cell_delay","617","","_271_:B","_271_:Y","MIN","RISE","RISE","",0
"cell_delay","617","","_271_:B","_271_:Y","MIN","FALL","FALL","",0
"cell_delay","616","","_271_:A","_271_:Y","MIN","RISE","RISE","",0
"cell_delay","616","","_271_:A","_271_:Y","MIN","FALL","FALL","",0
"net_delay","615","","_269_:Y","_270_:B","MIN","RISE","RISE","",0
"net_delay","615","","_269_:Y","_270_:B","MIN","FALL","FALL","",0
"net_delay","615","","_269_:Y","_270_:B","MAX","RISE","RISE","",0
"net_delay","615","","_269_:Y","_270_:B","MAX","FALL","FALL","",0
"net_delay","614","","_175_:Y","_270_:C","MIN","RISE","RISE","",0
"net_delay","614","","_175_:Y","_270_:C","MIN","FALL","FALL","",0
"net_delay","614","","_175_:Y","_270_:C","MAX","RISE","RISE","",0
"net_delay","614","","_175_:Y","_270_:C","MAX","FALL","FALL","",0
"cell_delay","613","","_270_:C","_270_:Y","MAX","RISE","FALL","",0
"cell_delay","613","","_270_:C","_270_:Y","MAX","FALL","RISE","",0
"cell_delay","612","","_270_:B","_270_:Y","MAX","RISE","FALL","",0
"cell_delay","612","","_270_:B","_270_:Y","MAX","FALL","RISE","",0
"cell_delay","611","","_270_:A","_270_:Y","MAX","RISE","FALL","",0
"cell_delay","611","","_270_:A","_270_:Y","MAX","FALL","RISE","",0
"cell_delay","610","","_270_:C","_270_:Y","MIN","RISE","FALL","",0
"cell_delay","610","","_270_:C","_270_:Y","MIN","FALL","RISE","",0
"cell_delay","609","","_270_:B","_270_:Y","MIN","RISE","FALL","",0
"cell_delay","609","","_270_:B","_270_:Y","MIN","FALL","RISE","",0
"cell_delay","608","","_270_:A","_270_:Y","MIN","RISE","FALL","",0
"cell_delay","608","","_270_:A","_270_:Y","MIN","FALL","RISE","",0
"net_delay","607","","_168_:Y","_269_:A","MIN","RISE","RISE","",0
"net_delay","607","","_168_:Y","_269_:A","MIN","FALL","FALL","",0
"net_delay","607","","_168_:Y","_269_:A","MAX","RISE","RISE","",0
"net_delay","607","","_168_:Y","_269_:A","MAX","FALL","FALL","",0
"cell_delay","606","","_269_:B","_269_:Y","MAX","RISE","FALL","",0
"cell_delay","606","","_269_:B","_269_:Y","MAX","FALL","RISE","",0
"cell_delay","605","","_269_:A","_269_:Y","MAX","RISE","FALL","",0
"cell_delay","605","","_269_:A","_269_:Y","MAX","FALL","RISE","",0
"cell_delay","604","","_269_:B","_269_:Y","MIN","RISE","FALL","",0
"cell_delay","604","","_269_:B","_269_:Y","MIN","FALL","RISE","",0
"cell_delay","603","","_269_:A","_269_:Y","MIN","RISE","FALL","",0
"cell_delay","603","","_269_:A","_269_:Y","MIN","FALL","RISE","",0
"net_delay","602","","_265_:Y","_268_:A","MIN","RISE","RISE","",0
"net_delay","602","","_265_:Y","_268_:A","MIN","FALL","FALL","",0
"net_delay","602","","_265_:Y","_268_:A","MAX","RISE","RISE","",0
"net_delay","602","","_265_:Y","_268_:A","MAX","FALL","FALL","",0
"net_delay","601","","_267_:Y","_268_:B","MIN","RISE","RISE","",0
"net_delay","601","","_267_:Y","_268_:B","MIN","FALL","FALL","",0
"net_delay","601","","_267_:Y","_268_:B","MAX","RISE","RISE","",0
"net_delay","601","","_267_:Y","_268_:B","MAX","FALL","FALL","",0
"cell_delay","600","","_268_:S","_268_:Y","MAX","RISE","RISE","",0
"cell_delay","600","","_268_:S","_268_:Y","MAX","RISE","FALL","",0
"cell_delay","600","","_268_:S","_268_:Y","MAX","FALL","RISE","",0
"cell_delay","600","","_268_:S","_268_:Y","MAX","FALL","FALL","",0
"cell_delay","599","","_268_:B","_268_:Y","MAX","RISE","FALL","",0
"cell_delay","599","","_268_:B","_268_:Y","MAX","FALL","RISE","",0
"cell_delay","598","","_268_:A","_268_:Y","MAX","RISE","FALL","",0
"cell_delay","598","","_268_:A","_268_:Y","MAX","FALL","RISE","",0
"cell_delay","597","","_268_:S","_268_:Y","MIN","RISE","RISE","",0
"cell_delay","597","","_268_:S","_268_:Y","MIN","RISE","FALL","",0
"cell_delay","597","","_268_:S","_268_:Y","MIN","FALL","RISE","",0
"cell_delay","597","","_268_:S","_268_:Y","MIN","FALL","FALL","",0
"cell_delay","596","","_268_:B","_268_:Y","MIN","RISE","FALL","",0
"cell_delay","596","","_268_:B","_268_:Y","MIN","FALL","RISE","",0
"cell_delay","595","","_268_:A","_268_:Y","MIN","RISE","FALL","",0
"cell_delay","595","","_268_:A","_268_:Y","MIN","FALL","RISE","",0
"net_delay","594","","_261_:Y","_267_:B","MIN","RISE","RISE","",0
"net_delay","594","","_261_:Y","_267_:B","MIN","FALL","FALL","",0
"net_delay","594","","_261_:Y","_267_:B","MAX","RISE","RISE","",0
"net_delay","594","","_261_:Y","_267_:B","MAX","FALL","FALL","",0
"cell_delay","593","","_267_:B","_267_:Y","MAX","RISE","RISE","",0
"cell_delay","593","","_267_:B","_267_:Y","MAX","RISE","FALL","",0
"cell_delay","593","","_267_:B","_267_:Y","MAX","FALL","RISE","",0
"cell_delay","593","","_267_:B","_267_:Y","MAX","FALL","FALL","",0
"cell_delay","592","","_267_:A","_267_:Y","MAX","RISE","RISE","",0
"cell_delay","592","","_267_:A","_267_:Y","MAX","RISE","FALL","",0
"cell_delay","592","","_267_:A","_267_:Y","MAX","FALL","RISE","",0
"cell_delay","592","","_267_:A","_267_:Y","MAX","FALL","FALL","",0
"cell_delay","591","","_267_:B","_267_:Y","MIN","RISE","RISE","",0
"cell_delay","591","","_267_:B","_267_:Y","MIN","RISE","FALL","",0
"cell_delay","591","","_267_:B","_267_:Y","MIN","FALL","RISE","",0
"cell_delay","591","","_267_:B","_267_:Y","MIN","FALL","FALL","",0
"cell_delay","590","","_267_:A","_267_:Y","MIN","RISE","RISE","",0
"cell_delay","590","","_267_:A","_267_:Y","MIN","RISE","FALL","",0
"cell_delay","590","","_267_:A","_267_:Y","MIN","FALL","RISE","",0
"cell_delay","590","","_267_:A","_267_:Y","MIN","FALL","FALL","",0
"net_delay","589","","_261_:Y","_266_:B","MIN","RISE","RISE","",0
"net_delay","589","","_261_:Y","_266_:B","MIN","FALL","FALL","",0
"net_delay","589","","_261_:Y","_266_:B","MAX","RISE","RISE","",0
"net_delay","589","","_261_:Y","_266_:B","MAX","FALL","FALL","",0
"cell_delay","588","","_266_:B","_266_:Y","MAX","RISE","FALL","",0
"cell_delay","588","","_266_:B","_266_:Y","MAX","FALL","RISE","",0
"cell_delay","587","","_266_:A","_266_:Y","MAX","RISE","FALL","",0
"cell_delay","587","","_266_:A","_266_:Y","MAX","FALL","RISE","",0
"cell_delay","586","","_266_:B","_266_:Y","MIN","RISE","FALL","",0
"cell_delay","586","","_266_:B","_266_:Y","MIN","FALL","RISE","",0
"cell_delay","585","","_266_:A","_266_:Y","MIN","RISE","FALL","",0
"cell_delay","585","","_266_:A","_266_:Y","MIN","FALL","RISE","",0
"net_delay","584","","N_8_","_265_:A","MIN","RISE","RISE","",0
"net_delay","584","","N_8_","_265_:A","MIN","FALL","FALL","",0
"net_delay","584","","N_8_","_265_:A","MAX","RISE","RISE","",0
"net_delay","584","","N_8_","_265_:A","MAX","FALL","FALL","",0
"net_delay","583","","_258_:Y","_265_:B","MIN","RISE","RISE","",0
"net_delay","583","","_258_:Y","_265_:B","MIN","FALL","FALL","",0
"net_delay","583","","_258_:Y","_265_:B","MAX","RISE","RISE","",0
"net_delay","583","","_258_:Y","_265_:B","MAX","FALL","FALL","",0
"cell_delay","582","","_265_:B","_265_:Y","MAX","RISE","RISE","",0
"cell_delay","582","","_265_:B","_265_:Y","MAX","RISE","FALL","",0
"cell_delay","582","","_265_:B","_265_:Y","MAX","FALL","RISE","",0
"cell_delay","582","","_265_:B","_265_:Y","MAX","FALL","FALL","",0
"cell_delay","581","","_265_:A","_265_:Y","MAX","RISE","RISE","",0
"cell_delay","581","","_265_:A","_265_:Y","MAX","RISE","FALL","",0
"cell_delay","581","","_265_:A","_265_:Y","MAX","FALL","RISE","",0
"cell_delay","581","","_265_:A","_265_:Y","MAX","FALL","FALL","",0
"cell_delay","580","","_265_:B","_265_:Y","MIN","RISE","RISE","",0
"cell_delay","580","","_265_:B","_265_:Y","MIN","RISE","FALL","",0
"cell_delay","580","","_265_:B","_265_:Y","MIN","FALL","RISE","",0
"cell_delay","580","","_265_:B","_265_:Y","MIN","FALL","FALL","",0
"cell_delay","579","","_265_:A","_265_:Y","MIN","RISE","RISE","",0
"cell_delay","579","","_265_:A","_265_:Y","MIN","RISE","FALL","",0
"cell_delay","579","","_265_:A","_265_:Y","MIN","FALL","RISE","",0
"cell_delay","579","","_265_:A","_265_:Y","MIN","FALL","FALL","",0
"net_delay","578","","_258_:Y","_264_:A","MIN","RISE","RISE","",0
"net_delay","578","","_258_:Y","_264_:A","MIN","FALL","FALL","",0
"net_delay","578","","_258_:Y","_264_:A","MAX","RISE","RISE","",0
"net_delay","578","","_258_:Y","_264_:A","MAX","FALL","FALL","",0
"net_delay","577","","_260_:Y","_264_:B","MIN","RISE","RISE","",0
"net_delay","577","","_260_:Y","_264_:B","MIN","FALL","FALL","",0
"net_delay","577","","_260_:Y","_264_:B","MAX","RISE","RISE","",0
"net_delay","577","","_260_:Y","_264_:B","MAX","FALL","FALL","",0
"net_delay","576","","_263_:Y","_264_:C","MIN","RISE","RISE","",0
"net_delay","576","","_263_:Y","_264_:C","MIN","FALL","FALL","",0
"net_delay","576","","_263_:Y","_264_:C","MAX","RISE","RISE","",0
"net_delay","576","","_263_:Y","_264_:C","MAX","FALL","FALL","",0
"cell_delay","575","","_264_:D","_264_:Y","MAX","RISE","FALL","",0
"cell_delay","575","","_264_:D","_264_:Y","MAX","FALL","RISE","",0
"cell_delay","574","","_264_:C","_264_:Y","MAX","RISE","FALL","",0
"cell_delay","574","","_264_:C","_264_:Y","MAX","FALL","RISE","",0
"cell_delay","573","","_264_:B","_264_:Y","MAX","RISE","FALL","",0
"cell_delay","573","","_264_:B","_264_:Y","MAX","FALL","RISE","",0
"cell_delay","572","","_264_:A","_264_:Y","MAX","RISE","FALL","",0
"cell_delay","572","","_264_:A","_264_:Y","MAX","FALL","RISE","",0
"cell_delay","571","","_264_:D","_264_:Y","MIN","RISE","FALL","",0
"cell_delay","571","","_264_:D","_264_:Y","MIN","FALL","RISE","",0
"cell_delay","570","","_264_:C","_264_:Y","MIN","RISE","FALL","",0
"cell_delay","570","","_264_:C","_264_:Y","MIN","FALL","RISE","",0
"cell_delay","569","","_264_:B","_264_:Y","MIN","RISE","FALL","",0
"cell_delay","569","","_264_:B","_264_:Y","MIN","FALL","RISE","",0
"cell_delay","568","","_264_:A","_264_:Y","MIN","RISE","FALL","",0
"cell_delay","568","","_264_:A","_264_:Y","MIN","FALL","RISE","",0
"net_delay","567","","_261_:Y","_263_:A","MIN","RISE","RISE","",0
"net_delay","567","","_261_:Y","_263_:A","MIN","FALL","FALL","",0
"net_delay","567","","_261_:Y","_263_:A","MAX","RISE","RISE","",0
"net_delay","567","","_261_:Y","_263_:A","MAX","FALL","FALL","",0
"net_delay","566","","_262_:Y","_263_:B","MIN","RISE","RISE","",0
"net_delay","566","","_262_:Y","_263_:B","MIN","FALL","FALL","",0
"net_delay","566","","_262_:Y","_263_:B","MAX","RISE","RISE","",0
"net_delay","566","","_262_:Y","_263_:B","MAX","FALL","FALL","",0
"cell_delay","565","","_263_:B","_263_:Y","MAX","RISE","RISE","",0
"cell_delay","565","","_263_:B","_263_:Y","MAX","FALL","FALL","",0
"cell_delay","564","","_263_:A","_263_:Y","MAX","RISE","RISE","",0
"cell_delay","564","","_263_:A","_263_:Y","MAX","FALL","FALL","",0
"cell_delay","563","","_263_:B","_263_:Y","MIN","RISE","RISE","",0
"cell_delay","563","","_263_:B","_263_:Y","MIN","FALL","FALL","",0
"cell_delay","562","","_263_:A","_263_:Y","MIN","RISE","RISE","",0
"cell_delay","562","","_263_:A","_263_:Y","MIN","FALL","FALL","",0
"net_delay","561","","_176_:Y","_262_:A","MIN","RISE","RISE","",0
"net_delay","561","","_176_:Y","_262_:A","MIN","FALL","FALL","",0
"net_delay","561","","_176_:Y","_262_:A","MAX","RISE","RISE","",0
"net_delay","561","","_176_:Y","_262_:A","MAX","FALL","FALL","",0
"net_delay","560","","_244_:Y","_262_:B","MIN","RISE","RISE","",0
"net_delay","560","","_244_:Y","_262_:B","MIN","FALL","FALL","",0
"net_delay","560","","_244_:Y","_262_:B","MAX","RISE","RISE","",0
"net_delay","560","","_244_:Y","_262_:B","MAX","FALL","FALL","",0
"cell_delay","559","","_262_:C","_262_:Y","MAX","RISE","FALL","",0
"cell_delay","559","","_262_:C","_262_:Y","MAX","FALL","RISE","",0
"cell_delay","558","","_262_:B","_262_:Y","MAX","RISE","FALL","",0
"cell_delay","558","","_262_:B","_262_:Y","MAX","FALL","RISE","",0
"cell_delay","557","","_262_:A","_262_:Y","MAX","RISE","FALL","",0
"cell_delay","557","","_262_:A","_262_:Y","MAX","FALL","RISE","",0
"cell_delay","556","","_262_:C","_262_:Y","MIN","RISE","FALL","",0
"cell_delay","556","","_262_:C","_262_:Y","MIN","FALL","RISE","",0
"cell_delay","555","","_262_:B","_262_:Y","MIN","RISE","FALL","",0
"cell_delay","555","","_262_:B","_262_:Y","MIN","FALL","RISE","",0
"cell_delay","554","","_262_:A","_262_:Y","MIN","RISE","FALL","",0
"cell_delay","554","","_262_:A","_262_:Y","MIN","FALL","RISE","",0
"net_delay","553","","_177_:Y","_261_:A","MIN","RISE","RISE","",0
"net_delay","553","","_177_:Y","_261_:A","MIN","FALL","FALL","",0
"net_delay","553","","_177_:Y","_261_:A","MAX","RISE","RISE","",0
"net_delay","553","","_177_:Y","_261_:A","MAX","FALL","FALL","",0
"net_delay","552","","_244_:Y","_261_:B","MIN","RISE","RISE","",0
"net_delay","552","","_244_:Y","_261_:B","MIN","FALL","FALL","",0
"net_delay","552","","_244_:Y","_261_:B","MAX","RISE","RISE","",0
"net_delay","552","","_244_:Y","_261_:B","MAX","FALL","FALL","",0
"cell_delay","551","","_261_:B","_261_:Y","MAX","RISE","RISE","",0
"cell_delay","551","","_261_:B","_261_:Y","MAX","FALL","FALL","",0
"cell_delay","550","","_261_:A","_261_:Y","MAX","RISE","RISE","",0
"cell_delay","550","","_261_:A","_261_:Y","MAX","FALL","FALL","",0
"cell_delay","549","","_261_:B","_261_:Y","MIN","RISE","RISE","",0
"cell_delay","549","","_261_:B","_261_:Y","MIN","FALL","FALL","",0
"cell_delay","548","","_261_:A","_261_:Y","MIN","RISE","RISE","",0
"cell_delay","548","","_261_:A","_261_:Y","MIN","FALL","FALL","",0
"net_delay","547","","_259_:Y","_260_:B","MIN","RISE","RISE","",0
"net_delay","547","","_259_:Y","_260_:B","MIN","FALL","FALL","",0
"net_delay","547","","_259_:Y","_260_:B","MAX","RISE","RISE","",0
"net_delay","547","","_259_:Y","_260_:B","MAX","FALL","FALL","",0
"cell_delay","546","","_260_:B","_260_:Y","MAX","RISE","FALL","",0
"cell_delay","546","","_260_:B","_260_:Y","MAX","FALL","RISE","",0
"cell_delay","545","","_260_:A","_260_:Y","MAX","RISE","FALL","",0
"cell_delay","545","","_260_:A","_260_:Y","MAX","FALL","RISE","",0
"cell_delay","544","","_260_:B","_260_:Y","MIN","RISE","FALL","",0
"cell_delay","544","","_260_:B","_260_:Y","MIN","FALL","RISE","",0
"cell_delay","543","","_260_:A","_260_:Y","MIN","RISE","FALL","",0
"cell_delay","543","","_260_:A","_260_:Y","MIN","FALL","RISE","",0
"net_delay","542","","N_6_","_259_:A","MIN","RISE","RISE","",0
"net_delay","542","","N_6_","_259_:A","MIN","FALL","FALL","",0
"net_delay","542","","N_6_","_259_:A","MAX","RISE","RISE","",0
"net_delay","542","","N_6_","_259_:A","MAX","FALL","FALL","",0
"net_delay","541","","_248_:Y","_259_:B","MIN","RISE","RISE","",0
"net_delay","541","","_248_:Y","_259_:B","MIN","FALL","FALL","",0
"net_delay","541","","_248_:Y","_259_:B","MAX","RISE","RISE","",0
"net_delay","541","","_248_:Y","_259_:B","MAX","FALL","FALL","",0
"net_delay","540","","N_7_","_259_:C","MIN","RISE","RISE","",0
"net_delay","540","","N_7_","_259_:C","MIN","FALL","FALL","",0
"net_delay","540","","N_7_","_259_:C","MAX","RISE","RISE","",0
"net_delay","540","","N_7_","_259_:C","MAX","FALL","FALL","",0
"cell_delay","539","","_259_:C","_259_:Y","MAX","RISE","FALL","",0
"cell_delay","539","","_259_:C","_259_:Y","MAX","FALL","RISE","",0
"cell_delay","538","","_259_:B","_259_:Y","MAX","RISE","FALL","",0
"cell_delay","538","","_259_:B","_259_:Y","MAX","FALL","RISE","",0
"cell_delay","537","","_259_:A","_259_:Y","MAX","RISE","FALL","",0
"cell_delay","537","","_259_:A","_259_:Y","MAX","FALL","RISE","",0
"cell_delay","536","","_259_:C","_259_:Y","MIN","RISE","FALL","",0
"cell_delay","536","","_259_:C","_259_:Y","MIN","FALL","RISE","",0
"cell_delay","535","","_259_:B","_259_:Y","MIN","RISE","FALL","",0
"cell_delay","535","","_259_:B","_259_:Y","MIN","FALL","RISE","",0
"cell_delay","534","","_259_:A","_259_:Y","MIN","RISE","FALL","",0
"cell_delay","534","","_259_:A","_259_:Y","MIN","FALL","RISE","",0
"net_delay","533","","N_6_","_258_:A","MIN","RISE","RISE","",0
"net_delay","533","","N_6_","_258_:A","MIN","FALL","FALL","",0
"net_delay","533","","N_6_","_258_:A","MAX","RISE","RISE","",0
"net_delay","533","","N_6_","_258_:A","MAX","FALL","FALL","",0
"net_delay","532","","N_7_","_258_:B","MIN","RISE","RISE","",0
"net_delay","532","","N_7_","_258_:B","MIN","FALL","FALL","",0
"net_delay","532","","N_7_","_258_:B","MAX","RISE","RISE","",0
"net_delay","532","","N_7_","_258_:B","MAX","FALL","FALL","",0
"net_delay","531","","_248_:Y","_258_:C","MIN","RISE","RISE","",0
"net_delay","531","","_248_:Y","_258_:C","MIN","FALL","FALL","",0
"net_delay","531","","_248_:Y","_258_:C","MAX","RISE","RISE","",0
"net_delay","531","","_248_:Y","_258_:C","MAX","FALL","FALL","",0
"cell_delay","530","","_258_:C","_258_:Y","MAX","RISE","FALL","",0
"cell_delay","530","","_258_:C","_258_:Y","MAX","FALL","RISE","",0
"cell_delay","529","","_258_:B","_258_:Y","MAX","RISE","FALL","",0
"cell_delay","529","","_258_:B","_258_:Y","MAX","FALL","RISE","",0
"cell_delay","528","","_258_:A","_258_:Y","MAX","RISE","FALL","",0
"cell_delay","528","","_258_:A","_258_:Y","MAX","FALL","RISE","",0
"cell_delay","527","","_258_:C","_258_:Y","MIN","RISE","FALL","",0
"cell_delay","527","","_258_:C","_258_:Y","MIN","FALL","RISE","",0
"cell_delay","526","","_258_:B","_258_:Y","MIN","RISE","FALL","",0
"cell_delay","526","","_258_:B","_258_:Y","MIN","FALL","RISE","",0
"cell_delay","525","","_258_:A","_258_:Y","MIN","RISE","FALL","",0
"cell_delay","525","","_258_:A","_258_:Y","MIN","FALL","RISE","",0
"net_delay","524","","_256_:Y","_257_:B","MIN","RISE","RISE","",0
"net_delay","524","","_256_:Y","_257_:B","MIN","FALL","FALL","",0
"net_delay","524","","_256_:Y","_257_:B","MAX","RISE","RISE","",0
"net_delay","524","","_256_:Y","_257_:B","MAX","FALL","FALL","",0
"net_delay","523","","_255_:Y","_257_:C","MIN","RISE","RISE","",0
"net_delay","523","","_255_:Y","_257_:C","MIN","FALL","FALL","",0
"net_delay","523","","_255_:Y","_257_:C","MAX","RISE","RISE","",0
"net_delay","523","","_255_:Y","_257_:C","MAX","FALL","FALL","",0
"cell_delay","522","","_257_:C","_257_:Y","MAX","RISE","FALL","",0
"cell_delay","522","","_257_:C","_257_:Y","MAX","FALL","RISE","",0
"cell_delay","521","","_257_:B","_257_:Y","MAX","RISE","FALL","",0
"cell_delay","521","","_257_:B","_257_:Y","MAX","FALL","RISE","",0
"cell_delay","520","","_257_:A","_257_:Y","MAX","RISE","FALL","",0
"cell_delay","520","","_257_:A","_257_:Y","MAX","FALL","RISE","",0
"cell_delay","519","","_257_:C","_257_:Y","MIN","RISE","FALL","",0
"cell_delay","519","","_257_:C","_257_:Y","MIN","FALL","RISE","",0
"cell_delay","518","","_257_:B","_257_:Y","MIN","RISE","FALL","",0
"cell_delay","518","","_257_:B","_257_:Y","MIN","FALL","RISE","",0
"cell_delay","517","","_257_:A","_257_:Y","MIN","RISE","FALL","",0
"cell_delay","517","","_257_:A","_257_:Y","MIN","FALL","RISE","",0
"net_delay","516","","_251_:Y","_256_:B","MIN","RISE","RISE","",0
"net_delay","516","","_251_:Y","_256_:B","MIN","FALL","FALL","",0
"net_delay","516","","_251_:Y","_256_:B","MAX","RISE","RISE","",0
"net_delay","516","","_251_:Y","_256_:B","MAX","FALL","FALL","",0
"cell_delay","515","","_256_:B","_256_:Y","MAX","RISE","RISE","",0
"cell_delay","515","","_256_:B","_256_:Y","MAX","RISE","FALL","",0
"cell_delay","515","","_256_:B","_256_:Y","MAX","FALL","RISE","",0
"cell_delay","515","","_256_:B","_256_:Y","MAX","FALL","FALL","",0
"cell_delay","514","","_256_:A","_256_:Y","MAX","RISE","RISE","",0
"cell_delay","514","","_256_:A","_256_:Y","MAX","RISE","FALL","",0
"cell_delay","514","","_256_:A","_256_:Y","MAX","FALL","RISE","",0
"cell_delay","514","","_256_:A","_256_:Y","MAX","FALL","FALL","",0
"cell_delay","513","","_256_:B","_256_:Y","MIN","RISE","RISE","",0
"cell_delay","513","","_256_:B","_256_:Y","MIN","RISE","FALL","",0
"cell_delay","513","","_256_:B","_256_:Y","MIN","FALL","RISE","",0
"cell_delay","513","","_256_:B","_256_:Y","MIN","FALL","FALL","",0
"cell_delay","512","","_256_:A","_256_:Y","MIN","RISE","RISE","",0
"cell_delay","512","","_256_:A","_256_:Y","MIN","RISE","FALL","",0
"cell_delay","512","","_256_:A","_256_:Y","MIN","FALL","RISE","",0
"cell_delay","512","","_256_:A","_256_:Y","MIN","FALL","FALL","",0
"net_delay","511","","N_6_","_255_:A","MIN","RISE","RISE","",0
"net_delay","511","","N_6_","_255_:A","MIN","FALL","FALL","",0
"net_delay","511","","N_6_","_255_:A","MAX","RISE","RISE","",0
"net_delay","511","","N_6_","_255_:A","MAX","FALL","FALL","",0
"net_delay","510","","_248_:Y","_255_:B","MIN","RISE","RISE","",0
"net_delay","510","","_248_:Y","_255_:B","MIN","FALL","FALL","",0
"net_delay","510","","_248_:Y","_255_:B","MAX","RISE","RISE","",0
"net_delay","510","","_248_:Y","_255_:B","MAX","FALL","FALL","",0
"net_delay","509","","_254_:Y","_255_:C","MIN","RISE","RISE","",0
"net_delay","509","","_254_:Y","_255_:C","MIN","FALL","FALL","",0
"net_delay","509","","_254_:Y","_255_:C","MAX","RISE","RISE","",0
"net_delay","509","","_254_:Y","_255_:C","MAX","FALL","FALL","",0
"cell_delay","508","","_255_:C","_255_:Y","MAX","RISE","FALL","",0
"cell_delay","508","","_255_:C","_255_:Y","MAX","FALL","RISE","",0
"cell_delay","507","","_255_:B","_255_:Y","MAX","RISE","FALL","",0
"cell_delay","507","","_255_:B","_255_:Y","MAX","FALL","RISE","",0
"cell_delay","506","","_255_:A","_255_:Y","MAX","RISE","FALL","",0
"cell_delay","506","","_255_:A","_255_:Y","MAX","FALL","RISE","",0
"cell_delay","505","","_255_:C","_255_:Y","MIN","RISE","FALL","",0
"cell_delay","505","","_255_:C","_255_:Y","MIN","FALL","RISE","",0
"cell_delay","504","","_255_:B","_255_:Y","MIN","RISE","FALL","",0
"cell_delay","504","","_255_:B","_255_:Y","MIN","FALL","RISE","",0
"cell_delay","503","","_255_:A","_255_:Y","MIN","RISE","FALL","",0
"cell_delay","503","","_255_:A","_255_:Y","MIN","FALL","RISE","",0
"net_delay","502","","N_6_","_254_:A","MIN","RISE","RISE","",0
"net_delay","502","","N_6_","_254_:A","MIN","FALL","FALL","",0
"net_delay","502","","N_6_","_254_:A","MAX","RISE","RISE","",0
"net_delay","502","","N_6_","_254_:A","MAX","FALL","FALL","",0
"net_delay","501","","_248_:Y","_254_:B","MIN","RISE","RISE","",0
"net_delay","501","","_248_:Y","_254_:B","MIN","FALL","FALL","",0
"net_delay","501","","_248_:Y","_254_:B","MAX","RISE","RISE","",0
"net_delay","501","","_248_:Y","_254_:B","MAX","FALL","FALL","",0
"net_delay","500","","_172_:Y","_254_:C","MIN","RISE","RISE","",0
"net_delay","500","","_172_:Y","_254_:C","MIN","FALL","FALL","",0
"net_delay","500","","_172_:Y","_254_:C","MAX","RISE","RISE","",0
"net_delay","500","","_172_:Y","_254_:C","MAX","FALL","FALL","",0
"cell_delay","499","","_254_:C","_254_:Y","MAX","RISE","FALL","",0
"cell_delay","499","","_254_:C","_254_:Y","MAX","FALL","RISE","",0
"cell_delay","498","","_254_:B","_254_:Y","MAX","RISE","FALL","",0
"cell_delay","498","","_254_:B","_254_:Y","MAX","FALL","RISE","",0
"cell_delay","497","","_254_:A","_254_:Y","MAX","RISE","FALL","",0
"cell_delay","497","","_254_:A","_254_:Y","MAX","FALL","RISE","",0
"cell_delay","496","","_254_:C","_254_:Y","MIN","RISE","FALL","",0
"cell_delay","496","","_254_:C","_254_:Y","MIN","FALL","RISE","",0
"cell_delay","495","","_254_:B","_254_:Y","MIN","RISE","FALL","",0
"cell_delay","495","","_254_:B","_254_:Y","MIN","FALL","RISE","",0
"cell_delay","494","","_254_:A","_254_:Y","MIN","RISE","FALL","",0
"cell_delay","494","","_254_:A","_254_:Y","MIN","FALL","RISE","",0
"net_delay","493","","_252_:Y","_253_:B","MIN","RISE","RISE","",0
"net_delay","493","","_252_:Y","_253_:B","MIN","FALL","FALL","",0
"net_delay","493","","_252_:Y","_253_:B","MAX","RISE","RISE","",0
"net_delay","493","","_252_:Y","_253_:B","MAX","FALL","FALL","",0
"net_delay","492","","_250_:Y","_253_:C","MIN","RISE","RISE","",0
"net_delay","492","","_250_:Y","_253_:C","MIN","FALL","FALL","",0
"net_delay","492","","_250_:Y","_253_:C","MAX","RISE","RISE","",0
"net_delay","492","","_250_:Y","_253_:C","MAX","FALL","FALL","",0
"cell_delay","491","","_253_:C","_253_:Y","MAX","RISE","FALL","",0
"cell_delay","491","","_253_:C","_253_:Y","MAX","FALL","RISE","",0
"cell_delay","490","","_253_:B","_253_:Y","MAX","RISE","FALL","",0
"cell_delay","490","","_253_:B","_253_:Y","MAX","FALL","RISE","",0
"cell_delay","489","","_253_:A","_253_:Y","MAX","RISE","FALL","",0
"cell_delay","489","","_253_:A","_253_:Y","MAX","FALL","RISE","",0
"cell_delay","488","","_253_:C","_253_:Y","MIN","RISE","FALL","",0
"cell_delay","488","","_253_:C","_253_:Y","MIN","FALL","RISE","",0
"cell_delay","487","","_253_:B","_253_:Y","MIN","RISE","FALL","",0
"cell_delay","487","","_253_:B","_253_:Y","MIN","FALL","RISE","",0
"cell_delay","486","","_253_:A","_253_:Y","MIN","RISE","FALL","",0
"cell_delay","486","","_253_:A","_253_:Y","MIN","FALL","RISE","",0
"net_delay","485","","_244_:Y","_252_:B","MIN","RISE","RISE","",0
"net_delay","485","","_244_:Y","_252_:B","MIN","FALL","FALL","",0
"net_delay","485","","_244_:Y","_252_:B","MAX","RISE","RISE","",0
"net_delay","485","","_244_:Y","_252_:B","MAX","FALL","FALL","",0
"cell_delay","484","","_252_:B","_252_:Y","MAX","RISE","RISE","",0
"cell_delay","484","","_252_:B","_252_:Y","MAX","RISE","FALL","",0
"cell_delay","484","","_252_:B","_252_:Y","MAX","FALL","RISE","",0
"cell_delay","484","","_252_:B","_252_:Y","MAX","FALL","FALL","",0
"cell_delay","483","","_252_:A","_252_:Y","MAX","RISE","RISE","",0
"cell_delay","483","","_252_:A","_252_:Y","MAX","RISE","FALL","",0
"cell_delay","483","","_252_:A","_252_:Y","MAX","FALL","RISE","",0
"cell_delay","483","","_252_:A","_252_:Y","MAX","FALL","FALL","",0
"cell_delay","482","","_252_:B","_252_:Y","MIN","RISE","RISE","",0
"cell_delay","482","","_252_:B","_252_:Y","MIN","RISE","FALL","",0
"cell_delay","482","","_252_:B","_252_:Y","MIN","FALL","RISE","",0
"cell_delay","482","","_252_:B","_252_:Y","MIN","FALL","FALL","",0
"cell_delay","481","","_252_:A","_252_:Y","MIN","RISE","RISE","",0
"cell_delay","481","","_252_:A","_252_:Y","MIN","RISE","FALL","",0
"cell_delay","481","","_252_:A","_252_:Y","MIN","FALL","RISE","",0
"cell_delay","481","","_252_:A","_252_:Y","MIN","FALL","FALL","",0
"net_delay","480","","_244_:Y","_251_:B","MIN","RISE","RISE","",0
"net_delay","480","","_244_:Y","_251_:B","MIN","FALL","FALL","",0
"net_delay","480","","_244_:Y","_251_:B","MAX","RISE","RISE","",0
"net_delay","480","","_244_:Y","_251_:B","MAX","FALL","FALL","",0
"cell_delay","479","","_251_:B","_251_:Y","MAX","RISE","FALL","",0
"cell_delay","479","","_251_:B","_251_:Y","MAX","FALL","RISE","",0
"cell_delay","478","","_251_:A","_251_:Y","MAX","RISE","FALL","",0
"cell_delay","478","","_251_:A","_251_:Y","MAX","FALL","RISE","",0
"cell_delay","477","","_251_:B","_251_:Y","MIN","RISE","FALL","",0
"cell_delay","477","","_251_:B","_251_:Y","MIN","FALL","RISE","",0
"cell_delay","476","","_251_:A","_251_:Y","MIN","RISE","FALL","",0
"cell_delay","476","","_251_:A","_251_:Y","MIN","FALL","RISE","",0
"net_delay","475","","_248_:Y","_250_:B","MIN","RISE","RISE","",0
"net_delay","475","","_248_:Y","_250_:B","MIN","FALL","FALL","",0
"net_delay","475","","_248_:Y","_250_:B","MAX","RISE","RISE","",0
"net_delay","475","","_248_:Y","_250_:B","MAX","FALL","FALL","",0
"net_delay","474","","_249_:Y","_250_:C","MIN","RISE","RISE","",0
"net_delay","474","","_249_:Y","_250_:C","MIN","FALL","FALL","",0
"net_delay","474","","_249_:Y","_250_:C","MAX","RISE","RISE","",0
"net_delay","474","","_249_:Y","_250_:C","MAX","FALL","FALL","",0
"cell_delay","473","","_250_:C","_250_:Y","MAX","RISE","FALL","",0
"cell_delay","473","","_250_:C","_250_:Y","MAX","FALL","RISE","",0
"cell_delay","472","","_250_:B","_250_:Y","MAX","RISE","FALL","",0
"cell_delay","472","","_250_:B","_250_:Y","MAX","FALL","RISE","",0
"cell_delay","471","","_250_:A","_250_:Y","MAX","RISE","FALL","",0
"cell_delay","471","","_250_:A","_250_:Y","MAX","FALL","RISE","",0
"cell_delay","470","","_250_:C","_250_:Y","MIN","RISE","FALL","",0
"cell_delay","470","","_250_:C","_250_:Y","MIN","FALL","RISE","",0
"cell_delay","469","","_250_:B","_250_:Y","MIN","RISE","FALL","",0
"cell_delay","469","","_250_:B","_250_:Y","MIN","FALL","RISE","",0
"cell_delay","468","","_250_:A","_250_:Y","MIN","RISE","FALL","",0
"cell_delay","468","","_250_:A","_250_:Y","MIN","FALL","RISE","",0
"net_delay","467","","N_4_","_249_:A","MIN","RISE","RISE","",0
"net_delay","467","","N_4_","_249_:A","MIN","FALL","FALL","",0
"net_delay","467","","N_4_","_249_:A","MAX","RISE","RISE","",0
"net_delay","467","","N_4_","_249_:A","MAX","FALL","FALL","",0
"net_delay","466","","_238_:Y","_249_:B","MIN","RISE","RISE","",0
"net_delay","466","","_238_:Y","_249_:B","MIN","FALL","FALL","",0
"net_delay","466","","_238_:Y","_249_:B","MAX","RISE","RISE","",0
"net_delay","466","","_238_:Y","_249_:B","MAX","FALL","FALL","",0
"net_delay","465","","N_5_","_249_:C","MIN","RISE","RISE","",0
"net_delay","465","","N_5_","_249_:C","MIN","FALL","FALL","",0
"net_delay","465","","N_5_","_249_:C","MAX","RISE","RISE","",0
"net_delay","465","","N_5_","_249_:C","MAX","FALL","FALL","",0
"cell_delay","464","","_249_:C","_249_:Y","MAX","RISE","FALL","",0
"cell_delay","464","","_249_:C","_249_:Y","MAX","FALL","RISE","",0
"cell_delay","463","","_249_:B","_249_:Y","MAX","RISE","FALL","",0
"cell_delay","463","","_249_:B","_249_:Y","MAX","FALL","RISE","",0
"cell_delay","462","","_249_:A","_249_:Y","MAX","RISE","FALL","",0
"cell_delay","462","","_249_:A","_249_:Y","MAX","FALL","RISE","",0
"cell_delay","461","","_249_:C","_249_:Y","MIN","RISE","FALL","",0
"cell_delay","461","","_249_:C","_249_:Y","MIN","FALL","RISE","",0
"cell_delay","460","","_249_:B","_249_:Y","MIN","RISE","FALL","",0
"cell_delay","460","","_249_:B","_249_:Y","MIN","FALL","RISE","",0
"cell_delay","459","","_249_:A","_249_:Y","MIN","RISE","FALL","",0
"cell_delay","459","","_249_:A","_249_:Y","MIN","FALL","RISE","",0
"net_delay","458","","_173_:Y","_248_:A","MIN","RISE","RISE","",0
"net_delay","458","","_173_:Y","_248_:A","MIN","FALL","FALL","",0
"net_delay","458","","_173_:Y","_248_:A","MAX","RISE","RISE","",0
"net_delay","458","","_173_:Y","_248_:A","MAX","FALL","FALL","",0
"net_delay","457","","_174_:Y","_248_:B","MIN","RISE","RISE","",0
"net_delay","457","","_174_:Y","_248_:B","MIN","FALL","FALL","",0
"net_delay","457","","_174_:Y","_248_:B","MAX","RISE","RISE","",0
"net_delay","457","","_174_:Y","_248_:B","MAX","FALL","FALL","",0
"net_delay","456","","_237_:Y","_248_:C","MIN","RISE","RISE","",0
"net_delay","456","","_237_:Y","_248_:C","MIN","FALL","FALL","",0
"net_delay","456","","_237_:Y","_248_:C","MAX","RISE","RISE","",0
"net_delay","456","","_237_:Y","_248_:C","MAX","FALL","FALL","",0
"cell_delay","455","","_248_:C","_248_:Y","MAX","RISE","FALL","",0
"cell_delay","455","","_248_:C","_248_:Y","MAX","FALL","RISE","",0
"cell_delay","454","","_248_:B","_248_:Y","MAX","RISE","FALL","",0
"cell_delay","454","","_248_:B","_248_:Y","MAX","FALL","RISE","",0
"cell_delay","453","","_248_:A","_248_:Y","MAX","RISE","FALL","",0
"cell_delay","453","","_248_:A","_248_:Y","MAX","FALL","RISE","",0
"cell_delay","452","","_248_:C","_248_:Y","MIN","RISE","FALL","",0
"cell_delay","452","","_248_:C","_248_:Y","MIN","FALL","RISE","",0
"cell_delay","451","","_248_:B","_248_:Y","MIN","RISE","FALL","",0
"cell_delay","451","","_248_:B","_248_:Y","MIN","FALL","RISE","",0
"cell_delay","450","","_248_:A","_248_:Y","MIN","RISE","FALL","",0
"cell_delay","450","","_248_:A","_248_:Y","MIN","FALL","RISE","",0
"net_delay","449","","_243_:Y","_247_:B","MIN","RISE","RISE","",0
"net_delay","449","","_243_:Y","_247_:B","MIN","FALL","FALL","",0
"net_delay","449","","_243_:Y","_247_:B","MAX","RISE","RISE","",0
"net_delay","449","","_243_:Y","_247_:B","MAX","FALL","FALL","",0
"net_delay","448","","_245_:Y","_247_:C","MIN","RISE","RISE","",0
"net_delay","448","","_245_:Y","_247_:C","MIN","FALL","FALL","",0
"net_delay","448","","_245_:Y","_247_:C","MAX","RISE","RISE","",0
"net_delay","448","","_245_:Y","_247_:C","MAX","FALL","FALL","",0
"net_delay","447","","_246_:Y","_247_:D","MIN","RISE","RISE","",0
"net_delay","447","","_246_:Y","_247_:D","MIN","FALL","FALL","",0
"net_delay","447","","_246_:Y","_247_:D","MAX","RISE","RISE","",0
"net_delay","447","","_246_:Y","_247_:D","MAX","FALL","FALL","",0
"cell_delay","446","","_247_:D","_247_:Y","MAX","RISE","FALL","",0
"cell_delay","446","","_247_:D","_247_:Y","MAX","FALL","RISE","",0
"cell_delay","445","","_247_:C","_247_:Y","MAX","RISE","FALL","",0
"cell_delay","445","","_247_:C","_247_:Y","MAX","FALL","RISE","",0
"cell_delay","444","","_247_:B","_247_:Y","MAX","RISE","FALL","",0
"cell_delay","444","","_247_:B","_247_:Y","MAX","FALL","RISE","",0
"cell_delay","443","","_247_:A","_247_:Y","MAX","RISE","FALL","",0
"cell_delay","443","","_247_:A","_247_:Y","MAX","FALL","RISE","",0
"cell_delay","442","","_247_:D","_247_:Y","MIN","RISE","FALL","",0
"cell_delay","442","","_247_:D","_247_:Y","MIN","FALL","RISE","",0
"cell_delay","441","","_247_:C","_247_:Y","MIN","RISE","FALL","",0
"cell_delay","441","","_247_:C","_247_:Y","MIN","FALL","RISE","",0
"cell_delay","440","","_247_:B","_247_:Y","MIN","RISE","FALL","",0
"cell_delay","440","","_247_:B","_247_:Y","MIN","FALL","RISE","",0
"cell_delay","439","","_247_:A","_247_:Y","MIN","RISE","FALL","",0
"cell_delay","439","","_247_:A","_247_:Y","MIN","FALL","RISE","",0
"net_delay","438","","_172_:Y","_246_:A","MIN","RISE","RISE","",0
"net_delay","438","","_172_:Y","_246_:A","MIN","FALL","FALL","",0
"net_delay","438","","_172_:Y","_246_:A","MAX","RISE","RISE","",0
"net_delay","438","","_172_:Y","_246_:A","MAX","FALL","FALL","",0
"net_delay","437","","_244_:Y","_246_:B","MIN","RISE","RISE","",0
"net_delay","437","","_244_:Y","_246_:B","MIN","FALL","FALL","",0
"net_delay","437","","_244_:Y","_246_:B","MAX","RISE","RISE","",0
"net_delay","437","","_244_:Y","_246_:B","MAX","FALL","FALL","",0
"cell_delay","436","","_246_:B","_246_:Y","MAX","RISE","RISE","",0
"cell_delay","436","","_246_:B","_246_:Y","MAX","FALL","FALL","",0
"cell_delay","435","","_246_:A","_246_:Y","MAX","RISE","RISE","",0
"cell_delay","435","","_246_:A","_246_:Y","MAX","FALL","FALL","",0
"cell_delay","434","","_246_:B","_246_:Y","MIN","RISE","RISE","",0
"cell_delay","434","","_246_:B","_246_:Y","MIN","FALL","FALL","",0
"cell_delay","433","","_246_:A","_246_:Y","MIN","RISE","RISE","",0
"cell_delay","433","","_246_:A","_246_:Y","MIN","FALL","FALL","",0
"net_delay","432","","_232_:Y","_245_:B","MIN","RISE","RISE","",0
"net_delay","432","","_232_:Y","_245_:B","MIN","FALL","FALL","",0
"net_delay","432","","_232_:Y","_245_:B","MAX","RISE","RISE","",0
"net_delay","432","","_232_:Y","_245_:B","MAX","FALL","FALL","",0
"cell_delay","431","","_245_:C","_245_:Y","MAX","RISE","FALL","",0
"cell_delay","431","","_245_:C","_245_:Y","MAX","FALL","RISE","",0
"cell_delay","430","","_245_:B","_245_:Y","MAX","RISE","FALL","",0
"cell_delay","430","","_245_:B","_245_:Y","MAX","FALL","RISE","",0
"cell_delay","429","","_245_:A","_245_:Y","MAX","RISE","FALL","",0
"cell_delay","429","","_245_:A","_245_:Y","MAX","FALL","RISE","",0
"cell_delay","428","","_245_:C","_245_:Y","MIN","RISE","FALL","",0
"cell_delay","428","","_245_:C","_245_:Y","MIN","FALL","RISE","",0
"cell_delay","427","","_245_:B","_245_:Y","MIN","RISE","FALL","",0
"cell_delay","427","","_245_:B","_245_:Y","MIN","FALL","RISE","",0
"cell_delay","426","","_245_:A","_245_:Y","MIN","RISE","FALL","",0
"cell_delay","426","","_245_:A","_245_:Y","MIN","FALL","RISE","",0
"net_delay","425","","_178_:Y","_244_:B","MIN","RISE","RISE","",0
"net_delay","425","","_178_:Y","_244_:B","MIN","FALL","FALL","",0
"net_delay","425","","_178_:Y","_244_:B","MAX","RISE","RISE","",0
"net_delay","425","","_178_:Y","_244_:B","MAX","FALL","FALL","",0
"net_delay","424","","_179_:Y","_244_:C","MIN","RISE","RISE","",0
"net_delay","424","","_179_:Y","_244_:C","MIN","FALL","FALL","",0
"net_delay","424","","_179_:Y","_244_:C","MAX","RISE","RISE","",0
"net_delay","424","","_179_:Y","_244_:C","MAX","FALL","FALL","",0
"cell_delay","423","","_244_:C","_244_:Y","MAX","RISE","FALL","",0
"cell_delay","423","","_244_:C","_244_:Y","MAX","FALL","RISE","",0
"cell_delay","422","","_244_:B","_244_:Y","MAX","RISE","FALL","",0
"cell_delay","422","","_244_:B","_244_:Y","MAX","FALL","RISE","",0
"cell_delay","421","","_244_:A","_244_:Y","MAX","RISE","FALL","",0
"cell_delay","421","","_244_:A","_244_:Y","MAX","FALL","RISE","",0
"cell_delay","420","","_244_:C","_244_:Y","MIN","RISE","FALL","",0
"cell_delay","420","","_244_:C","_244_:Y","MIN","FALL","RISE","",0
"cell_delay","419","","_244_:B","_244_:Y","MIN","RISE","FALL","",0
"cell_delay","419","","_244_:B","_244_:Y","MIN","FALL","RISE","",0
"cell_delay","418","","_244_:A","_244_:Y","MIN","RISE","FALL","",0
"cell_delay","418","","_244_:A","_244_:Y","MIN","FALL","RISE","",0
"net_delay","417","","_173_:Y","_243_:A","MIN","RISE","RISE","",0
"net_delay","417","","_173_:Y","_243_:A","MIN","FALL","FALL","",0
"net_delay","417","","_173_:Y","_243_:A","MAX","RISE","RISE","",0
"net_delay","417","","_173_:Y","_243_:A","MAX","FALL","FALL","",0
"net_delay","416","","_237_:Y","_243_:B","MIN","RISE","RISE","",0
"net_delay","416","","_237_:Y","_243_:B","MIN","FALL","FALL","",0
"net_delay","416","","_237_:Y","_243_:B","MAX","RISE","RISE","",0
"net_delay","416","","_237_:Y","_243_:B","MAX","FALL","FALL","",0
"cell_delay","415","","_243_:B","_243_:Y","MAX","RISE","RISE","",0
"cell_delay","415","","_243_:B","_243_:Y","MAX","RISE","FALL","",0
"cell_delay","415","","_243_:B","_243_:Y","MAX","FALL","RISE","",0
"cell_delay","415","","_243_:B","_243_:Y","MAX","FALL","FALL","",0
"cell_delay","414","","_243_:A","_243_:Y","MAX","RISE","RISE","",0
"cell_delay","414","","_243_:A","_243_:Y","MAX","RISE","FALL","",0
"cell_delay","414","","_243_:A","_243_:Y","MAX","FALL","RISE","",0
"cell_delay","414","","_243_:A","_243_:Y","MAX","FALL","FALL","",0
"cell_delay","413","","_243_:B","_243_:Y","MIN","RISE","RISE","",0
"cell_delay","413","","_243_:B","_243_:Y","MIN","RISE","FALL","",0
"cell_delay","413","","_243_:B","_243_:Y","MIN","FALL","RISE","",0
"cell_delay","413","","_243_:B","_243_:Y","MIN","FALL","FALL","",0
"cell_delay","412","","_243_:A","_243_:Y","MIN","RISE","RISE","",0
"cell_delay","412","","_243_:A","_243_:Y","MIN","RISE","FALL","",0
"cell_delay","412","","_243_:A","_243_:Y","MIN","FALL","RISE","",0
"cell_delay","412","","_243_:A","_243_:Y","MIN","FALL","FALL","",0
"net_delay","411","","_241_:Y","_242_:B","MIN","RISE","RISE","",0
"net_delay","411","","_241_:Y","_242_:B","MIN","FALL","FALL","",0
"net_delay","411","","_241_:Y","_242_:B","MAX","RISE","RISE","",0
"net_delay","411","","_241_:Y","_242_:B","MAX","FALL","FALL","",0
"net_delay","410","","_240_:Y","_242_:C","MIN","RISE","RISE","",0
"net_delay","410","","_240_:Y","_242_:C","MIN","FALL","FALL","",0
"net_delay","410","","_240_:Y","_242_:C","MAX","RISE","RISE","",0
"net_delay","410","","_240_:Y","_242_:C","MAX","FALL","FALL","",0
"cell_delay","409","","_242_:C","_242_:Y","MAX","RISE","FALL","",0
"cell_delay","409","","_242_:C","_242_:Y","MAX","FALL","RISE","",0
"cell_delay","408","","_242_:B","_242_:Y","MAX","RISE","FALL","",0
"cell_delay","408","","_242_:B","_242_:Y","MAX","FALL","RISE","",0
"cell_delay","407","","_242_:A","_242_:Y","MAX","RISE","FALL","",0
"cell_delay","407","","_242_:A","_242_:Y","MAX","FALL","RISE","",0
"cell_delay","406","","_242_:C","_242_:Y","MIN","RISE","FALL","",0
"cell_delay","406","","_242_:C","_242_:Y","MIN","FALL","RISE","",0
"cell_delay","405","","_242_:B","_242_:Y","MIN","RISE","FALL","",0
"cell_delay","405","","_242_:B","_242_:Y","MIN","FALL","RISE","",0
"cell_delay","404","","_242_:A","_242_:Y","MIN","RISE","FALL","",0
"cell_delay","404","","_242_:A","_242_:Y","MIN","FALL","RISE","",0
"net_delay","403","","_232_:Y","_241_:B","MIN","RISE","RISE","",0
"net_delay","403","","_232_:Y","_241_:B","MIN","FALL","FALL","",0
"net_delay","403","","_232_:Y","_241_:B","MAX","RISE","RISE","",0
"net_delay","403","","_232_:Y","_241_:B","MAX","FALL","FALL","",0
"cell_delay","402","","_241_:B","_241_:Y","MAX","RISE","RISE","",0
"cell_delay","402","","_241_:B","_241_:Y","MAX","RISE","FALL","",0
"cell_delay","402","","_241_:B","_241_:Y","MAX","FALL","RISE","",0
"cell_delay","402","","_241_:B","_241_:Y","MAX","FALL","FALL","",0
"cell_delay","401","","_241_:A","_241_:Y","MAX","RISE","RISE","",0
"cell_delay","401","","_241_:A","_241_:Y","MAX","RISE","FALL","",0
"cell_delay","401","","_241_:A","_241_:Y","MAX","FALL","RISE","",0
"cell_delay","401","","_241_:A","_241_:Y","MAX","FALL","FALL","",0
"cell_delay","400","","_241_:B","_241_:Y","MIN","RISE","RISE","",0
"cell_delay","400","","_241_:B","_241_:Y","MIN","RISE","FALL","",0
"cell_delay","400","","_241_:B","_241_:Y","MIN","FALL","RISE","",0
"cell_delay","400","","_241_:B","_241_:Y","MIN","FALL","FALL","",0
"cell_delay","399","","_241_:A","_241_:Y","MIN","RISE","RISE","",0
"cell_delay","399","","_241_:A","_241_:Y","MIN","RISE","FALL","",0
"cell_delay","399","","_241_:A","_241_:Y","MIN","FALL","RISE","",0
"cell_delay","399","","_241_:A","_241_:Y","MIN","FALL","FALL","",0
"net_delay","398","","_238_:Y","_240_:B","MIN","RISE","RISE","",0
"net_delay","398","","_238_:Y","_240_:B","MIN","FALL","FALL","",0
"net_delay","398","","_238_:Y","_240_:B","MAX","RISE","RISE","",0
"net_delay","398","","_238_:Y","_240_:B","MAX","FALL","FALL","",0
"net_delay","397","","_239_:Y","_240_:C","MIN","RISE","RISE","",0
"net_delay","397","","_239_:Y","_240_:C","MIN","FALL","FALL","",0
"net_delay","397","","_239_:Y","_240_:C","MAX","RISE","RISE","",0
"net_delay","397","","_239_:Y","_240_:C","MAX","FALL","FALL","",0
"cell_delay","396","","_240_:C","_240_:Y","MAX","RISE","FALL","",0
"cell_delay","396","","_240_:C","_240_:Y","MAX","FALL","RISE","",0
"cell_delay","395","","_240_:B","_240_:Y","MAX","RISE","FALL","",0
"cell_delay","395","","_240_:B","_240_:Y","MAX","FALL","RISE","",0
"cell_delay","394","","_240_:A","_240_:Y","MAX","RISE","FALL","",0
"cell_delay","394","","_240_:A","_240_:Y","MAX","FALL","RISE","",0
"cell_delay","393","","_240_:C","_240_:Y","MIN","RISE","FALL","",0
"cell_delay","393","","_240_:C","_240_:Y","MIN","FALL","RISE","",0
"cell_delay","392","","_240_:B","_240_:Y","MIN","RISE","FALL","",0
"cell_delay","392","","_240_:B","_240_:Y","MIN","FALL","RISE","",0
"cell_delay","391","","_240_:A","_240_:Y","MIN","RISE","FALL","",0
"cell_delay","391","","_240_:A","_240_:Y","MIN","FALL","RISE","",0
"net_delay","390","","N_1_","_239_:A","MIN","RISE","RISE","",0
"net_delay","390","","N_1_","_239_:A","MIN","FALL","FALL","",0
"net_delay","390","","N_1_","_239_:A","MAX","RISE","RISE","",0
"net_delay","390","","N_1_","_239_:A","MAX","FALL","FALL","",0
"net_delay","389","","N_2_","_239_:B","MIN","RISE","RISE","",0
"net_delay","389","","N_2_","_239_:B","MIN","FALL","FALL","",0
"net_delay","389","","N_2_","_239_:B","MAX","RISE","RISE","",0
"net_delay","389","","N_2_","_239_:B","MAX","FALL","FALL","",0
"net_delay","388","","N_3_","_239_:C","MIN","RISE","RISE","",0
"net_delay","388","","N_3_","_239_:C","MIN","FALL","FALL","",0
"net_delay","388","","N_3_","_239_:C","MAX","RISE","RISE","",0
"net_delay","388","","N_3_","_239_:C","MAX","FALL","FALL","",0
"cell_delay","387","","_239_:C","_239_:Y","MAX","RISE","FALL","",0
"cell_delay","387","","_239_:C","_239_:Y","MAX","FALL","RISE","",0
"cell_delay","386","","_239_:B","_239_:Y","MAX","RISE","FALL","",0
"cell_delay","386","","_239_:B","_239_:Y","MAX","FALL","RISE","",0
"cell_delay","385","","_239_:A","_239_:Y","MAX","RISE","FALL","",0
"cell_delay","385","","_239_:A","_239_:Y","MAX","FALL","RISE","",0
"cell_delay","384","","_239_:C","_239_:Y","MIN","RISE","FALL","",0
"cell_delay","384","","_239_:C","_239_:Y","MIN","FALL","RISE","",0
"cell_delay","383","","_239_:B","_239_:Y","MIN","RISE","FALL","",0
"cell_delay","383","","_239_:B","_239_:Y","MIN","FALL","RISE","",0
"cell_delay","382","","_239_:A","_239_:Y","MIN","RISE","FALL","",0
"cell_delay","382","","_239_:A","_239_:Y","MIN","FALL","RISE","",0
"net_delay","381","","_237_:Y","_238_:A","MIN","RISE","RISE","",0
"net_delay","381","","_237_:Y","_238_:A","MIN","FALL","FALL","",0
"net_delay","381","","_237_:Y","_238_:A","MAX","RISE","RISE","",0
"net_delay","381","","_237_:Y","_238_:A","MAX","FALL","FALL","",0
"cell_delay","380","","_238_:A","_238_:Y","MAX","RISE","FALL","",0
"cell_delay","380","","_238_:A","_238_:Y","MAX","FALL","RISE","",0
"cell_delay","379","","_238_:A","_238_:Y","MIN","RISE","FALL","",0
"cell_delay","379","","_238_:A","_238_:Y","MIN","FALL","RISE","",0
"net_delay","378","","N_1_","_237_:A","MIN","RISE","RISE","",0
"net_delay","378","","N_1_","_237_:A","MIN","FALL","FALL","",0
"net_delay","378","","N_1_","_237_:A","MAX","RISE","RISE","",0
"net_delay","378","","N_1_","_237_:A","MAX","FALL","FALL","",0
"net_delay","377","","N_2_","_237_:B","MIN","RISE","RISE","",0
"net_delay","377","","N_2_","_237_:B","MIN","FALL","FALL","",0
"net_delay","377","","N_2_","_237_:B","MAX","RISE","RISE","",0
"net_delay","377","","N_2_","_237_:B","MAX","FALL","FALL","",0
"net_delay","376","","N_3_","_237_:C","MIN","RISE","RISE","",0
"net_delay","376","","N_3_","_237_:C","MIN","FALL","FALL","",0
"net_delay","376","","N_3_","_237_:C","MAX","RISE","RISE","",0
"net_delay","376","","N_3_","_237_:C","MAX","FALL","FALL","",0
"cell_delay","375","","_237_:C","_237_:Y","MAX","RISE","FALL","",0
"cell_delay","375","","_237_:C","_237_:Y","MAX","FALL","RISE","",0
"cell_delay","374","","_237_:B","_237_:Y","MAX","RISE","FALL","",0
"cell_delay","374","","_237_:B","_237_:Y","MAX","FALL","RISE","",0
"cell_delay","373","","_237_:A","_237_:Y","MAX","RISE","FALL","",0
"cell_delay","373","","_237_:A","_237_:Y","MAX","FALL","RISE","",0
"cell_delay","372","","_237_:C","_237_:Y","MIN","RISE","FALL","",0
"cell_delay","372","","_237_:C","_237_:Y","MIN","FALL","RISE","",0
"cell_delay","371","","_237_:B","_237_:Y","MIN","RISE","FALL","",0
"cell_delay","371","","_237_:B","_237_:Y","MIN","FALL","RISE","",0
"cell_delay","370","","_237_:A","_237_:Y","MIN","RISE","FALL","",0
"cell_delay","370","","_237_:A","_237_:Y","MIN","FALL","RISE","",0
"net_delay","369","","_172_:Y","_236_:A","MIN","RISE","RISE","",0
"net_delay","369","","_172_:Y","_236_:A","MIN","FALL","FALL","",0
"net_delay","369","","_172_:Y","_236_:A","MAX","RISE","RISE","",0
"net_delay","369","","_172_:Y","_236_:A","MAX","FALL","FALL","",0
"net_delay","368","","_231_:Y","_236_:B","MIN","RISE","RISE","",0
"net_delay","368","","_231_:Y","_236_:B","MIN","FALL","FALL","",0
"net_delay","368","","_231_:Y","_236_:B","MAX","RISE","RISE","",0
"net_delay","368","","_231_:Y","_236_:B","MAX","FALL","FALL","",0
"net_delay","367","","_235_:Y","_236_:C","MIN","RISE","RISE","",0
"net_delay","367","","_235_:Y","_236_:C","MIN","FALL","FALL","",0
"net_delay","367","","_235_:Y","_236_:C","MAX","RISE","RISE","",0
"net_delay","367","","_235_:Y","_236_:C","MAX","FALL","FALL","",0
"cell_delay","366","","_236_:C","_236_:Y","MAX","RISE","FALL","",0
"cell_delay","366","","_236_:C","_236_:Y","MAX","FALL","RISE","",0
"cell_delay","365","","_236_:B","_236_:Y","MAX","RISE","FALL","",0
"cell_delay","365","","_236_:B","_236_:Y","MAX","FALL","RISE","",0
"cell_delay","364","","_236_:A","_236_:Y","MAX","RISE","FALL","",0
"cell_delay","364","","_236_:A","_236_:Y","MAX","FALL","RISE","",0
"cell_delay","363","","_236_:C","_236_:Y","MIN","RISE","FALL","",0
"cell_delay","363","","_236_:C","_236_:Y","MIN","FALL","RISE","",0
"cell_delay","362","","_236_:B","_236_:Y","MIN","RISE","FALL","",0
"cell_delay","362","","_236_:B","_236_:Y","MIN","FALL","RISE","",0
"cell_delay","361","","_236_:A","_236_:Y","MIN","RISE","FALL","",0
"cell_delay","361","","_236_:A","_236_:Y","MIN","FALL","RISE","",0
"net_delay","360","","_172_:Y","_235_:A","MIN","RISE","RISE","",0
"net_delay","360","","_172_:Y","_235_:A","MIN","FALL","FALL","",0
"net_delay","360","","_172_:Y","_235_:A","MAX","RISE","RISE","",0
"net_delay","360","","_172_:Y","_235_:A","MAX","FALL","FALL","",0
"net_delay","359","","_234_:Y","_235_:B","MIN","RISE","RISE","",0
"net_delay","359","","_234_:Y","_235_:B","MIN","FALL","FALL","",0
"net_delay","359","","_234_:Y","_235_:B","MAX","RISE","RISE","",0
"net_delay","359","","_234_:Y","_235_:B","MAX","FALL","FALL","",0
"cell_delay","358","","_235_:B","_235_:Y","MAX","RISE","FALL","",0
"cell_delay","358","","_235_:B","_235_:Y","MAX","FALL","RISE","",0
"cell_delay","357","","_235_:A","_235_:Y","MAX","RISE","FALL","",0
"cell_delay","357","","_235_:A","_235_:Y","MAX","FALL","RISE","",0
"cell_delay","356","","_235_:B","_235_:Y","MIN","RISE","FALL","",0
"cell_delay","356","","_235_:B","_235_:Y","MIN","FALL","RISE","",0
"cell_delay","355","","_235_:A","_235_:Y","MIN","RISE","FALL","",0
"cell_delay","355","","_235_:A","_235_:Y","MIN","FALL","RISE","",0
"net_delay","354","","_232_:Y","_234_:A","MIN","RISE","RISE","",0
"net_delay","354","","_232_:Y","_234_:A","MIN","FALL","FALL","",0
"net_delay","354","","_232_:Y","_234_:A","MAX","RISE","RISE","",0
"net_delay","354","","_232_:Y","_234_:A","MAX","FALL","FALL","",0
"net_delay","353","","_233_:Y","_234_:B","MIN","RISE","RISE","",0
"net_delay","353","","_233_:Y","_234_:B","MIN","FALL","FALL","",0
"net_delay","353","","_233_:Y","_234_:B","MAX","RISE","RISE","",0
"net_delay","353","","_233_:Y","_234_:B","MAX","FALL","FALL","",0
"cell_delay","352","","_234_:B","_234_:Y","MAX","RISE","FALL","",0
"cell_delay","352","","_234_:B","_234_:Y","MAX","FALL","RISE","",0
"cell_delay","351","","_234_:A","_234_:Y","MAX","RISE","FALL","",0
"cell_delay","351","","_234_:A","_234_:Y","MAX","FALL","RISE","",0
"cell_delay","350","","_234_:B","_234_:Y","MIN","RISE","FALL","",0
"cell_delay","350","","_234_:B","_234_:Y","MIN","FALL","RISE","",0
"cell_delay","349","","_234_:A","_234_:Y","MIN","RISE","FALL","",0
"cell_delay","349","","_234_:A","_234_:Y","MIN","FALL","RISE","",0
"net_delay","348","","_168_:Y","_233_:A","MIN","RISE","RISE","",0
"net_delay","348","","_168_:Y","_233_:A","MIN","FALL","FALL","",0
"net_delay","348","","_168_:Y","_233_:A","MAX","RISE","RISE","",0
"net_delay","348","","_168_:Y","_233_:A","MAX","FALL","FALL","",0
"cell_delay","347","","_233_:C","_233_:Y","MAX","RISE","FALL","",0
"cell_delay","347","","_233_:C","_233_:Y","MAX","FALL","RISE","",0
"cell_delay","346","","_233_:B","_233_:Y","MAX","RISE","FALL","",0
"cell_delay","346","","_233_:B","_233_:Y","MAX","FALL","RISE","",0
"cell_delay","345","","_233_:A","_233_:Y","MAX","RISE","FALL","",0
"cell_delay","345","","_233_:A","_233_:Y","MAX","FALL","RISE","",0
"cell_delay","344","","_233_:C","_233_:Y","MIN","RISE","FALL","",0
"cell_delay","344","","_233_:C","_233_:Y","MIN","FALL","RISE","",0
"cell_delay","343","","_233_:B","_233_:Y","MIN","RISE","FALL","",0
"cell_delay","343","","_233_:B","_233_:Y","MIN","FALL","RISE","",0
"cell_delay","342","","_233_:A","_233_:Y","MIN","RISE","FALL","",0
"cell_delay","342","","_233_:A","_233_:Y","MIN","FALL","RISE","",0
"net_delay","341","","_179_:Y","_232_:B","MIN","RISE","RISE","",0
"net_delay","341","","_179_:Y","_232_:B","MIN","FALL","FALL","",0
"net_delay","341","","_179_:Y","_232_:B","MAX","RISE","RISE","",0
"net_delay","341","","_179_:Y","_232_:B","MAX","FALL","FALL","",0
"cell_delay","340","","_232_:B","_232_:Y","MAX","RISE","FALL","",0
"cell_delay","340","","_232_:B","_232_:Y","MAX","FALL","RISE","",0
"cell_delay","339","","_232_:A","_232_:Y","MAX","RISE","FALL","",0
"cell_delay","339","","_232_:A","_232_:Y","MAX","FALL","RISE","",0
"cell_delay","338","","_232_:B","_232_:Y","MIN","RISE","FALL","",0
"cell_delay","338","","_232_:B","_232_:Y","MIN","FALL","RISE","",0
"cell_delay","337","","_232_:A","_232_:Y","MIN","RISE","FALL","",0
"cell_delay","337","","_232_:A","_232_:Y","MIN","FALL","RISE","",0
"net_delay","336","","N_1_","_231_:A","MIN","RISE","RISE","",0
"net_delay","336","","N_1_","_231_:A","MIN","FALL","FALL","",0
"net_delay","336","","N_1_","_231_:A","MAX","RISE","RISE","",0
"net_delay","336","","N_1_","_231_:A","MAX","FALL","FALL","",0
"net_delay","335","","N_2_","_231_:B","MIN","RISE","RISE","",0
"net_delay","335","","N_2_","_231_:B","MIN","FALL","FALL","",0
"net_delay","335","","N_2_","_231_:B","MAX","RISE","RISE","",0
"net_delay","335","","N_2_","_231_:B","MAX","FALL","FALL","",0
"cell_delay","334","","_231_:B","_231_:Y","MAX","RISE","RISE","",0
"cell_delay","334","","_231_:B","_231_:Y","MAX","RISE","FALL","",0
"cell_delay","334","","_231_:B","_231_:Y","MAX","FALL","RISE","",0
"cell_delay","334","","_231_:B","_231_:Y","MAX","FALL","FALL","",0
"cell_delay","333","","_231_:A","_231_:Y","MAX","RISE","RISE","",0
"cell_delay","333","","_231_:A","_231_:Y","MAX","RISE","FALL","",0
"cell_delay","333","","_231_:A","_231_:Y","MAX","FALL","RISE","",0
"cell_delay","333","","_231_:A","_231_:Y","MAX","FALL","FALL","",0
"cell_delay","332","","_231_:B","_231_:Y","MIN","RISE","RISE","",0
"cell_delay","332","","_231_:B","_231_:Y","MIN","RISE","FALL","",0
"cell_delay","332","","_231_:B","_231_:Y","MIN","FALL","RISE","",0
"cell_delay","332","","_231_:B","_231_:Y","MIN","FALL","FALL","",0
"cell_delay","331","","_231_:A","_231_:Y","MIN","RISE","RISE","",0
"cell_delay","331","","_231_:A","_231_:Y","MIN","RISE","FALL","",0
"cell_delay","331","","_231_:A","_231_:Y","MIN","FALL","RISE","",0
"cell_delay","331","","_231_:A","_231_:Y","MIN","FALL","FALL","",0
"net_delay","330","","_228_:Y","_230_:B","MIN","RISE","RISE","",0
"net_delay","330","","_228_:Y","_230_:B","MIN","FALL","FALL","",0
"net_delay","330","","_228_:Y","_230_:B","MAX","RISE","RISE","",0
"net_delay","330","","_228_:Y","_230_:B","MAX","FALL","FALL","",0
"net_delay","329","","_229_:Y","_230_:C","MIN","RISE","RISE","",0
"net_delay","329","","_229_:Y","_230_:C","MIN","FALL","FALL","",0
"net_delay","329","","_229_:Y","_230_:C","MAX","RISE","RISE","",0
"net_delay","329","","_229_:Y","_230_:C","MAX","FALL","FALL","",0
"cell_delay","328","","_230_:C","_230_:Y","MAX","RISE","FALL","",0
"cell_delay","328","","_230_:C","_230_:Y","MAX","FALL","RISE","",0
"cell_delay","327","","_230_:B","_230_:Y","MAX","RISE","FALL","",0
"cell_delay","327","","_230_:B","_230_:Y","MAX","FALL","RISE","",0
"cell_delay","326","","_230_:A","_230_:Y","MAX","RISE","FALL","",0
"cell_delay","326","","_230_:A","_230_:Y","MAX","FALL","RISE","",0
"cell_delay","325","","_230_:C","_230_:Y","MIN","RISE","FALL","",0
"cell_delay","325","","_230_:C","_230_:Y","MIN","FALL","RISE","",0
"cell_delay","324","","_230_:B","_230_:Y","MIN","RISE","FALL","",0
"cell_delay","324","","_230_:B","_230_:Y","MIN","FALL","RISE","",0
"cell_delay","323","","_230_:A","_230_:Y","MIN","RISE","FALL","",0
"cell_delay","323","","_230_:A","_230_:Y","MIN","FALL","RISE","",0
"net_delay","322","","N_1_","_229_:B","MIN","RISE","RISE","",0
"net_delay","322","","N_1_","_229_:B","MIN","FALL","FALL","",0
"net_delay","322","","N_1_","_229_:B","MAX","RISE","RISE","",0
"net_delay","322","","N_1_","_229_:B","MAX","FALL","FALL","",0
"cell_delay","321","","_229_:B","_229_:Y","MAX","RISE","FALL","",0
"cell_delay","321","","_229_:B","_229_:Y","MAX","FALL","RISE","",0
"cell_delay","320","","_229_:A","_229_:Y","MAX","RISE","FALL","",0
"cell_delay","320","","_229_:A","_229_:Y","MAX","FALL","RISE","",0
"cell_delay","319","","_229_:B","_229_:Y","MIN","RISE","FALL","",0
"cell_delay","319","","_229_:B","_229_:Y","MIN","FALL","RISE","",0
"cell_delay","318","","_229_:A","_229_:Y","MIN","RISE","FALL","",0
"cell_delay","318","","_229_:A","_229_:Y","MIN","FALL","RISE","",0
"cell_delay","317","","_228_:B","_228_:Y","MAX","RISE","RISE","",0
"cell_delay","317","","_228_:B","_228_:Y","MAX","RISE","FALL","",0
"cell_delay","317","","_228_:B","_228_:Y","MAX","FALL","RISE","",0
"cell_delay","317","","_228_:B","_228_:Y","MAX","FALL","FALL","",0
"cell_delay","316","","_228_:A","_228_:Y","MAX","RISE","RISE","",0
"cell_delay","316","","_228_:A","_228_:Y","MAX","RISE","FALL","",0
"cell_delay","316","","_228_:A","_228_:Y","MAX","FALL","RISE","",0
"cell_delay","316","","_228_:A","_228_:Y","MAX","FALL","FALL","",0
"cell_delay","315","","_228_:B","_228_:Y","MIN","RISE","RISE","",0
"cell_delay","315","","_228_:B","_228_:Y","MIN","RISE","FALL","",0
"cell_delay","315","","_228_:B","_228_:Y","MIN","FALL","RISE","",0
"cell_delay","315","","_228_:B","_228_:Y","MIN","FALL","FALL","",0
"cell_delay","314","","_228_:A","_228_:Y","MIN","RISE","RISE","",0
"cell_delay","314","","_228_:A","_228_:Y","MIN","RISE","FALL","",0
"cell_delay","314","","_228_:A","_228_:Y","MIN","FALL","RISE","",0
"cell_delay","314","","_228_:A","_228_:Y","MIN","FALL","FALL","",0
"net_delay","313","","_225_:Y","_227_:A","MIN","RISE","RISE","",0
"net_delay","313","","_225_:Y","_227_:A","MIN","FALL","FALL","",0
"net_delay","313","","_225_:Y","_227_:A","MAX","RISE","RISE","",0
"net_delay","313","","_225_:Y","_227_:A","MAX","FALL","FALL","",0
"net_delay","312","","_226_:Y","_227_:B","MIN","RISE","RISE","",0
"net_delay","312","","_226_:Y","_227_:B","MIN","FALL","FALL","",0
"net_delay","312","","_226_:Y","_227_:B","MAX","RISE","RISE","",0
"net_delay","312","","_226_:Y","_227_:B","MAX","FALL","FALL","",0
"cell_delay","311","","_227_:B","_227_:Y","MAX","RISE","FALL","",0
"cell_delay","311","","_227_:B","_227_:Y","MAX","FALL","RISE","",0
"cell_delay","310","","_227_:A","_227_:Y","MAX","RISE","FALL","",0
"cell_delay","310","","_227_:A","_227_:Y","MAX","FALL","RISE","",0
"cell_delay","309","","_227_:B","_227_:Y","MIN","RISE","FALL","",0
"cell_delay","309","","_227_:B","_227_:Y","MIN","FALL","RISE","",0
"cell_delay","308","","_227_:A","_227_:Y","MIN","RISE","FALL","",0
"cell_delay","308","","_227_:A","_227_:Y","MIN","FALL","RISE","",0
"net_delay","307","","_168_:Y","_226_:A","MIN","RISE","RISE","",0
"net_delay","307","","_168_:Y","_226_:A","MIN","FALL","FALL","",0
"net_delay","307","","_168_:Y","_226_:A","MAX","RISE","RISE","",0
"net_delay","307","","_168_:Y","_226_:A","MAX","FALL","FALL","",0
"net_delay","306","","_172_:Y","_226_:C","MIN","RISE","RISE","",0
"net_delay","306","","_172_:Y","_226_:C","MIN","FALL","FALL","",0
"net_delay","306","","_172_:Y","_226_:C","MAX","RISE","RISE","",0
"net_delay","306","","_172_:Y","_226_:C","MAX","FALL","FALL","",0
"cell_delay","305","","_226_:C","_226_:Y","MAX","RISE","FALL","",0
"cell_delay","305","","_226_:C","_226_:Y","MAX","FALL","RISE","",0
"cell_delay","304","","_226_:B","_226_:Y","MAX","RISE","FALL","",0
"cell_delay","304","","_226_:B","_226_:Y","MAX","FALL","RISE","",0
"cell_delay","303","","_226_:A","_226_:Y","MAX","RISE","FALL","",0
"cell_delay","303","","_226_:A","_226_:Y","MAX","FALL","RISE","",0
"cell_delay","302","","_226_:C","_226_:Y","MIN","RISE","FALL","",0
"cell_delay","302","","_226_:C","_226_:Y","MIN","FALL","RISE","",0
"cell_delay","301","","_226_:B","_226_:Y","MIN","RISE","FALL","",0
"cell_delay","301","","_226_:B","_226_:Y","MIN","FALL","RISE","",0
"cell_delay","300","","_226_:A","_226_:Y","MIN","RISE","FALL","",0
"cell_delay","300","","_226_:A","_226_:Y","MIN","FALL","RISE","",0
"cell_delay","299","","_225_:B","_225_:Y","MAX","RISE","FALL","",0
"cell_delay","299","","_225_:B","_225_:Y","MAX","FALL","RISE","",0
"cell_delay","298","","_225_:A","_225_:Y","MAX","RISE","FALL","",0
"cell_delay","298","","_225_:A","_225_:Y","MAX","FALL","RISE","",0
"cell_delay","297","","_225_:B","_225_:Y","MIN","RISE","FALL","",0
"cell_delay","297","","_225_:B","_225_:Y","MIN","FALL","RISE","",0
"cell_delay","296","","_225_:A","_225_:Y","MIN","RISE","FALL","",0
"cell_delay","296","","_225_:A","_225_:Y","MIN","FALL","RISE","",0
"net_delay","295","","_222_:Y","_224_:A","MIN","RISE","RISE","",0
"net_delay","295","","_222_:Y","_224_:A","MIN","FALL","FALL","",0
"net_delay","295","","_222_:Y","_224_:A","MAX","RISE","RISE","",0
"net_delay","295","","_222_:Y","_224_:A","MAX","FALL","FALL","",0
"net_delay","294","","_223_:Y","_224_:B","MIN","RISE","RISE","",0
"net_delay","294","","_223_:Y","_224_:B","MIN","FALL","FALL","",0
"net_delay","294","","_223_:Y","_224_:B","MAX","RISE","RISE","",0
"net_delay","294","","_223_:Y","_224_:B","MAX","FALL","FALL","",0
"cell_delay","293","","_224_:B","_224_:Y","MAX","RISE","FALL","",0
"cell_delay","293","","_224_:B","_224_:Y","MAX","FALL","RISE","",0
"cell_delay","292","","_224_:A","_224_:Y","MAX","RISE","FALL","",0
"cell_delay","292","","_224_:A","_224_:Y","MAX","FALL","RISE","",0
"cell_delay","291","","_224_:B","_224_:Y","MIN","RISE","FALL","",0
"cell_delay","291","","_224_:B","_224_:Y","MIN","FALL","RISE","",0
"cell_delay","290","","_224_:A","_224_:Y","MIN","RISE","FALL","",0
"cell_delay","290","","_224_:A","_224_:Y","MIN","FALL","RISE","",0
"net_delay","289","","_168_:Y","_223_:A","MIN","RISE","RISE","",0
"net_delay","289","","_168_:Y","_223_:A","MIN","FALL","FALL","",0
"net_delay","289","","_168_:Y","_223_:A","MAX","RISE","RISE","",0
"net_delay","289","","_168_:Y","_223_:A","MAX","FALL","FALL","",0
"net_delay","288","","_172_:Y","_223_:C","MIN","RISE","RISE","",0
"net_delay","288","","_172_:Y","_223_:C","MIN","FALL","FALL","",0
"net_delay","288","","_172_:Y","_223_:C","MAX","RISE","RISE","",0
"net_delay","288","","_172_:Y","_223_:C","MAX","FALL","FALL","",0
"cell_delay","287","","_223_:C","_223_:Y","MAX","RISE","FALL","",0
"cell_delay","287","","_223_:C","_223_:Y","MAX","FALL","RISE","",0
"cell_delay","286","","_223_:B","_223_:Y","MAX","RISE","FALL","",0
"cell_delay","286","","_223_:B","_223_:Y","MAX","FALL","RISE","",0
"cell_delay","285","","_223_:A","_223_:Y","MAX","RISE","FALL","",0
"cell_delay","285","","_223_:A","_223_:Y","MAX","FALL","RISE","",0
"cell_delay","284","","_223_:C","_223_:Y","MIN","RISE","FALL","",0
"cell_delay","284","","_223_:C","_223_:Y","MIN","FALL","RISE","",0
"cell_delay","283","","_223_:B","_223_:Y","MIN","RISE","FALL","",0
"cell_delay","283","","_223_:B","_223_:Y","MIN","FALL","RISE","",0
"cell_delay","282","","_223_:A","_223_:Y","MIN","RISE","FALL","",0
"cell_delay","282","","_223_:A","_223_:Y","MIN","FALL","RISE","",0
"cell_delay","281","","_222_:B","_222_:Y","MAX","RISE","FALL","",0
"cell_delay","281","","_222_:B","_222_:Y","MAX","FALL","RISE","",0
"cell_delay","280","","_222_:A","_222_:Y","MAX","RISE","FALL","",0
"cell_delay","280","","_222_:A","_222_:Y","MAX","FALL","RISE","",0
"cell_delay","279","","_222_:B","_222_:Y","MIN","RISE","FALL","",0
"cell_delay","279","","_222_:B","_222_:Y","MIN","FALL","RISE","",0
"cell_delay","278","","_222_:A","_222_:Y","MIN","RISE","FALL","",0
"cell_delay","278","","_222_:A","_222_:Y","MIN","FALL","RISE","",0
"net_delay","277","","_219_:Y","_221_:A","MIN","RISE","RISE","",0
"net_delay","277","","_219_:Y","_221_:A","MIN","FALL","FALL","",0
"net_delay","277","","_219_:Y","_221_:A","MAX","RISE","RISE","",0
"net_delay","277","","_219_:Y","_221_:A","MAX","FALL","FALL","",0
"net_delay","276","","_220_:Y","_221_:B","MIN","RISE","RISE","",0
"net_delay","276","","_220_:Y","_221_:B","MIN","FALL","FALL","",0
"net_delay","276","","_220_:Y","_221_:B","MAX","RISE","RISE","",0
"net_delay","276","","_220_:Y","_221_:B","MAX","FALL","FALL","",0
"cell_delay","275","","_221_:B","_221_:Y","MAX","RISE","FALL","",0
"cell_delay","275","","_221_:B","_221_:Y","MAX","FALL","RISE","",0
"cell_delay","274","","_221_:A","_221_:Y","MAX","RISE","FALL","",0
"cell_delay","274","","_221_:A","_221_:Y","MAX","FALL","RISE","",0
"cell_delay","273","","_221_:B","_221_:Y","MIN","RISE","FALL","",0
"cell_delay","273","","_221_:B","_221_:Y","MIN","FALL","RISE","",0
"cell_delay","272","","_221_:A","_221_:Y","MIN","RISE","FALL","",0
"cell_delay","272","","_221_:A","_221_:Y","MIN","FALL","RISE","",0
"net_delay","271","","_168_:Y","_220_:A","MIN","RISE","RISE","",0
"net_delay","271","","_168_:Y","_220_:A","MIN","FALL","FALL","",0
"net_delay","271","","_168_:Y","_220_:A","MAX","RISE","RISE","",0
"net_delay","271","","_168_:Y","_220_:A","MAX","FALL","FALL","",0
"net_delay","270","","_172_:Y","_220_:C","MIN","RISE","RISE","",0
"net_delay","270","","_172_:Y","_220_:C","MIN","FALL","FALL","",0
"net_delay","270","","_172_:Y","_220_:C","MAX","RISE","RISE","",0
"net_delay","270","","_172_:Y","_220_:C","MAX","FALL","FALL","",0
"cell_delay","269","","_220_:C","_220_:Y","MAX","RISE","FALL","",0
"cell_delay","269","","_220_:C","_220_:Y","MAX","FALL","RISE","",0
"cell_delay","268","","_220_:B","_220_:Y","MAX","RISE","FALL","",0
"cell_delay","268","","_220_:B","_220_:Y","MAX","FALL","RISE","",0
"cell_delay","267","","_220_:A","_220_:Y","MAX","RISE","FALL","",0
"cell_delay","267","","_220_:A","_220_:Y","MAX","FALL","RISE","",0
"cell_delay","266","","_220_:C","_220_:Y","MIN","RISE","FALL","",0
"cell_delay","266","","_220_:C","_220_:Y","MIN","FALL","RISE","",0
"cell_delay","265","","_220_:B","_220_:Y","MIN","RISE","FALL","",0
"cell_delay","265","","_220_:B","_220_:Y","MIN","FALL","RISE","",0
"cell_delay","264","","_220_:A","_220_:Y","MIN","RISE","FALL","",0
"cell_delay","264","","_220_:A","_220_:Y","MIN","FALL","RISE","",0
"cell_delay","263","","_219_:B","_219_:Y","MAX","RISE","FALL","",0
"cell_delay","263","","_219_:B","_219_:Y","MAX","FALL","RISE","",0
"cell_delay","262","","_219_:A","_219_:Y","MAX","RISE","FALL","",0
"cell_delay","262","","_219_:A","_219_:Y","MAX","FALL","RISE","",0
"cell_delay","261","","_219_:B","_219_:Y","MIN","RISE","FALL","",0
"cell_delay","261","","_219_:B","_219_:Y","MIN","FALL","RISE","",0
"cell_delay","260","","_219_:A","_219_:Y","MIN","RISE","FALL","",0
"cell_delay","260","","_219_:A","_219_:Y","MIN","FALL","RISE","",0
"net_delay","259","","_216_:Y","_218_:A","MIN","RISE","RISE","",0
"net_delay","259","","_216_:Y","_218_:A","MIN","FALL","FALL","",0
"net_delay","259","","_216_:Y","_218_:A","MAX","RISE","RISE","",0
"net_delay","259","","_216_:Y","_218_:A","MAX","FALL","FALL","",0
"net_delay","258","","_217_:Y","_218_:B","MIN","RISE","RISE","",0
"net_delay","258","","_217_:Y","_218_:B","MIN","FALL","FALL","",0
"net_delay","258","","_217_:Y","_218_:B","MAX","RISE","RISE","",0
"net_delay","258","","_217_:Y","_218_:B","MAX","FALL","FALL","",0
"cell_delay","257","","_218_:B","_218_:Y","MAX","RISE","FALL","",0
"cell_delay","257","","_218_:B","_218_:Y","MAX","FALL","RISE","",0
"cell_delay","256","","_218_:A","_218_:Y","MAX","RISE","FALL","",0
"cell_delay","256","","_218_:A","_218_:Y","MAX","FALL","RISE","",0
"cell_delay","255","","_218_:B","_218_:Y","MIN","RISE","FALL","",0
"cell_delay","255","","_218_:B","_218_:Y","MIN","FALL","RISE","",0
"cell_delay","254","","_218_:A","_218_:Y","MIN","RISE","FALL","",0
"cell_delay","254","","_218_:A","_218_:Y","MIN","FALL","RISE","",0
"net_delay","253","","_168_:Y","_217_:A","MIN","RISE","RISE","",0
"net_delay","253","","_168_:Y","_217_:A","MIN","FALL","FALL","",0
"net_delay","253","","_168_:Y","_217_:A","MAX","RISE","RISE","",0
"net_delay","253","","_168_:Y","_217_:A","MAX","FALL","FALL","",0
"net_delay","252","","_172_:Y","_217_:C","MIN","RISE","RISE","",0
"net_delay","252","","_172_:Y","_217_:C","MIN","FALL","FALL","",0
"net_delay","252","","_172_:Y","_217_:C","MAX","RISE","RISE","",0
"net_delay","252","","_172_:Y","_217_:C","MAX","FALL","FALL","",0
"cell_delay","251","","_217_:C","_217_:Y","MAX","RISE","FALL","",0
"cell_delay","251","","_217_:C","_217_:Y","MAX","FALL","RISE","",0
"cell_delay","250","","_217_:B","_217_:Y","MAX","RISE","FALL","",0
"cell_delay","250","","_217_:B","_217_:Y","MAX","FALL","RISE","",0
"cell_delay","249","","_217_:A","_217_:Y","MAX","RISE","FALL","",0
"cell_delay","249","","_217_:A","_217_:Y","MAX","FALL","RISE","",0
"cell_delay","248","","_217_:C","_217_:Y","MIN","RISE","FALL","",0
"cell_delay","248","","_217_:C","_217_:Y","MIN","FALL","RISE","",0
"cell_delay","247","","_217_:B","_217_:Y","MIN","RISE","FALL","",0
"cell_delay","247","","_217_:B","_217_:Y","MIN","FALL","RISE","",0
"cell_delay","246","","_217_:A","_217_:Y","MIN","RISE","FALL","",0
"cell_delay","246","","_217_:A","_217_:Y","MIN","FALL","RISE","",0
"cell_delay","245","","_216_:B","_216_:Y","MAX","RISE","FALL","",0
"cell_delay","245","","_216_:B","_216_:Y","MAX","FALL","RISE","",0
"cell_delay","244","","_216_:A","_216_:Y","MAX","RISE","FALL","",0
"cell_delay","244","","_216_:A","_216_:Y","MAX","FALL","RISE","",0
"cell_delay","243","","_216_:B","_216_:Y","MIN","RISE","FALL","",0
"cell_delay","243","","_216_:B","_216_:Y","MIN","FALL","RISE","",0
"cell_delay","242","","_216_:A","_216_:Y","MIN","RISE","FALL","",0
"cell_delay","242","","_216_:A","_216_:Y","MIN","FALL","RISE","",0
"net_delay","241","","_213_:Y","_215_:A","MIN","RISE","RISE","",0
"net_delay","241","","_213_:Y","_215_:A","MIN","FALL","FALL","",0
"net_delay","241","","_213_:Y","_215_:A","MAX","RISE","RISE","",0
"net_delay","241","","_213_:Y","_215_:A","MAX","FALL","FALL","",0
"net_delay","240","","_214_:Y","_215_:B","MIN","RISE","RISE","",0
"net_delay","240","","_214_:Y","_215_:B","MIN","FALL","FALL","",0
"net_delay","240","","_214_:Y","_215_:B","MAX","RISE","RISE","",0
"net_delay","240","","_214_:Y","_215_:B","MAX","FALL","FALL","",0
"cell_delay","239","","_215_:B","_215_:Y","MAX","RISE","FALL","",0
"cell_delay","239","","_215_:B","_215_:Y","MAX","FALL","RISE","",0
"cell_delay","238","","_215_:A","_215_:Y","MAX","RISE","FALL","",0
"cell_delay","238","","_215_:A","_215_:Y","MAX","FALL","RISE","",0
"cell_delay","237","","_215_:B","_215_:Y","MIN","RISE","FALL","",0
"cell_delay","237","","_215_:B","_215_:Y","MIN","FALL","RISE","",0
"cell_delay","236","","_215_:A","_215_:Y","MIN","RISE","FALL","",0
"cell_delay","236","","_215_:A","_215_:Y","MIN","FALL","RISE","",0
"net_delay","235","","_168_:Y","_214_:A","MIN","RISE","RISE","",0
"net_delay","235","","_168_:Y","_214_:A","MIN","FALL","FALL","",0
"net_delay","235","","_168_:Y","_214_:A","MAX","RISE","RISE","",0
"net_delay","235","","_168_:Y","_214_:A","MAX","FALL","FALL","",0
"net_delay","234","","_172_:Y","_214_:C","MIN","RISE","RISE","",0
"net_delay","234","","_172_:Y","_214_:C","MIN","FALL","FALL","",0
"net_delay","234","","_172_:Y","_214_:C","MAX","RISE","RISE","",0
"net_delay","234","","_172_:Y","_214_:C","MAX","FALL","FALL","",0
"cell_delay","233","","_214_:C","_214_:Y","MAX","RISE","FALL","",0
"cell_delay","233","","_214_:C","_214_:Y","MAX","FALL","RISE","",0
"cell_delay","232","","_214_:B","_214_:Y","MAX","RISE","FALL","",0
"cell_delay","232","","_214_:B","_214_:Y","MAX","FALL","RISE","",0
"cell_delay","231","","_214_:A","_214_:Y","MAX","RISE","FALL","",0
"cell_delay","231","","_214_:A","_214_:Y","MAX","FALL","RISE","",0
"cell_delay","230","","_214_:C","_214_:Y","MIN","RISE","FALL","",0
"cell_delay","230","","_214_:C","_214_:Y","MIN","FALL","RISE","",0
"cell_delay","229","","_214_:B","_214_:Y","MIN","RISE","FALL","",0
"cell_delay","229","","_214_:B","_214_:Y","MIN","FALL","RISE","",0
"cell_delay","228","","_214_:A","_214_:Y","MIN","RISE","FALL","",0
"cell_delay","228","","_214_:A","_214_:Y","MIN","FALL","RISE","",0
"cell_delay","227","","_213_:B","_213_:Y","MAX","RISE","FALL","",0
"cell_delay","227","","_213_:B","_213_:Y","MAX","FALL","RISE","",0
"cell_delay","226","","_213_:A","_213_:Y","MAX","RISE","FALL","",0
"cell_delay","226","","_213_:A","_213_:Y","MAX","FALL","RISE","",0
"cell_delay","225","","_213_:B","_213_:Y","MIN","RISE","FALL","",0
"cell_delay","225","","_213_:B","_213_:Y","MIN","FALL","RISE","",0
"cell_delay","224","","_213_:A","_213_:Y","MIN","RISE","FALL","",0
"cell_delay","224","","_213_:A","_213_:Y","MIN","FALL","RISE","",0
"net_delay","223","","_210_:Y","_212_:A","MIN","RISE","RISE","",0
"net_delay","223","","_210_:Y","_212_:A","MIN","FALL","FALL","",0
"net_delay","223","","_210_:Y","_212_:A","MAX","RISE","RISE","",0
"net_delay","223","","_210_:Y","_212_:A","MAX","FALL","FALL","",0
"net_delay","222","","_211_:Y","_212_:B","MIN","RISE","RISE","",0
"net_delay","222","","_211_:Y","_212_:B","MIN","FALL","FALL","",0
"net_delay","222","","_211_:Y","_212_:B","MAX","RISE","RISE","",0
"net_delay","222","","_211_:Y","_212_:B","MAX","FALL","FALL","",0
"cell_delay","221","","_212_:B","_212_:Y","MAX","RISE","FALL","",0
"cell_delay","221","","_212_:B","_212_:Y","MAX","FALL","RISE","",0
"cell_delay","220","","_212_:A","_212_:Y","MAX","RISE","FALL","",0
"cell_delay","220","","_212_:A","_212_:Y","MAX","FALL","RISE","",0
"cell_delay","219","","_212_:B","_212_:Y","MIN","RISE","FALL","",0
"cell_delay","219","","_212_:B","_212_:Y","MIN","FALL","RISE","",0
"cell_delay","218","","_212_:A","_212_:Y","MIN","RISE","FALL","",0
"cell_delay","218","","_212_:A","_212_:Y","MIN","FALL","RISE","",0
"net_delay","217","","_168_:Y","_211_:A","MIN","RISE","RISE","",0
"net_delay","217","","_168_:Y","_211_:A","MIN","FALL","FALL","",0
"net_delay","217","","_168_:Y","_211_:A","MAX","RISE","RISE","",0
"net_delay","217","","_168_:Y","_211_:A","MAX","FALL","FALL","",0
"net_delay","216","","_172_:Y","_211_:C","MIN","RISE","RISE","",0
"net_delay","216","","_172_:Y","_211_:C","MIN","FALL","FALL","",0
"net_delay","216","","_172_:Y","_211_:C","MAX","RISE","RISE","",0
"net_delay","216","","_172_:Y","_211_:C","MAX","FALL","FALL","",0
"cell_delay","215","","_211_:C","_211_:Y","MAX","RISE","FALL","",0
"cell_delay","215","","_211_:C","_211_:Y","MAX","FALL","RISE","",0
"cell_delay","214","","_211_:B","_211_:Y","MAX","RISE","FALL","",0
"cell_delay","214","","_211_:B","_211_:Y","MAX","FALL","RISE","",0
"cell_delay","213","","_211_:A","_211_:Y","MAX","RISE","FALL","",0
"cell_delay","213","","_211_:A","_211_:Y","MAX","FALL","RISE","",0
"cell_delay","212","","_211_:C","_211_:Y","MIN","RISE","FALL","",0
"cell_delay","212","","_211_:C","_211_:Y","MIN","FALL","RISE","",0
"cell_delay","211","","_211_:B","_211_:Y","MIN","RISE","FALL","",0
"cell_delay","211","","_211_:B","_211_:Y","MIN","FALL","RISE","",0
"cell_delay","210","","_211_:A","_211_:Y","MIN","RISE","FALL","",0
"cell_delay","210","","_211_:A","_211_:Y","MIN","FALL","RISE","",0
"cell_delay","209","","_210_:B","_210_:Y","MAX","RISE","FALL","",0
"cell_delay","209","","_210_:B","_210_:Y","MAX","FALL","RISE","",0
"cell_delay","208","","_210_:A","_210_:Y","MAX","RISE","FALL","",0
"cell_delay","208","","_210_:A","_210_:Y","MAX","FALL","RISE","",0
"cell_delay","207","","_210_:B","_210_:Y","MIN","RISE","FALL","",0
"cell_delay","207","","_210_:B","_210_:Y","MIN","FALL","RISE","",0
"cell_delay","206","","_210_:A","_210_:Y","MIN","RISE","FALL","",0
"cell_delay","206","","_210_:A","_210_:Y","MIN","FALL","RISE","",0
"net_delay","205","","_207_:Y","_209_:B","MIN","RISE","RISE","",0
"net_delay","205","","_207_:Y","_209_:B","MIN","FALL","FALL","",0
"net_delay","205","","_207_:Y","_209_:B","MAX","RISE","RISE","",0
"net_delay","205","","_207_:Y","_209_:B","MAX","FALL","FALL","",0
"net_delay","204","","_208_:Y","_209_:C","MIN","RISE","RISE","",0
"net_delay","204","","_208_:Y","_209_:C","MIN","FALL","FALL","",0
"net_delay","204","","_208_:Y","_209_:C","MAX","RISE","RISE","",0
"net_delay","204","","_208_:Y","_209_:C","MAX","FALL","FALL","",0
"cell_delay","203","","_209_:C","_209_:Y","MAX","RISE","FALL","",0
"cell_delay","203","","_209_:C","_209_:Y","MAX","FALL","RISE","",0
"cell_delay","202","","_209_:B","_209_:Y","MAX","RISE","FALL","",0
"cell_delay","202","","_209_:B","_209_:Y","MAX","FALL","RISE","",0
"cell_delay","201","","_209_:A","_209_:Y","MAX","RISE","FALL","",0
"cell_delay","201","","_209_:A","_209_:Y","MAX","FALL","RISE","",0
"cell_delay","200","","_209_:C","_209_:Y","MIN","RISE","FALL","",0
"cell_delay","200","","_209_:C","_209_:Y","MIN","FALL","RISE","",0
"cell_delay","199","","_209_:B","_209_:Y","MIN","RISE","FALL","",0
"cell_delay","199","","_209_:B","_209_:Y","MIN","FALL","RISE","",0
"cell_delay","198","","_209_:A","_209_:Y","MIN","RISE","FALL","",0
"cell_delay","198","","_209_:A","_209_:Y","MIN","FALL","RISE","",0
"net_delay","197","","_172_:Y","_208_:C","MIN","RISE","RISE","",0
"net_delay","197","","_172_:Y","_208_:C","MIN","FALL","FALL","",0
"net_delay","197","","_172_:Y","_208_:C","MAX","RISE","RISE","",0
"net_delay","197","","_172_:Y","_208_:C","MAX","FALL","FALL","",0
"cell_delay","196","","_208_:C","_208_:Y","MAX","RISE","FALL","",0
"cell_delay","196","","_208_:C","_208_:Y","MAX","FALL","RISE","",0
"cell_delay","195","","_208_:B","_208_:Y","MAX","RISE","FALL","",0
"cell_delay","195","","_208_:B","_208_:Y","MAX","FALL","RISE","",0
"cell_delay","194","","_208_:A","_208_:Y","MAX","RISE","FALL","",0
"cell_delay","194","","_208_:A","_208_:Y","MAX","FALL","RISE","",0
"cell_delay","193","","_208_:C","_208_:Y","MIN","RISE","FALL","",0
"cell_delay","193","","_208_:C","_208_:Y","MIN","FALL","RISE","",0
"cell_delay","192","","_208_:B","_208_:Y","MIN","RISE","FALL","",0
"cell_delay","192","","_208_:B","_208_:Y","MIN","FALL","RISE","",0
"cell_delay","191","","_208_:A","_208_:Y","MIN","RISE","FALL","",0
"cell_delay","191","","_208_:A","_208_:Y","MIN","FALL","RISE","",0
"net_delay","190","","_205_:Y","_207_:A","MIN","RISE","RISE","",0
"net_delay","190","","_205_:Y","_207_:A","MIN","FALL","FALL","",0
"net_delay","190","","_205_:Y","_207_:A","MAX","RISE","RISE","",0
"net_delay","190","","_205_:Y","_207_:A","MAX","FALL","FALL","",0
"net_delay","189","","_206_:Y","_207_:B","MIN","RISE","RISE","",0
"net_delay","189","","_206_:Y","_207_:B","MIN","FALL","FALL","",0
"net_delay","189","","_206_:Y","_207_:B","MAX","RISE","RISE","",0
"net_delay","189","","_206_:Y","_207_:B","MAX","FALL","FALL","",0
"cell_delay","188","","_207_:B","_207_:Y","MAX","RISE","RISE","",0
"cell_delay","188","","_207_:B","_207_:Y","MAX","RISE","FALL","",0
"cell_delay","188","","_207_:B","_207_:Y","MAX","FALL","RISE","",0
"cell_delay","188","","_207_:B","_207_:Y","MAX","FALL","FALL","",0
"cell_delay","187","","_207_:A","_207_:Y","MAX","RISE","RISE","",0
"cell_delay","187","","_207_:A","_207_:Y","MAX","RISE","FALL","",0
"cell_delay","187","","_207_:A","_207_:Y","MAX","FALL","RISE","",0
"cell_delay","187","","_207_:A","_207_:Y","MAX","FALL","FALL","",0
"cell_delay","186","","_207_:B","_207_:Y","MIN","RISE","RISE","",0
"cell_delay","186","","_207_:B","_207_:Y","MIN","RISE","FALL","",0
"cell_delay","186","","_207_:B","_207_:Y","MIN","FALL","RISE","",0
"cell_delay","186","","_207_:B","_207_:Y","MIN","FALL","FALL","",0
"cell_delay","185","","_207_:A","_207_:Y","MIN","RISE","RISE","",0
"cell_delay","185","","_207_:A","_207_:Y","MIN","RISE","FALL","",0
"cell_delay","185","","_207_:A","_207_:Y","MIN","FALL","RISE","",0
"cell_delay","185","","_207_:A","_207_:Y","MIN","FALL","FALL","",0
"cell_delay","184","","_206_:B","_206_:Y","MAX","RISE","RISE","",0
"cell_delay","184","","_206_:B","_206_:Y","MAX","RISE","FALL","",0
"cell_delay","184","","_206_:B","_206_:Y","MAX","FALL","RISE","",0
"cell_delay","184","","_206_:B","_206_:Y","MAX","FALL","FALL","",0
"cell_delay","183","","_206_:A","_206_:Y","MAX","RISE","RISE","",0
"cell_delay","183","","_206_:A","_206_:Y","MAX","RISE","FALL","",0
"cell_delay","183","","_206_:A","_206_:Y","MAX","FALL","RISE","",0
"cell_delay","183","","_206_:A","_206_:Y","MAX","FALL","FALL","",0
"cell_delay","182","","_206_:B","_206_:Y","MIN","RISE","RISE","",0
"cell_delay","182","","_206_:B","_206_:Y","MIN","RISE","FALL","",0
"cell_delay","182","","_206_:B","_206_:Y","MIN","FALL","RISE","",0
"cell_delay","182","","_206_:B","_206_:Y","MIN","FALL","FALL","",0
"cell_delay","181","","_206_:A","_206_:Y","MIN","RISE","RISE","",0
"cell_delay","181","","_206_:A","_206_:Y","MIN","RISE","FALL","",0
"cell_delay","181","","_206_:A","_206_:Y","MIN","FALL","RISE","",0
"cell_delay","181","","_206_:A","_206_:Y","MIN","FALL","FALL","",0
"cell_delay","180","","_205_:B","_205_:Y","MAX","RISE","RISE","",0
"cell_delay","180","","_205_:B","_205_:Y","MAX","RISE","FALL","",0
"cell_delay","180","","_205_:B","_205_:Y","MAX","FALL","RISE","",0
"cell_delay","180","","_205_:B","_205_:Y","MAX","FALL","FALL","",0
"cell_delay","179","","_205_:A","_205_:Y","MAX","RISE","RISE","",0
"cell_delay","179","","_205_:A","_205_:Y","MAX","RISE","FALL","",0
"cell_delay","179","","_205_:A","_205_:Y","MAX","FALL","RISE","",0
"cell_delay","179","","_205_:A","_205_:Y","MAX","FALL","FALL","",0
"cell_delay","178","","_205_:B","_205_:Y","MIN","RISE","RISE","",0
"cell_delay","178","","_205_:B","_205_:Y","MIN","RISE","FALL","",0
"cell_delay","178","","_205_:B","_205_:Y","MIN","FALL","RISE","",0
"cell_delay","178","","_205_:B","_205_:Y","MIN","FALL","FALL","",0
"cell_delay","177","","_205_:A","_205_:Y","MIN","RISE","RISE","",0
"cell_delay","177","","_205_:A","_205_:Y","MIN","RISE","FALL","",0
"cell_delay","177","","_205_:A","_205_:Y","MIN","FALL","RISE","",0
"cell_delay","177","","_205_:A","_205_:Y","MIN","FALL","FALL","",0
"net_delay","176","","_203_:Y","_204_:A","MIN","RISE","RISE","",0
"net_delay","176","","_203_:Y","_204_:A","MIN","FALL","FALL","",0
"net_delay","176","","_203_:Y","_204_:A","MAX","RISE","RISE","",0
"net_delay","176","","_203_:Y","_204_:A","MAX","FALL","FALL","",0
"cell_delay","175","","_204_:A","_204_:Y","MAX","RISE","FALL","",0
"cell_delay","175","","_204_:A","_204_:Y","MAX","FALL","RISE","",0
"cell_delay","174","","_204_:A","_204_:Y","MIN","RISE","FALL","",0
"cell_delay","174","","_204_:A","_204_:Y","MIN","FALL","RISE","",0
"net_delay","173","","N_0_","_203_:B","MIN","RISE","RISE","",0
"net_delay","173","","N_0_","_203_:B","MIN","FALL","FALL","",0
"net_delay","173","","N_0_","_203_:B","MAX","RISE","RISE","",0
"net_delay","173","","N_0_","_203_:B","MAX","FALL","FALL","",0
"net_delay","172","","_186_:Y","_203_:S","MIN","RISE","RISE","",0
"net_delay","172","","_186_:Y","_203_:S","MIN","FALL","FALL","",0
"net_delay","172","","_186_:Y","_203_:S","MAX","RISE","RISE","",0
"net_delay","172","","_186_:Y","_203_:S","MAX","FALL","FALL","",0
"cell_delay","171","","_203_:S","_203_:Y","MAX","RISE","RISE","",0
"cell_delay","171","","_203_:S","_203_:Y","MAX","RISE","FALL","",0
"cell_delay","171","","_203_:S","_203_:Y","MAX","FALL","RISE","",0
"cell_delay","171","","_203_:S","_203_:Y","MAX","FALL","FALL","",0
"cell_delay","170","","_203_:B","_203_:Y","MAX","RISE","FALL","",0
"cell_delay","170","","_203_:B","_203_:Y","MAX","FALL","RISE","",0
"cell_delay","169","","_203_:A","_203_:Y","MAX","RISE","FALL","",0
"cell_delay","169","","_203_:A","_203_:Y","MAX","FALL","RISE","",0
"cell_delay","168","","_203_:S","_203_:Y","MIN","RISE","RISE","",0
"cell_delay","168","","_203_:S","_203_:Y","MIN","RISE","FALL","",0
"cell_delay","168","","_203_:S","_203_:Y","MIN","FALL","RISE","",0
"cell_delay","168","","_203_:S","_203_:Y","MIN","FALL","FALL","",0
"cell_delay","167","","_203_:B","_203_:Y","MIN","RISE","FALL","",0
"cell_delay","167","","_203_:B","_203_:Y","MIN","FALL","RISE","",0
"cell_delay","166","","_203_:A","_203_:Y","MIN","RISE","FALL","",0
"cell_delay","166","","_203_:A","_203_:Y","MIN","FALL","RISE","",0
"net_delay","165","","_201_:Y","_202_:A","MIN","RISE","RISE","",0
"net_delay","165","","_201_:Y","_202_:A","MIN","FALL","FALL","",0
"net_delay","165","","_201_:Y","_202_:A","MAX","RISE","RISE","",0
"net_delay","165","","_201_:Y","_202_:A","MAX","FALL","FALL","",0
"cell_delay","164","","_202_:A","_202_:Y","MAX","RISE","FALL","",0
"cell_delay","164","","_202_:A","_202_:Y","MAX","FALL","RISE","",0
"cell_delay","163","","_202_:A","_202_:Y","MIN","RISE","FALL","",0
"cell_delay","163","","_202_:A","_202_:Y","MIN","FALL","RISE","",0
"net_delay","162","","_186_:Y","_201_:S","MIN","RISE","RISE","",0
"net_delay","162","","_186_:Y","_201_:S","MIN","FALL","FALL","",0
"net_delay","162","","_186_:Y","_201_:S","MAX","RISE","RISE","",0
"net_delay","162","","_186_:Y","_201_:S","MAX","FALL","FALL","",0
"cell_delay","161","","_201_:S","_201_:Y","MAX","RISE","RISE","",0
"cell_delay","161","","_201_:S","_201_:Y","MAX","RISE","FALL","",0
"cell_delay","161","","_201_:S","_201_:Y","MAX","FALL","RISE","",0
"cell_delay","161","","_201_:S","_201_:Y","MAX","FALL","FALL","",0
"cell_delay","160","","_201_:B","_201_:Y","MAX","RISE","FALL","",0
"cell_delay","160","","_201_:B","_201_:Y","MAX","FALL","RISE","",0
"cell_delay","159","","_201_:A","_201_:Y","MAX","RISE","FALL","",0
"cell_delay","159","","_201_:A","_201_:Y","MAX","FALL","RISE","",0
"cell_delay","158","","_201_:S","_201_:Y","MIN","RISE","RISE","",0
"cell_delay","158","","_201_:S","_201_:Y","MIN","RISE","FALL","",0
"cell_delay","158","","_201_:S","_201_:Y","MIN","FALL","RISE","",0
"cell_delay","158","","_201_:S","_201_:Y","MIN","FALL","FALL","",0
"cell_delay","157","","_201_:B","_201_:Y","MIN","RISE","FALL","",0
"cell_delay","157","","_201_:B","_201_:Y","MIN","FALL","RISE","",0
"cell_delay","156","","_201_:A","_201_:Y","MIN","RISE","FALL","",0
"cell_delay","156","","_201_:A","_201_:Y","MIN","FALL","RISE","",0
"net_delay","155","","_199_:Y","_200_:A","MIN","RISE","RISE","",0
"net_delay","155","","_199_:Y","_200_:A","MIN","FALL","FALL","",0
"net_delay","155","","_199_:Y","_200_:A","MAX","RISE","RISE","",0
"net_delay","155","","_199_:Y","_200_:A","MAX","FALL","FALL","",0
"cell_delay","154","","_200_:A","_200_:Y","MAX","RISE","FALL","",0
"cell_delay","154","","_200_:A","_200_:Y","MAX","FALL","RISE","",0
"cell_delay","153","","_200_:A","_200_:Y","MIN","RISE","FALL","",0
"cell_delay","153","","_200_:A","_200_:Y","MIN","FALL","RISE","",0
"net_delay","152","","_186_:Y","_199_:S","MIN","RISE","RISE","",0
"net_delay","152","","_186_:Y","_199_:S","MIN","FALL","FALL","",0
"net_delay","152","","_186_:Y","_199_:S","MAX","RISE","RISE","",0
"net_delay","152","","_186_:Y","_199_:S","MAX","FALL","FALL","",0
"cell_delay","151","","_199_:S","_199_:Y","MAX","RISE","RISE","",0
"cell_delay","151","","_199_:S","_199_:Y","MAX","RISE","FALL","",0
"cell_delay","151","","_199_:S","_199_:Y","MAX","FALL","RISE","",0
"cell_delay","151","","_199_:S","_199_:Y","MAX","FALL","FALL","",0
"cell_delay","150","","_199_:B","_199_:Y","MAX","RISE","FALL","",0
"cell_delay","150","","_199_:B","_199_:Y","MAX","FALL","RISE","",0
"cell_delay","149","","_199_:A","_199_:Y","MAX","RISE","FALL","",0
"cell_delay","149","","_199_:A","_199_:Y","MAX","FALL","RISE","",0
"cell_delay","148","","_199_:S","_199_:Y","MIN","RISE","RISE","",0
"cell_delay","148","","_199_:S","_199_:Y","MIN","RISE","FALL","",0
"cell_delay","148","","_199_:S","_199_:Y","MIN","FALL","RISE","",0
"cell_delay","148","","_199_:S","_199_:Y","MIN","FALL","FALL","",0
"cell_delay","147","","_199_:B","_199_:Y","MIN","RISE","FALL","",0
"cell_delay","147","","_199_:B","_199_:Y","MIN","FALL","RISE","",0
"cell_delay","146","","_199_:A","_199_:Y","MIN","RISE","FALL","",0
"cell_delay","146","","_199_:A","_199_:Y","MIN","FALL","RISE","",0
"net_delay","145","","_197_:Y","_198_:A","MIN","RISE","RISE","",0
"net_delay","145","","_197_:Y","_198_:A","MIN","FALL","FALL","",0
"net_delay","145","","_197_:Y","_198_:A","MAX","RISE","RISE","",0
"net_delay","145","","_197_:Y","_198_:A","MAX","FALL","FALL","",0
"cell_delay","144","","_198_:A","_198_:Y","MAX","RISE","FALL","",0
"cell_delay","144","","_198_:A","_198_:Y","MAX","FALL","RISE","",0
"cell_delay","143","","_198_:A","_198_:Y","MIN","RISE","FALL","",0
"cell_delay","143","","_198_:A","_198_:Y","MIN","FALL","RISE","",0
"net_delay","142","","_186_:Y","_197_:S","MIN","RISE","RISE","",0
"net_delay","142","","_186_:Y","_197_:S","MIN","FALL","FALL","",0
"net_delay","142","","_186_:Y","_197_:S","MAX","RISE","RISE","",0
"net_delay","142","","_186_:Y","_197_:S","MAX","FALL","FALL","",0
"cell_delay","141","","_197_:S","_197_:Y","MAX","RISE","RISE","",0
"cell_delay","141","","_197_:S","_197_:Y","MAX","RISE","FALL","",0
"cell_delay","141","","_197_:S","_197_:Y","MAX","FALL","RISE","",0
"cell_delay","141","","_197_:S","_197_:Y","MAX","FALL","FALL","",0
"cell_delay","140","","_197_:B","_197_:Y","MAX","RISE","FALL","",0
"cell_delay","140","","_197_:B","_197_:Y","MAX","FALL","RISE","",0
"cell_delay","139","","_197_:A","_197_:Y","MAX","RISE","FALL","",0
"cell_delay","139","","_197_:A","_197_:Y","MAX","FALL","RISE","",0
"cell_delay","138","","_197_:S","_197_:Y","MIN","RISE","RISE","",0
"cell_delay","138","","_197_:S","_197_:Y","MIN","RISE","FALL","",0
"cell_delay","138","","_197_:S","_197_:Y","MIN","FALL","RISE","",0
"cell_delay","138","","_197_:S","_197_:Y","MIN","FALL","FALL","",0
"cell_delay","137","","_197_:B","_197_:Y","MIN","RISE","FALL","",0
"cell_delay","137","","_197_:B","_197_:Y","MIN","FALL","RISE","",0
"cell_delay","136","","_197_:A","_197_:Y","MIN","RISE","FALL","",0
"cell_delay","136","","_197_:A","_197_:Y","MIN","FALL","RISE","",0
"net_delay","135","","_195_:Y","_196_:A","MIN","RISE","RISE","",0
"net_delay","135","","_195_:Y","_196_:A","MIN","FALL","FALL","",0
"net_delay","135","","_195_:Y","_196_:A","MAX","RISE","RISE","",0
"net_delay","135","","_195_:Y","_196_:A","MAX","FALL","FALL","",0
"cell_delay","134","","_196_:A","_196_:Y","MAX","RISE","FALL","",0
"cell_delay","134","","_196_:A","_196_:Y","MAX","FALL","RISE","",0
"cell_delay","133","","_196_:A","_196_:Y","MIN","RISE","FALL","",0
"cell_delay","133","","_196_:A","_196_:Y","MIN","FALL","RISE","",0
"net_delay","132","","_186_:Y","_195_:S","MIN","RISE","RISE","",0
"net_delay","132","","_186_:Y","_195_:S","MIN","FALL","FALL","",0
"net_delay","132","","_186_:Y","_195_:S","MAX","RISE","RISE","",0
"net_delay","132","","_186_:Y","_195_:S","MAX","FALL","FALL","",0
"cell_delay","131","","_195_:S","_195_:Y","MAX","RISE","RISE","",0
"cell_delay","131","","_195_:S","_195_:Y","MAX","RISE","FALL","",0
"cell_delay","131","","_195_:S","_195_:Y","MAX","FALL","RISE","",0
"cell_delay","131","","_195_:S","_195_:Y","MAX","FALL","FALL","",0
"cell_delay","130","","_195_:B","_195_:Y","MAX","RISE","FALL","",0
"cell_delay","130","","_195_:B","_195_:Y","MAX","FALL","RISE","",0
"cell_delay","129","","_195_:A","_195_:Y","MAX","RISE","FALL","",0
"cell_delay","129","","_195_:A","_195_:Y","MAX","FALL","RISE","",0
"cell_delay","128","","_195_:S","_195_:Y","MIN","RISE","RISE","",0
"cell_delay","128","","_195_:S","_195_:Y","MIN","RISE","FALL","",0
"cell_delay","128","","_195_:S","_195_:Y","MIN","FALL","RISE","",0
"cell_delay","128","","_195_:S","_195_:Y","MIN","FALL","FALL","",0
"cell_delay","127","","_195_:B","_195_:Y","MIN","RISE","FALL","",0
"cell_delay","127","","_195_:B","_195_:Y","MIN","FALL","RISE","",0
"cell_delay","126","","_195_:A","_195_:Y","MIN","RISE","FALL","",0
"cell_delay","126","","_195_:A","_195_:Y","MIN","FALL","RISE","",0
"net_delay","125","","_193_:Y","_194_:A","MIN","RISE","RISE","",0
"net_delay","125","","_193_:Y","_194_:A","MIN","FALL","FALL","",0
"net_delay","125","","_193_:Y","_194_:A","MAX","RISE","RISE","",0
"net_delay","125","","_193_:Y","_194_:A","MAX","FALL","FALL","",0
"cell_delay","124","","_194_:A","_194_:Y","MAX","RISE","FALL","",0
"cell_delay","124","","_194_:A","_194_:Y","MAX","FALL","RISE","",0
"cell_delay","123","","_194_:A","_194_:Y","MIN","RISE","FALL","",0
"cell_delay","123","","_194_:A","_194_:Y","MIN","FALL","RISE","",0
"net_delay","122","","_186_:Y","_193_:S","MIN","RISE","RISE","",0
"net_delay","122","","_186_:Y","_193_:S","MIN","FALL","FALL","",0
"net_delay","122","","_186_:Y","_193_:S","MAX","RISE","RISE","",0
"net_delay","122","","_186_:Y","_193_:S","MAX","FALL","FALL","",0
"cell_delay","121","","_193_:S","_193_:Y","MAX","RISE","RISE","",0
"cell_delay","121","","_193_:S","_193_:Y","MAX","RISE","FALL","",0
"cell_delay","121","","_193_:S","_193_:Y","MAX","FALL","RISE","",0
"cell_delay","121","","_193_:S","_193_:Y","MAX","FALL","FALL","",0
"cell_delay","120","","_193_:B","_193_:Y","MAX","RISE","FALL","",0
"cell_delay","120","","_193_:B","_193_:Y","MAX","FALL","RISE","",0
"cell_delay","119","","_193_:A","_193_:Y","MAX","RISE","FALL","",0
"cell_delay","119","","_193_:A","_193_:Y","MAX","FALL","RISE","",0
"cell_delay","118","","_193_:S","_193_:Y","MIN","RISE","RISE","",0
"cell_delay","118","","_193_:S","_193_:Y","MIN","RISE","FALL","",0
"cell_delay","118","","_193_:S","_193_:Y","MIN","FALL","RISE","",0
"cell_delay","118","","_193_:S","_193_:Y","MIN","FALL","FALL","",0
"cell_delay","117","","_193_:B","_193_:Y","MIN","RISE","FALL","",0
"cell_delay","117","","_193_:B","_193_:Y","MIN","FALL","RISE","",0
"cell_delay","116","","_193_:A","_193_:Y","MIN","RISE","FALL","",0
"cell_delay","116","","_193_:A","_193_:Y","MIN","FALL","RISE","",0
"net_delay","115","","_191_:Y","_192_:A","MIN","RISE","RISE","",0
"net_delay","115","","_191_:Y","_192_:A","MIN","FALL","FALL","",0
"net_delay","115","","_191_:Y","_192_:A","MAX","RISE","RISE","",0
"net_delay","115","","_191_:Y","_192_:A","MAX","FALL","FALL","",0
"cell_delay","114","","_192_:A","_192_:Y","MAX","RISE","FALL","",0
"cell_delay","114","","_192_:A","_192_:Y","MAX","FALL","RISE","",0
"cell_delay","113","","_192_:A","_192_:Y","MIN","RISE","FALL","",0
"cell_delay","113","","_192_:A","_192_:Y","MIN","FALL","RISE","",0
"net_delay","112","","_186_:Y","_191_:S","MIN","RISE","RISE","",0
"net_delay","112","","_186_:Y","_191_:S","MIN","FALL","FALL","",0
"net_delay","112","","_186_:Y","_191_:S","MAX","RISE","RISE","",0
"net_delay","112","","_186_:Y","_191_:S","MAX","FALL","FALL","",0
"cell_delay","111","","_191_:S","_191_:Y","MAX","RISE","RISE","",0
"cell_delay","111","","_191_:S","_191_:Y","MAX","RISE","FALL","",0
"cell_delay","111","","_191_:S","_191_:Y","MAX","FALL","RISE","",0
"cell_delay","111","","_191_:S","_191_:Y","MAX","FALL","FALL","",0
"cell_delay","110","","_191_:B","_191_:Y","MAX","RISE","FALL","",0
"cell_delay","110","","_191_:B","_191_:Y","MAX","FALL","RISE","",0
"cell_delay","109","","_191_:A","_191_:Y","MAX","RISE","FALL","",0
"cell_delay","109","","_191_:A","_191_:Y","MAX","FALL","RISE","",0
"cell_delay","108","","_191_:S","_191_:Y","MIN","RISE","RISE","",0
"cell_delay","108","","_191_:S","_191_:Y","MIN","RISE","FALL","",0
"cell_delay","108","","_191_:S","_191_:Y","MIN","FALL","RISE","",0
"cell_delay","108","","_191_:S","_191_:Y","MIN","FALL","FALL","",0
"cell_delay","107","","_191_:B","_191_:Y","MIN","RISE","FALL","",0
"cell_delay","107","","_191_:B","_191_:Y","MIN","FALL","RISE","",0
"cell_delay","106","","_191_:A","_191_:Y","MIN","RISE","FALL","",0
"cell_delay","106","","_191_:A","_191_:Y","MIN","FALL","RISE","",0
"net_delay","105","","_189_:Y","_190_:A","MIN","RISE","RISE","",0
"net_delay","105","","_189_:Y","_190_:A","MIN","FALL","FALL","",0
"net_delay","105","","_189_:Y","_190_:A","MAX","RISE","RISE","",0
"net_delay","105","","_189_:Y","_190_:A","MAX","FALL","FALL","",0
"cell_delay","104","","_190_:A","_190_:Y","MAX","RISE","FALL","",0
"cell_delay","104","","_190_:A","_190_:Y","MAX","FALL","RISE","",0
"cell_delay","103","","_190_:A","_190_:Y","MIN","RISE","FALL","",0
"cell_delay","103","","_190_:A","_190_:Y","MIN","FALL","RISE","",0
"net_delay","102","","_186_:Y","_189_:S","MIN","RISE","RISE","",0
"net_delay","102","","_186_:Y","_189_:S","MIN","FALL","FALL","",0
"net_delay","102","","_186_:Y","_189_:S","MAX","RISE","RISE","",0
"net_delay","102","","_186_:Y","_189_:S","MAX","FALL","FALL","",0
"cell_delay","101","","_189_:S","_189_:Y","MAX","RISE","RISE","",0
"cell_delay","101","","_189_:S","_189_:Y","MAX","RISE","FALL","",0
"cell_delay","101","","_189_:S","_189_:Y","MAX","FALL","RISE","",0
"cell_delay","101","","_189_:S","_189_:Y","MAX","FALL","FALL","",0
"cell_delay","100","","_189_:B","_189_:Y","MAX","RISE","FALL","",0
"cell_delay","100","","_189_:B","_189_:Y","MAX","FALL","RISE","",0
"cell_delay","99","","_189_:A","_189_:Y","MAX","RISE","FALL","",0
"cell_delay","99","","_189_:A","_189_:Y","MAX","FALL","RISE","",0
"cell_delay","98","","_189_:S","_189_:Y","MIN","RISE","RISE","",0
"cell_delay","98","","_189_:S","_189_:Y","MIN","RISE","FALL","",0
"cell_delay","98","","_189_:S","_189_:Y","MIN","FALL","RISE","",0
"cell_delay","98","","_189_:S","_189_:Y","MIN","FALL","FALL","",0
"cell_delay","97","","_189_:B","_189_:Y","MIN","RISE","FALL","",0
"cell_delay","97","","_189_:B","_189_:Y","MIN","FALL","RISE","",0
"cell_delay","96","","_189_:A","_189_:Y","MIN","RISE","FALL","",0
"cell_delay","96","","_189_:A","_189_:Y","MIN","FALL","RISE","",0
"net_delay","95","","_187_:Y","_188_:A","MIN","RISE","RISE","",0
"net_delay","95","","_187_:Y","_188_:A","MIN","FALL","FALL","",0
"net_delay","95","","_187_:Y","_188_:A","MAX","RISE","RISE","",0
"net_delay","95","","_187_:Y","_188_:A","MAX","FALL","FALL","",0
"cell_delay","94","","_188_:A","_188_:Y","MAX","RISE","FALL","",0
"cell_delay","94","","_188_:A","_188_:Y","MAX","FALL","RISE","",0
"cell_delay","93","","_188_:A","_188_:Y","MIN","RISE","FALL","",0
"cell_delay","93","","_188_:A","_188_:Y","MIN","FALL","RISE","",0
"net_delay","92","","_186_:Y","_187_:S","MIN","RISE","RISE","",0
"net_delay","92","","_186_:Y","_187_:S","MIN","FALL","FALL","",0
"net_delay","92","","_186_:Y","_187_:S","MAX","RISE","RISE","",0
"net_delay","92","","_186_:Y","_187_:S","MAX","FALL","FALL","",0
"cell_delay","91","","_187_:S","_187_:Y","MAX","RISE","RISE","",0
"cell_delay","91","","_187_:S","_187_:Y","MAX","RISE","FALL","",0
"cell_delay","91","","_187_:S","_187_:Y","MAX","FALL","RISE","",0
"cell_delay","91","","_187_:S","_187_:Y","MAX","FALL","FALL","",0
"cell_delay","90","","_187_:B","_187_:Y","MAX","RISE","FALL","",0
"cell_delay","90","","_187_:B","_187_:Y","MAX","FALL","RISE","",0
"cell_delay","89","","_187_:A","_187_:Y","MAX","RISE","FALL","",0
"cell_delay","89","","_187_:A","_187_:Y","MAX","FALL","RISE","",0
"cell_delay","88","","_187_:S","_187_:Y","MIN","RISE","RISE","",0
"cell_delay","88","","_187_:S","_187_:Y","MIN","RISE","FALL","",0
"cell_delay","88","","_187_:S","_187_:Y","MIN","FALL","RISE","",0
"cell_delay","88","","_187_:S","_187_:Y","MIN","FALL","FALL","",0
"cell_delay","87","","_187_:B","_187_:Y","MIN","RISE","FALL","",0
"cell_delay","87","","_187_:B","_187_:Y","MIN","FALL","RISE","",0
"cell_delay","86","","_187_:A","_187_:Y","MIN","RISE","FALL","",0
"cell_delay","86","","_187_:A","_187_:Y","MIN","FALL","RISE","",0
"net_delay","85","","_168_:Y","_186_:A","MIN","RISE","RISE","",0
"net_delay","85","","_168_:Y","_186_:A","MIN","FALL","FALL","",0
"net_delay","85","","_168_:Y","_186_:A","MAX","RISE","RISE","",0
"net_delay","85","","_168_:Y","_186_:A","MAX","FALL","FALL","",0
"net_delay","84","","_172_:Y","_186_:C","MIN","RISE","RISE","",0
"net_delay","84","","_172_:Y","_186_:C","MIN","FALL","FALL","",0
"net_delay","84","","_172_:Y","_186_:C","MAX","RISE","RISE","",0
"net_delay","84","","_172_:Y","_186_:C","MAX","FALL","FALL","",0
"cell_delay","83","","_186_:C","_186_:Y","MAX","RISE","FALL","",0
"cell_delay","83","","_186_:C","_186_:Y","MAX","FALL","RISE","",0
"cell_delay","82","","_186_:B","_186_:Y","MAX","RISE","FALL","",0
"cell_delay","82","","_186_:B","_186_:Y","MAX","FALL","RISE","",0
"cell_delay","81","","_186_:A","_186_:Y","MAX","RISE","FALL","",0
"cell_delay","81","","_186_:A","_186_:Y","MAX","FALL","RISE","",0
"cell_delay","80","","_186_:C","_186_:Y","MIN","RISE","FALL","",0
"cell_delay","80","","_186_:C","_186_:Y","MIN","FALL","RISE","",0
"cell_delay","79","","_186_:B","_186_:Y","MIN","RISE","FALL","",0
"cell_delay","79","","_186_:B","_186_:Y","MIN","FALL","RISE","",0
"cell_delay","78","","_186_:A","_186_:Y","MIN","RISE","FALL","",0
"cell_delay","78","","_186_:A","_186_:Y","MIN","FALL","RISE","",0
"net_delay","77","","_170_:Y","_185_:A","MIN","RISE","RISE","",0
"net_delay","77","","_170_:Y","_185_:A","MIN","FALL","FALL","",0
"net_delay","77","","_170_:Y","_185_:A","MAX","RISE","RISE","",0
"net_delay","77","","_170_:Y","_185_:A","MAX","FALL","FALL","",0
"net_delay","76","","_184_:Y","_185_:B","MIN","RISE","RISE","",0
"net_delay","76","","_184_:Y","_185_:B","MIN","FALL","FALL","",0
"net_delay","76","","_184_:Y","_185_:B","MAX","RISE","RISE","",0
"net_delay","76","","_184_:Y","_185_:B","MAX","FALL","FALL","",0
"net_delay","75","","_169_:Y","_185_:C","MIN","RISE","RISE","",0
"net_delay","75","","_169_:Y","_185_:C","MIN","FALL","FALL","",0
"net_delay","75","","_169_:Y","_185_:C","MAX","RISE","RISE","",0
"net_delay","75","","_169_:Y","_185_:C","MAX","FALL","FALL","",0
"cell_delay","74","","_185_:C","_185_:Y","MAX","RISE","FALL","",0
"cell_delay","74","","_185_:C","_185_:Y","MAX","FALL","RISE","",0
"cell_delay","73","","_185_:B","_185_:Y","MAX","RISE","FALL","",0
"cell_delay","73","","_185_:B","_185_:Y","MAX","FALL","RISE","",0
"cell_delay","72","","_185_:A","_185_:Y","MAX","RISE","FALL","",0
"cell_delay","72","","_185_:A","_185_:Y","MAX","FALL","RISE","",0
"cell_delay","71","","_185_:C","_185_:Y","MIN","RISE","FALL","",0
"cell_delay","71","","_185_:C","_185_:Y","MIN","FALL","RISE","",0
"cell_delay","70","","_185_:B","_185_:Y","MIN","RISE","FALL","",0
"cell_delay","70","","_185_:B","_185_:Y","MIN","FALL","RISE","",0
"cell_delay","69","","_185_:A","_185_:Y","MIN","RISE","FALL","",0
"cell_delay","69","","_185_:A","_185_:Y","MIN","FALL","RISE","",0
"net_delay","68","","_171_:Y","_184_:B","MIN","RISE","RISE","",0
"net_delay","68","","_171_:Y","_184_:B","MIN","FALL","FALL","",0
"net_delay","68","","_171_:Y","_184_:B","MAX","RISE","RISE","",0
"net_delay","68","","_171_:Y","_184_:B","MAX","FALL","FALL","",0
"cell_delay","67","","_184_:B","_184_:Y","MAX","RISE","FALL","",0
"cell_delay","67","","_184_:B","_184_:Y","MAX","FALL","RISE","",0
"cell_delay","66","","_184_:A","_184_:Y","MAX","RISE","FALL","",0
"cell_delay","66","","_184_:A","_184_:Y","MAX","FALL","RISE","",0
"cell_delay","65","","_184_:B","_184_:Y","MIN","RISE","FALL","",0
"cell_delay","65","","_184_:B","_184_:Y","MIN","FALL","RISE","",0
"cell_delay","64","","_184_:A","_184_:Y","MIN","RISE","FALL","",0
"cell_delay","64","","_184_:A","_184_:Y","MIN","FALL","RISE","",0
"net_delay","63","","_172_:Y","_183_:A","MIN","RISE","RISE","",0
"net_delay","63","","_172_:Y","_183_:A","MIN","FALL","FALL","",0
"net_delay","63","","_172_:Y","_183_:A","MAX","RISE","RISE","",0
"net_delay","63","","_172_:Y","_183_:A","MAX","FALL","FALL","",0
"net_delay","62","","_182_:Y","_183_:B","MIN","RISE","RISE","",0
"net_delay","62","","_182_:Y","_183_:B","MIN","FALL","FALL","",0
"net_delay","62","","_182_:Y","_183_:B","MAX","RISE","RISE","",0
"net_delay","62","","_182_:Y","_183_:B","MAX","FALL","FALL","",0
"cell_delay","61","","_183_:B","_183_:Y","MAX","RISE","FALL","",0
"cell_delay","61","","_183_:B","_183_:Y","MAX","FALL","RISE","",0
"cell_delay","60","","_183_:A","_183_:Y","MAX","RISE","FALL","",0
"cell_delay","60","","_183_:A","_183_:Y","MAX","FALL","RISE","",0
"cell_delay","59","","_183_:B","_183_:Y","MIN","RISE","FALL","",0
"cell_delay","59","","_183_:B","_183_:Y","MIN","FALL","RISE","",0
"cell_delay","58","","_183_:A","_183_:Y","MIN","RISE","FALL","",0
"cell_delay","58","","_183_:A","_183_:Y","MIN","FALL","RISE","",0
"net_delay","57","","_181_:Y","_182_:B","MIN","RISE","RISE","",0
"net_delay","57","","_181_:Y","_182_:B","MIN","FALL","FALL","",0
"net_delay","57","","_181_:Y","_182_:B","MAX","RISE","RISE","",0
"net_delay","57","","_181_:Y","_182_:B","MAX","FALL","FALL","",0
"cell_delay","56","","_182_:C","_182_:Y","MAX","RISE","FALL","",0
"cell_delay","56","","_182_:C","_182_:Y","MAX","FALL","RISE","",0
"cell_delay","55","","_182_:B","_182_:Y","MAX","RISE","FALL","",0
"cell_delay","55","","_182_:B","_182_:Y","MAX","FALL","RISE","",0
"cell_delay","54","","_182_:A","_182_:Y","MAX","RISE","FALL","",0
"cell_delay","54","","_182_:A","_182_:Y","MAX","FALL","RISE","",0
"cell_delay","53","","_182_:C","_182_:Y","MIN","RISE","FALL","",0
"cell_delay","53","","_182_:C","_182_:Y","MIN","FALL","RISE","",0
"cell_delay","52","","_182_:B","_182_:Y","MIN","RISE","FALL","",0
"cell_delay","52","","_182_:B","_182_:Y","MIN","FALL","RISE","",0
"cell_delay","51","","_182_:A","_182_:Y","MIN","RISE","FALL","",0
"cell_delay","51","","_182_:A","_182_:Y","MIN","FALL","RISE","",0
"net_delay","50","","_177_:Y","_181_:A","MIN","RISE","RISE","",0
"net_delay","50","","_177_:Y","_181_:A","MIN","FALL","FALL","",0
"net_delay","50","","_177_:Y","_181_:A","MAX","RISE","RISE","",0
"net_delay","50","","_177_:Y","_181_:A","MAX","FALL","FALL","",0
"net_delay","49","","_180_:Y","_181_:B","MIN","RISE","RISE","",0
"net_delay","49","","_180_:Y","_181_:B","MIN","FALL","FALL","",0
"net_delay","49","","_180_:Y","_181_:B","MAX","RISE","RISE","",0
"net_delay","49","","_180_:Y","_181_:B","MAX","FALL","FALL","",0
"cell_delay","48","","_181_:B","_181_:Y","MAX","RISE","RISE","",0
"cell_delay","48","","_181_:B","_181_:Y","MAX","FALL","FALL","",0
"cell_delay","47","","_181_:A","_181_:Y","MAX","RISE","RISE","",0
"cell_delay","47","","_181_:A","_181_:Y","MAX","FALL","FALL","",0
"cell_delay","46","","_181_:B","_181_:Y","MIN","RISE","RISE","",0
"cell_delay","46","","_181_:B","_181_:Y","MIN","FALL","FALL","",0
"cell_delay","45","","_181_:A","_181_:Y","MIN","RISE","RISE","",0
"cell_delay","45","","_181_:A","_181_:Y","MIN","FALL","FALL","",0
"net_delay","44","","_178_:Y","_180_:A","MIN","RISE","RISE","",0
"net_delay","44","","_178_:Y","_180_:A","MIN","FALL","FALL","",0
"net_delay","44","","_178_:Y","_180_:A","MAX","RISE","RISE","",0
"net_delay","44","","_178_:Y","_180_:A","MAX","FALL","FALL","",0
"net_delay","43","","_179_:Y","_180_:B","MIN","RISE","RISE","",0
"net_delay","43","","_179_:Y","_180_:B","MIN","FALL","FALL","",0
"net_delay","43","","_179_:Y","_180_:B","MAX","RISE","RISE","",0
"net_delay","43","","_179_:Y","_180_:B","MAX","FALL","FALL","",0
"cell_delay","42","","_180_:B","_180_:Y","MAX","RISE","FALL","",0
"cell_delay","42","","_180_:B","_180_:Y","MAX","FALL","RISE","",0
"cell_delay","41","","_180_:A","_180_:Y","MAX","RISE","FALL","",0
"cell_delay","41","","_180_:A","_180_:Y","MAX","FALL","RISE","",0
"cell_delay","40","","_180_:B","_180_:Y","MIN","RISE","FALL","",0
"cell_delay","40","","_180_:B","_180_:Y","MIN","FALL","RISE","",0
"cell_delay","39","","_180_:A","_180_:Y","MIN","RISE","FALL","",0
"cell_delay","39","","_180_:A","_180_:Y","MIN","FALL","RISE","",0
"cell_delay","38","","_179_:B","_179_:Y","MAX","RISE","FALL","",0
"cell_delay","38","","_179_:B","_179_:Y","MAX","FALL","RISE","",0
"cell_delay","37","","_179_:A","_179_:Y","MAX","RISE","FALL","",0
"cell_delay","37","","_179_:A","_179_:Y","MAX","FALL","RISE","",0
"cell_delay","36","","_179_:B","_179_:Y","MIN","RISE","FALL","",0
"cell_delay","36","","_179_:B","_179_:Y","MIN","FALL","RISE","",0
"cell_delay","35","","_179_:A","_179_:Y","MIN","RISE","FALL","",0
"cell_delay","35","","_179_:A","_179_:Y","MIN","FALL","RISE","",0
"cell_delay","34","","_178_:B","_178_:Y","MAX","RISE","FALL","",0
"cell_delay","34","","_178_:B","_178_:Y","MAX","FALL","RISE","",0
"cell_delay","33","","_178_:A","_178_:Y","MAX","RISE","FALL","",0
"cell_delay","33","","_178_:A","_178_:Y","MAX","FALL","RISE","",0
"cell_delay","32","","_178_:B","_178_:Y","MIN","RISE","FALL","",0
"cell_delay","32","","_178_:B","_178_:Y","MIN","FALL","RISE","",0
"cell_delay","31","","_178_:A","_178_:Y","MIN","RISE","FALL","",0
"cell_delay","31","","_178_:A","_178_:Y","MIN","FALL","RISE","",0
"net_delay","30","","_176_:Y","_177_:B","MIN","RISE","RISE","",0
"net_delay","30","","_176_:Y","_177_:B","MIN","FALL","FALL","",0
"net_delay","30","","_176_:Y","_177_:B","MAX","RISE","RISE","",0
"net_delay","30","","_176_:Y","_177_:B","MAX","FALL","FALL","",0
"cell_delay","29","","_177_:B","_177_:Y","MAX","RISE","RISE","",0
"cell_delay","29","","_177_:B","_177_:Y","MAX","FALL","FALL","",0
"cell_delay","28","","_177_:A","_177_:Y","MAX","RISE","RISE","",0
"cell_delay","28","","_177_:A","_177_:Y","MAX","FALL","FALL","",0
"cell_delay","27","","_177_:B","_177_:Y","MIN","RISE","RISE","",0
"cell_delay","27","","_177_:B","_177_:Y","MIN","FALL","FALL","",0
"cell_delay","26","","_177_:A","_177_:Y","MIN","RISE","RISE","",0
"cell_delay","26","","_177_:A","_177_:Y","MIN","FALL","FALL","",0
"cell_delay","25","","_176_:B","_176_:Y","MAX","RISE","RISE","",0
"cell_delay","25","","_176_:B","_176_:Y","MAX","FALL","FALL","",0
"cell_delay","24","","_176_:A","_176_:Y","MAX","RISE","RISE","",0
"cell_delay","24","","_176_:A","_176_:Y","MAX","FALL","FALL","",0
"cell_delay","23","","_176_:B","_176_:Y","MIN","RISE","RISE","",0
"cell_delay","23","","_176_:B","_176_:Y","MIN","FALL","FALL","",0
"cell_delay","22","","_176_:A","_176_:Y","MIN","RISE","RISE","",0
"cell_delay","22","","_176_:A","_176_:Y","MIN","FALL","FALL","",0
"cell_delay","21","","_175_:A","_175_:Y","MAX","RISE","FALL","",0
"cell_delay","21","","_175_:A","_175_:Y","MAX","FALL","RISE","",0
"cell_delay","20","","_175_:A","_175_:Y","MIN","RISE","FALL","",0
"cell_delay","20","","_175_:A","_175_:Y","MIN","FALL","RISE","",0
"net_delay","19","","N_5_","_174_:A","MIN","RISE","RISE","",0
"net_delay","19","","N_5_","_174_:A","MIN","FALL","FALL","",0
"net_delay","19","","N_5_","_174_:A","MAX","RISE","RISE","",0
"net_delay","19","","N_5_","_174_:A","MAX","FALL","FALL","",0
"cell_delay","18","","_174_:A","_174_:Y","MAX","RISE","FALL","",0
"cell_delay","18","","_174_:A","_174_:Y","MAX","FALL","RISE","",0
"cell_delay","17","","_174_:A","_174_:Y","MIN","RISE","FALL","",0
"cell_delay","17","","_174_:A","_174_:Y","MIN","FALL","RISE","",0
"net_delay","16","","N_4_","_173_:A","MIN","RISE","RISE","",0
"net_delay","16","","N_4_","_173_:A","MIN","FALL","FALL","",0
"net_delay","16","","N_4_","_173_:A","MAX","RISE","RISE","",0
"net_delay","16","","N_4_","_173_:A","MAX","FALL","FALL","",0
"cell_delay","15","","_173_:A","_173_:Y","MAX","RISE","FALL","",0
"cell_delay","15","","_173_:A","_173_:Y","MAX","FALL","RISE","",0
"cell_delay","14","","_173_:A","_173_:Y","MIN","RISE","FALL","",0
"cell_delay","14","","_173_:A","_173_:Y","MIN","FALL","RISE","",0
"cell_delay","13","","_172_:A","_172_:Y","MAX","RISE","FALL","",0
"cell_delay","13","","_172_:A","_172_:Y","MAX","FALL","RISE","",0
"cell_delay","12","","_172_:A","_172_:Y","MIN","RISE","FALL","",0
"cell_delay","12","","_172_:A","_172_:Y","MIN","FALL","RISE","",0
"net_delay","11","","start","_171_:A","MIN","RISE","RISE","",0
"net_delay","11","","start","_171_:A","MIN","FALL","FALL","",0
"net_delay","11","","start","_171_:A","MAX","RISE","RISE","",0
"net_delay","11","","start","_171_:A","MAX","FALL","FALL","",0
"cell_delay","10","","_171_:A","_171_:Y","MAX","RISE","FALL","",0
"cell_delay","10","","_171_:A","_171_:Y","MAX","FALL","RISE","",0
"cell_delay","9","","_171_:A","_171_:Y","MIN","RISE","FALL","",0
"cell_delay","9","","_171_:A","_171_:Y","MIN","FALL","RISE","",0
"cell_delay","8","","_170_:A","_170_:Y","MAX","RISE","FALL","",0
"cell_delay","8","","_170_:A","_170_:Y","MAX","FALL","RISE","",0
"cell_delay","7","","_170_:A","_170_:Y","MIN","RISE","FALL","",0
"cell_delay","7","","_170_:A","_170_:Y","MIN","FALL","RISE","",0
"cell_delay","6","","_169_:A","_169_:Y","MAX","RISE","FALL","",0
"cell_delay","6","","_169_:A","_169_:Y","MAX","FALL","RISE","",0
"cell_delay","5","","_169_:A","_169_:Y","MIN","RISE","FALL","",0
"cell_delay","5","","_169_:A","_169_:Y","MIN","FALL","RISE","",0
"cell_delay","4","","_168_:A","_168_:Y","MAX","RISE","FALL","",0
"cell_delay","4","","_168_:A","_168_:Y","MAX","FALL","RISE","",0
"cell_delay","3","","_168_:A","_168_:Y","MIN","RISE","FALL","",0
"cell_delay","3","","_168_:A","_168_:Y","MIN","FALL","RISE","",0
"net_delay","2","","reset","_167_:A","MIN","RISE","RISE","",0
"net_delay","2","","reset","_167_:A","MIN","FALL","FALL","",0
"net_delay","2","","reset","_167_:A","MAX","RISE","RISE","",0
"net_delay","2","","reset","_167_:A","MAX","FALL","FALL","",0
"cell_delay","1","","_167_:A","_167_:Y","MAX","RISE","FALL","",0
"cell_delay","1","","_167_:A","_167_:Y","MAX","FALL","RISE","",0
"cell_delay","0","","_167_:A","_167_:Y","MIN","RISE","FALL","",0
"cell_delay","0","","_167_:A","_167_:Y","MIN","FALL","RISE","",0
"input_arrival","","N_0_","","","MIN","","RISE","",0
"input_slew","","N_0_","","","MIN","","RISE","",0
"pin_capacitance","","N_0_","","","MIN","","RISE","",0
"input_arrival","","N_0_","","","MIN","","FALL","",0
"input_slew","","N_0_","","","MIN","","FALL","",0
"pin_capacitance","","N_0_","","","MIN","","FALL","",0
"input_arrival","","N_0_","","","MAX","","RISE","",0
"input_slew","","N_0_","","","MAX","","RISE","",0
"pin_capacitance","","N_0_","","","MAX","","RISE","",0
"input_arrival","","N_0_","","","MAX","","FALL","",0
"input_slew","","N_0_","","","MAX","","FALL","",0
"pin_capacitance","","N_0_","","","MAX","","FALL","",0
"input_arrival","","N_1_","","","MIN","","RISE","",0
"input_slew","","N_1_","","","MIN","","RISE","",0
"pin_capacitance","","N_1_","","","MIN","","RISE","",0
"input_arrival","","N_1_","","","MIN","","FALL","",0
"input_slew","","N_1_","","","MIN","","FALL","",0
"pin_capacitance","","N_1_","","","MIN","","FALL","",0
"input_arrival","","N_1_","","","MAX","","RISE","",0
"input_slew","","N_1_","","","MAX","","RISE","",0
"pin_capacitance","","N_1_","","","MAX","","RISE","",0
"input_arrival","","N_1_","","","MAX","","FALL","",0
"input_slew","","N_1_","","","MAX","","FALL","",0
"pin_capacitance","","N_1_","","","MAX","","FALL","",0
"input_arrival","","N_2_","","","MIN","","RISE","",0
"input_slew","","N_2_","","","MIN","","RISE","",0
"pin_capacitance","","N_2_","","","MIN","","RISE","",0
"input_arrival","","N_2_","","","MIN","","FALL","",0
"input_slew","","N_2_","","","MIN","","FALL","",0
"pin_capacitance","","N_2_","","","MIN","","FALL","",0
"input_arrival","","N_2_","","","MAX","","RISE","",0
"input_slew","","N_2_","","","MAX","","RISE","",0
"pin_capacitance","","N_2_","","","MAX","","RISE","",0
"input_arrival","","N_2_","","","MAX","","FALL","",0
"input_slew","","N_2_","","","MAX","","FALL","",0
"pin_capacitance","","N_2_","","","MAX","","FALL","",0
"input_arrival","","N_3_","","","MIN","","RISE","",0
"input_slew","","N_3_","","","MIN","","RISE","",0
"pin_capacitance","","N_3_","","","MIN","","RISE","",0
"input_arrival","","N_3_","","","MIN","","FALL","",0
"input_slew","","N_3_","","","MIN","","FALL","",0
"pin_capacitance","","N_3_","","","MIN","","FALL","",0
"input_arrival","","N_3_","","","MAX","","RISE","",0
"input_slew","","N_3_","","","MAX","","RISE","",0
"pin_capacitance","","N_3_","","","MAX","","RISE","",0
"input_arrival","","N_3_","","","MAX","","FALL","",0
"input_slew","","N_3_","","","MAX","","FALL","",0
"pin_capacitance","","N_3_","","","MAX","","FALL","",0
"input_arrival","","N_4_","","","MIN","","RISE","",0
"input_slew","","N_4_","","","MIN","","RISE","",0
"pin_capacitance","","N_4_","","","MIN","","RISE","",0
"input_arrival","","N_4_","","","MIN","","FALL","",0
"input_slew","","N_4_","","","MIN","","FALL","",0
"pin_capacitance","","N_4_","","","MIN","","FALL","",0
"input_arrival","","N_4_","","","MAX","","RISE","",0
"input_slew","","N_4_","","","MAX","","RISE","",0
"pin_capacitance","","N_4_","","","MAX","","RISE","",0
"input_arrival","","N_4_","","","MAX","","FALL","",0
"input_slew","","N_4_","","","MAX","","FALL","",0
"pin_capacitance","","N_4_","","","MAX","","FALL","",0
"input_arrival","","N_5_","","","MIN","","RISE","",0
"input_slew","","N_5_","","","MIN","","RISE","",0
"pin_capacitance","","N_5_","","","MIN","","RISE","",0
"input_arrival","","N_5_","","","MIN","","FALL","",0
"input_slew","","N_5_","","","MIN","","FALL","",0
"pin_capacitance","","N_5_","","","MIN","","FALL","",0
"input_arrival","","N_5_","","","MAX","","RISE","",0
"input_slew","","N_5_","","","MAX","","RISE","",0
"pin_capacitance","","N_5_","","","MAX","","RISE","",0
"input_arrival","","N_5_","","","MAX","","FALL","",0
"input_slew","","N_5_","","","MAX","","FALL","",0
"pin_capacitance","","N_5_","","","MAX","","FALL","",0
"input_arrival","","N_6_","","","MIN","","RISE","",0
"input_slew","","N_6_","","","MIN","","RISE","",0
"pin_capacitance","","N_6_","","","MIN","","RISE","",0
"input_arrival","","N_6_","","","MIN","","FALL","",0
"input_slew","","N_6_","","","MIN","","FALL","",0
"pin_capacitance","","N_6_","","","MIN","","FALL","",0
"input_arrival","","N_6_","","","MAX","","RISE","",0
"input_slew","","N_6_","","","MAX","","RISE","",0
"pin_capacitance","","N_6_","","","MAX","","RISE","",0
"input_arrival","","N_6_","","","MAX","","FALL","",0
"input_slew","","N_6_","","","MAX","","FALL","",0
"pin_capacitance","","N_6_","","","MAX","","FALL","",0
"input_arrival","","N_7_","","","MIN","","RISE","",0
"input_slew","","N_7_","","","MIN","","RISE","",0
"pin_capacitance","","N_7_","","","MIN","","RISE","",0
"input_arrival","","N_7_","","","MIN","","FALL","",0
"input_slew","","N_7_","","","MIN","","FALL","",0
"pin_capacitance","","N_7_","","","MIN","","FALL","",0
"input_arrival","","N_7_","","","MAX","","RISE","",0
"input_slew","","N_7_","","","MAX","","RISE","",0
"pin_capacitance","","N_7_","","","MAX","","RISE","",0
"input_arrival","","N_7_","","","MAX","","FALL","",0
"input_slew","","N_7_","","","MAX","","FALL","",0
"pin_capacitance","","N_7_","","","MAX","","FALL","",0
"input_arrival","","N_8_","","","MIN","","RISE","",0
"input_slew","","N_8_","","","MIN","","RISE","",0
"pin_capacitance","","N_8_","","","MIN","","RISE","",0
"input_arrival","","N_8_","","","MIN","","FALL","",0
"input_slew","","N_8_","","","MIN","","FALL","",0
"pin_capacitance","","N_8_","","","MIN","","FALL","",0
"input_arrival","","N_8_","","","MAX","","RISE","",0
"input_slew","","N_8_","","","MAX","","RISE","",0
"pin_capacitance","","N_8_","","","MAX","","RISE","",0
"input_arrival","","N_8_","","","MAX","","FALL","",0
"input_slew","","N_8_","","","MAX","","FALL","",0
"pin_capacitance","","N_8_","","","MAX","","FALL","",0
"pin_capacitance","","_167_:A","","","MIN","","RISE","",0
"pin_capacitance","","_167_:A","","","MIN","","FALL","",0
"pin_capacitance","","_167_:A","","","MAX","","RISE","",0
"pin_capacitance","","_167_:A","","","MAX","","FALL","",0
"pin_capacitance","","_167_:Y","","","MIN","","RISE","",0
"pin_capacitance","","_167_:Y","","","MIN","","FALL","",0
"pin_capacitance","","_167_:Y","","","MAX","","RISE","",0
"pin_capacitance","","_167_:Y","","","MAX","","FALL","",0
"pin_capacitance","","_168_:A","","","MIN","","RISE","",0
"pin_capacitance","","_168_:A","","","MIN","","FALL","",0
"pin_capacitance","","_168_:A","","","MAX","","RISE","",0
"pin_capacitance","","_168_:A","","","MAX","","FALL","",0
"pin_capacitance","","_168_:Y","","","MIN","","RISE","",0
"pin_capacitance","","_168_:Y","","","MIN","","FALL","",0
"pin_capacitance","","_168_:Y","","","MAX","","RISE","",0
"pin_capacitance","","_168_:Y","","","MAX","","FALL","",0
"pin_capacitance","","_169_:A","","","MIN","","RISE","",0
"pin_capacitance","","_169_:A","","","MIN","","FALL","",0
"pin_capacitance","","_169_:A","","","MAX","","RISE","",0
"pin_capacitance","","_169_:A","","","MAX","","FALL","",0
"pin_capacitance","","_169_:Y","","","MIN","","RISE","",0
"pin_capacitance","","_169_:Y","","","MIN","","FALL","",0
"pin_capacitance","","_169_:Y","","","MAX","","RISE","",0
"pin_capacitance","","_169_:Y","","","MAX","","FALL","",0
"pin_capacitance","","_170_:A","","","MIN","","RISE","",0
"pin_capacitance","","_170_:A","","","MIN","","FALL","",0
"pin_capacitance","","_170_:A","","","MAX","","RISE","",0
"pin_capacitance","","_170_:A","","","MAX","","FALL","",0
"pin_capacitance","","_170_:Y","","","MIN","","RISE","",0
"pin_capacitance","","_170_:Y","","","MIN","","FALL","",0
"pin_capacitance","","_170_:Y","","","MAX","","RISE","",0
"pin_capacitance","","_170_:Y","","","MAX","","FALL","",0
"pin_capacitance","","_171_:A","","","MIN","","RISE","",0
"pin_capacitance","","_171_:A","","","MIN","","FALL","",0
"pin_capacitance","","_171_:A","","","MAX","","RISE","",0
"pin_capacitance","","_171_:A","","","MAX","","FALL","",0
"pin_capacitance","","_171_:Y","","","MIN","","RISE","",0
"pin_capacitance","","_171_:Y","","","MIN","","FALL","",0
"pin_capacitance","","_171_:Y","","","MAX","","RISE","",0
"pin_capacitance","","_171_:Y","","","MAX","","FALL","",0
"pin_capacitance","","_172_:A","","","MIN","","RISE","",0
"pin_capacitance","","_172_:A","","","MIN","","FALL","",0
"pin_capacitance","","_172_:A","","","MAX","","RISE","",0
"pin_capacitance","","_172_:A","","","MAX","","FALL","",0
"pin_capacitance","","_172_:Y","","","MIN","","RISE","",0
"pin_capacitance","","_172_:Y","","","MIN","","FALL","",0
"pin_capacitance","","_172_:Y","","","MAX","","RISE","",0
"pin_capacitance","","_172_:Y","","","MAX","","FALL","",0
"pin_capacitance","","_173_:A","","","MIN","","RISE","",0
"pin_capacitance","","_173_:A","","","MIN","","FALL","",0
"pin_capacitance","","_173_:A","","","MAX","","RISE","",0
"pin_capacitance","","_173_:A","","","MAX","","FALL","",0
"pin_capacitance","","_173_:Y","","","MIN","","RISE","",0
"pin_capacitance","","_173_:Y","","","MIN","","FALL","",0
"pin_capacitance","","_173_:Y","","","MAX","","RISE","",0
"pin_capacitance","","_173_:Y","","","MAX","","FALL","",0
"pin_capacitance","","_174_:A","","","MIN","","RISE","",0
"pin_capacitance","","_174_:A","","","MIN","","FALL","",0
"pin_capacitance","","_174_:A","","","MAX","","RISE","",0
"pin_capacitance","","_174_:A","","","MAX","","FALL","",0
"pin_capacitance","","_174_:Y","","","MIN","","RISE","",0
"pin_capacitance","","_174_:Y","","","MIN","","FALL","",0
"pin_capacitance","","_174_:Y","","","MAX","","RISE","",0
"pin_capacitance","","_174_:Y","","","MAX","","FALL","",0
"pin_capacitance","","_175_:A","","","MIN","","RISE","",0
"pin_capacitance","","_175_:A","","","MIN","","FALL","",0
"pin_capacitance","","_175_:A","","","MAX","","RISE","",-3.9308569278900457e-66
"pin_capacitance","","_175_:A","","","MAX","","FALL","",0
"pin_capacitance","","_175_:Y","","","MIN","","RISE","",0
"pin_capacitance","","_175_:Y","","","MIN","","FALL","",0
"pin_capacitance","","_175_:Y","","","MAX","","RISE","",0
"pin_capacitance","","_175_:Y","","","MAX","","FALL","",0
"pin_capacitance","","_176_:A","","","MIN","","RISE","",0
"pin_capacitance","","_176_:A","","","MIN","","FALL","",0
"pin_capacitance","","_176_:A","","","MAX","","RISE","",-3.5040047484527742e-37
"pin_capacitance","","_176_:A","","","MAX","","FALL","",0
"pin_capacitance","","_176_:B","","","MIN","","RISE","",0
"pin_capacitance","","_176_:B","","","MIN","","FALL","",0
"pin_capacitance","","_176_:B","","","MAX","","RISE","",-1.0562365968453662e-26
"pin_capacitance","","_176_:B","","","MAX","","FALL","",0
"pin_capacitance","","_176_:Y","","","MIN","","RISE","",0
"pin_capacitance","","_176_:Y","","","MIN","","FALL","",0
"pin_capacitance","","_176_:Y","","","MAX","","RISE","",0
"pin_capacitance","","_176_:Y","","","MAX","","FALL","",0
"pin_capacitance","","_177_:A","","","MIN","","RISE","",0
"pin_capacitance","","_177_:A","","","MIN","","FALL","",0
"pin_capacitance","","_177_:A","","","MAX","","RISE","",-6.9659327995839352e-51
"pin_capacitance","","_177_:A","","","MAX","","FALL","",0
"pin_capacitance","","_177_:B","","","MIN","","RISE","",0
"pin_capacitance","","_177_:B","","","MIN","","FALL","",0
"pin_capacitance","","_177_:B","","","MAX","","RISE","",0
"pin_capacitance","","_177_:B","","","MAX","","FALL","",0
"pin_capacitance","","_177_:Y","","","MIN","","RISE","",0
"pin_capacitance","","_177_:Y","","","MIN","","FALL","",0
"pin_capacitance","","_177_:Y","","","MAX","","RISE","",0
"pin_capacitance","","_177_:Y","","","MAX","","FALL","",0
"pin_capacitance","","_178_:A","","","MIN","","RISE","",0
"pin_capacitance","","_178_:A","","","MIN","","FALL","",0
"pin_capacitance","","_178_:A","","","MAX","","RISE","",-8.1560368993117837e-52
"pin_capacitance","","_178_:A","","","MAX","","FALL","",0
"pin_capacitance","","_178_:B","","","MIN","","RISE","",0
"pin_capacitance","","_178_:B","","","MIN","","FALL","",0
"pin_capacitance","","_178_:B","","","MAX","","RISE","",-3.065865365847082e-23
"pin_capacitance","","_178_:B","","","MAX","","FALL","",0
"pin_capacitance","","_178_:Y","","","MIN","","RISE","",0
"pin_capacitance","","_178_:Y","","","MIN","","FALL","",0
"pin_capacitance","","_178_:Y","","","MAX","","RISE","",0
"pin_capacitance","","_178_:Y","","","MAX","","FALL","",0
"pin_capacitance","","_179_:A","","","MIN","","RISE","",0
"pin_capacitance","","_179_:A","","","MIN","","FALL","",0
"pin_capacitance","","_179_:A","","","MAX","","RISE","",-8.1560368993117837e-52
"pin_capacitance","","_179_:A","","","MAX","","FALL","",0
"pin_capacitance","","_179_:B","","","MIN","","RISE","",0
"pin_capacitance","","_179_:B","","","MIN","","FALL","",0
"pin_capacitance","","_179_:B","","","MAX","","RISE","",-9.4181010504923695e-19
"pin_capacitance","","_179_:B","","","MAX","","FALL","",0
"pin_capacitance","","_179_:Y","","","MIN","","RISE","",0
"pin_capacitance","","_179_:Y","","","MIN","","FALL","",0
"pin_capacitance","","_179_:Y","","","MAX","","RISE","",0
"pin_capacitance","","_179_:Y","","","MAX","","FALL","",0
"pin_capacitance","","_180_:A","","","MIN","","RISE","",0
"pin_capacitance","","_180_:A","","","MIN","","FALL","",0
"pin_capacitance","","_180_:A","","","MAX","","RISE","",0
"pin_capacitance","","_180_:A","","","MAX","","FALL","",0
"pin_capacitance","","_180_:B","","","MIN","","RISE","",0
"pin_capacitance","","_180_:B","","","MIN","","FALL","",0
"pin_capacitance","","_180_:B","","","MAX","","RISE","",0
"pin_capacitance","","_180_:B","","","MAX","","FALL","",0
"pin_capacitance","","_180_:Y","","","MIN","","RISE","",0
"pin_capacitance","","_180_:Y","","","MIN","","FALL","",0
"pin_capacitance","","_180_:Y","","","MAX","","RISE","",0
"pin_capacitance","","_180_:Y","","","MAX","","FALL","",0
"pin_capacitance","","_181_:A","","","MIN","","RISE","",0
"pin_capacitance","","_181_:A","","","MIN","","FALL","",0
"pin_capacitance","","_181_:A","","","MAX","","RISE","",0
"pin_capacitance","","_181_:A","","","MAX","","FALL","",0
"pin_capacitance","","_181_:B","","","MIN","","RISE","",0
"pin_capacitance","","_181_:B","","","MIN","","FALL","",0
"pin_capacitance","","_181_:B","","","MAX","","RISE","",0
"pin_capacitance","","_181_:B","","","MAX","","FALL","",0
"pin_capacitance","","_181_:Y","","","MIN","","RISE","",0
"pin_capacitance","","_181_:Y","","","MIN","","FALL","",0
"pin_capacitance","","_181_:Y","","","MAX","","RISE","",0
"pin_capacitance","","_181_:Y","","","MAX","","FALL","",0
"pin_capacitance","","_182_:A","","","MIN","","RISE","",0
"pin_capacitance","","_182_:A","","","MIN","","FALL","",0
"pin_capacitance","","_182_:A","","","MAX","","RISE","",-3.6904853407815301e-24
"pin_capacitance","","_182_:A","","","MAX","","FALL","",0
"pin_capacitance","","_182_:B","","","MIN","","RISE","",0
"pin_capacitance","","_182_:B","","","MIN","","FALL","",0
"pin_capacitance","","_182_:B","","","MAX","","RISE","",0
"pin_capacitance","","_182_:B","","","MAX","","FALL","",0
"pin_capacitance","","_182_:C","","","MIN","","RISE","",0
"pin_capacitance","","_182_:C","","","MIN","","FALL","",0
"pin_capacitance","","_182_:C","","","MAX","","RISE","",0
"pin_capacitance","","_182_:C","","","MAX","","FALL","",0
"pin_capacitance","","_182_:Y","","","MIN","","RISE","",0
"pin_capacitance","","_182_:Y","","","MIN","","FALL","",0
"pin_capacitance","","_182_:Y","","","MAX","","RISE","",0
"pin_capacitance","","_182_:Y","","","MAX","","FALL","",0
"pin_capacitance","","_183_:A","","","MIN","","RISE","",0
"pin_capacitance","","_183_:A","","","MIN","","FALL","",0
"pin_capacitance","","_183_:A","","","MAX","","RISE","",0
"pin_capacitance","","_183_:A","","","MAX","","FALL","",0
"pin_capacitance","","_183_:B","","","MIN","","RISE","",0
"pin_capacitance","","_183_:B","","","MIN","","FALL","",0
"pin_capacitance","","_183_:B","","","MAX","","RISE","",0
"pin_capacitance","","_183_:B","","","MAX","","FALL","",0
"pin_capacitance","","_183_:Y","","","MIN","","RISE","",0
"pin_capacitance","","_183_:Y","","","MIN","","FALL","",0
"pin_capacitance","","_183_:Y","","","MAX","","RISE","",0
"pin_capacitance","","_183_:Y","","","MAX","","FALL","",0
"pin_capacitance","","_184_:A","","","MIN","","RISE","",0
"pin_capacitance","","_184_:A","","","MIN","","FALL","",0
"pin_capacitance","","_184_:A","","","MAX","","RISE","",0
"pin_capacitance","","_184_:A","","","MAX","","FALL","",0
"pin_capacitance","","_184_:B","","","MIN","","RISE","",0
"pin_capacitance","","_184_:B","","","MIN","","FALL","",0
"pin_capacitance","","_184_:B","","","MAX","","RISE","",0
"pin_capacitance","","_184_:B","","","MAX","","FALL","",0
"pin_capacitance","","_184_:Y","","","MIN","","RISE","",0
"pin_capacitance","","_184_:Y","","","MIN","","FALL","",0
"pin_capacitance","","_184_:Y","","","MAX","","RISE","",0
"pin_capacitance","","_184_:Y","","","MAX","","FALL","",0
"pin_capacitance","","_185_:A","","","MIN","","RISE","",0
"pin_capacitance","","_185_:A","","","MIN","","FALL","",0
"pin_capacitance","","_185_:A","","","MAX","","RISE","",0
"pin_capacitance","","_185_:A","","","MAX","","FALL","",0
"pin_capacitance","","_185_:B","","","MIN","","RISE","",0
"pin_capacitance","","_185_:B","","","MIN","","FALL","",0
"pin_capacitance","","_185_:B","","","MAX","","RISE","",0
"pin_capacitance","","_185_:B","","","MAX","","FALL","",0
"pin_capacitance","","_185_:C","","","MIN","","RISE","",0
"pin_capacitance","","_185_:C","","","MIN","","FALL","",0
"pin_capacitance","","_185_:C","","","MAX","","RISE","",0
"pin_capacitance","","_185_:C","","","MAX","","FALL","",0
"pin_capacitance","","_185_:Y","","","MIN","","RISE","",0
"pin_capacitance","","_185_:Y","","","MIN","","FALL","",0
"pin_capacitance","","_185_:Y","","","MAX","","RISE","",0
"pin_capacitance","","_185_:Y","","","MAX","","FALL","",0
"pin_capacitance","","_186_:A","","","MIN","","RISE","",0
"pin_capacitance","","_186_:A","","","MIN","","FALL","",0
"pin_capacitance","","_186_:A","","","MAX","","RISE","",0
"pin_capacitance","","_186_:A","","","MAX","","FALL","",0
"pin_capacitance","","_186_:B","","","MIN","","RISE","",0
"pin_capacitance","","_186_:B","","","MIN","","FALL","",0
"pin_capacitance","","_186_:B","","","MAX","","RISE","",0
"pin_capacitance","","_186_:B","","","MAX","","FALL","",0
"pin_capacitance","","_186_:C","","","MIN","","RISE","",0
"pin_capacitance","","_186_:C","","","MIN","","FALL","",0
"pin_capacitance","","_186_:C","","","MAX","","RISE","",0
"pin_capacitance","","_186_:C","","","MAX","","FALL","",0
"pin_capacitance","","_186_:Y","","","MIN","","RISE","",0
"pin_capacitance","","_186_:Y","","","MIN","","FALL","",0
"pin_capacitance","","_186_:Y","","","MAX","","RISE","",0
"pin_capacitance","","_186_:Y","","","MAX","","FALL","",0
"pin_capacitance","","_187_:A","","","MIN","","RISE","",0
"pin_capacitance","","_187_:A","","","MIN","","FALL","",0
"pin_capacitance","","_187_:A","","","MAX","","RISE","",-9.0220215452958349e-60
"pin_capacitance","","_187_:A","","","MAX","","FALL","",0
"pin_capacitance","","_187_:B","","","MIN","","RISE","",0
"pin_capacitance","","_187_:B","","","MIN","","FALL","",0
"pin_capacitance","","_187_:B","","","MAX","","RISE","",-5.3290035723923737e-30
"pin_capacitance","","_187_:B","","","MAX","","FALL","",0
"pin_capacitance","","_187_:S","","","MIN","","RISE","",0
"pin_capacitance","","_187_:S","","","MIN","","FALL","",0
"pin_capacitance","","_187_:S","","","MAX","","RISE","",0
"pin_capacitance","","_187_:S","","","MAX","","FALL","",0
"pin_capacitance","","_187_:Y","","","MIN","","RISE","",0
"pin_capacitance","","_187_:Y","","","MIN","","FALL","",0
"pin_capacitance","","_187_:Y","","","MAX","","RISE","",0
"pin_capacitance","","_187_:Y","","","MAX","","FALL","",0
"pin_capacitance","","_188_:A","","","MIN","","RISE","",0
"pin_capacitance","","_188_:A","","","MIN","","FALL","",0
"pin_capacitance","","_188_:A","","","MAX","","RISE","",0
"pin_capacitance","","_188_:A","","","MAX","","FALL","",0
"pin_capacitance","","_188_:Y","","","MIN","","RISE","",0
"pin_capacitance","","_188_:Y","","","MIN","","FALL","",0
"pin_capacitance","","_188_:Y","","","MAX","","RISE","",0
"pin_capacitance","","_188_:Y","","","MAX","","FALL","",0
"pin_capacitance","","_189_:A","","","MIN","","RISE","",0
"pin_capacitance","","_189_:A","","","MIN","","FALL","",0
"pin_capacitance","","_189_:A","","","MAX","","RISE","",-9.0220215452958349e-60
"pin_capacitance","","_189_:A","","","MAX","","FALL","",0
"pin_capacitance","","_189_:B","","","MIN","","RISE","",0
"pin_capacitance","","_189_:B","","","MIN","","FALL","",0
"pin_capacitance","","_189_:B","","","MAX","","RISE","",-1.3941423244439474e-32
"pin_capacitance","","_189_:B","","","MAX","","FALL","",0
"pin_capacitance","","_189_:S","","","MIN","","RISE","",0
"pin_capacitance","","_189_:S","","","MIN","","FALL","",0
"pin_capacitance","","_189_:S","","","MAX","","RISE","",0
"pin_capacitance","","_189_:S","","","MAX","","FALL","",0
"pin_capacitance","","_189_:Y","","","MIN","","RISE","",0
"pin_capacitance","","_189_:Y","","","MIN","","FALL","",0
"pin_capacitance","","_189_:Y","","","MAX","","RISE","",0
"pin_capacitance","","_189_:Y","","","MAX","","FALL","",0
"pin_capacitance","","_190_:A","","","MIN","","RISE","",0
"pin_capacitance","","_190_:A","","","MIN","","FALL","",0
"pin_capacitance","","_190_:A","","","MAX","","RISE","",0
"pin_capacitance","","_190_:A","","","MAX","","FALL","",0
"pin_capacitance","","_190_:Y","","","MIN","","RISE","",0
"pin_capacitance","","_190_:Y","","","MIN","","FALL","",0
"pin_capacitance","","_190_:Y","","","MAX","","RISE","",0
"pin_capacitance","","_190_:Y","","","MAX","","FALL","",0
"pin_capacitance","","_191_:A","","","MIN","","RISE","",0
"pin_capacitance","","_191_:A","","","MIN","","FALL","",0
"pin_capacitance","","_191_:A","","","MAX","","RISE","",-9.0220215452958349e-60
"pin_capacitance","","_191_:A","","","MAX","","FALL","",0
"pin_capacitance","","_191_:B","","","MIN","","RISE","",0
"pin_capacitance","","_191_:B","","","MIN","","FALL","",0
"pin_capacitance","","_191_:B","","","MAX","","RISE","",-1.3941423244439474e-32
"pin_capacitance","","_191_:B","","","MAX","","FALL","",0
"pin_capacitance","","_191_:S","","","MIN","","RISE","",0
"pin_capacitance","","_191_:S","","","MIN","","FALL","",0
"pin_capacitance","","_191_:S","","","MAX","","RISE","",0
"pin_capacitance","","_191_:S","","","MAX","","FALL","",0
"pin_capacitance","","_191_:Y","","","MIN","","RISE","",0
"pin_capacitance","","_191_:Y","","","MIN","","FALL","",0
"pin_capacitance","","_191_:Y","","","MAX","","RISE","",0
"pin_capacitance","","_191_:Y","","","MAX","","FALL","",0
"pin_capacitance","","_192_:A","","","MIN","","RISE","",0
"pin_capacitance","","_192_:A","","","MIN","","FALL","",0
"pin_capacitance","","_192_:A","","","MAX","","RISE","",0
"pin_capacitance","","_192_:A","","","MAX","","FALL","",0
"pin_capacitance","","_192_:Y","","","MIN","","RISE","",0
"pin_capacitance","","_192_:Y","","","MIN","","FALL","",0
"pin_capacitance","","_192_:Y","","","MAX","","RISE","",0
"pin_capacitance","","_192_:Y","","","MAX","","FALL","",0
"pin_capacitance","","_193_:A","","","MIN","","RISE","",0
"pin_capacitance","","_193_:A","","","MIN","","FALL","",0
"pin_capacitance","","_193_:A","","","MAX","","RISE","",-9.0220215452958349e-60
"pin_capacitance","","_193_:A","","","MAX","","FALL","",0
"pin_capacitance","","_193_:B","","","MIN","","RISE","",0
"pin_capacitance","","_193_:B","","","MIN","","FALL","",0
"pin_capacitance","","_193_:B","","","MAX","","RISE","",-1.9787849156885712e-05
"pin_capacitance","","_193_:B","","","MAX","","FALL","",0
"pin_capacitance","","_193_:S","","","MIN","","RISE","",0
"pin_capacitance","","_193_:S","","","MIN","","FALL","",0
"pin_capacitance","","_193_:S","","","MAX","","RISE","",0
"pin_capacitance","","_193_:S","","","MAX","","FALL","",0
"pin_capacitance","","_193_:Y","","","MIN","","RISE","",0
"pin_capacitance","","_193_:Y","","","MIN","","FALL","",0
"pin_capacitance","","_193_:Y","","","MAX","","RISE","",0
"pin_capacitance","","_193_:Y","","","MAX","","FALL","",0
"pin_capacitance","","_194_:A","","","MIN","","RISE","",0
"pin_capacitance","","_194_:A","","","MIN","","FALL","",0
"pin_capacitance","","_194_:A","","","MAX","","RISE","",0
"pin_capacitance","","_194_:A","","","MAX","","FALL","",0
"pin_capacitance","","_194_:Y","","","MIN","","RISE","",0
"pin_capacitance","","_194_:Y","","","MIN","","FALL","",0
"pin_capacitance","","_194_:Y","","","MAX","","RISE","",0
"pin_capacitance","","_194_:Y","","","MAX","","FALL","",0
"pin_capacitance","","_195_:A","","","MIN","","RISE","",0
"pin_capacitance","","_195_:A","","","MIN","","FALL","",0
"pin_capacitance","","_195_:A","","","MAX","","RISE","",-9.0220215452958349e-60
"pin_capacitance","","_195_:A","","","MAX","","FALL","",0
"pin_capacitance","","_195_:B","","","MIN","","RISE","",0
"pin_capacitance","","_195_:B","","","MIN","","FALL","",0
"pin_capacitance","","_195_:B","","","MAX","","RISE","",-2.725600649707911
"pin_capacitance","","_195_:B","","","MAX","","FALL","",0
"pin_capacitance","","_195_:S","","","MIN","","RISE","",0
"pin_capacitance","","_195_:S","","","MIN","","FALL","",0
"pin_capacitance","","_195_:S","","","MAX","","RISE","",0
"pin_capacitance","","_195_:S","","","MAX","","FALL","",0
"pin_capacitance","","_195_:Y","","","MIN","","RISE","",0
"pin_capacitance","","_195_:Y","","","MIN","","FALL","",0
"pin_capacitance","","_195_:Y","","","MAX","","RISE","",0
"pin_capacitance","","_195_:Y","","","MAX","","FALL","",0
"pin_capacitance","","_196_:A","","","MIN","","RISE","",0
"pin_capacitance","","_196_:A","","","MIN","","FALL","",0
"pin_capacitance","","_196_:A","","","MAX","","RISE","",0
"pin_capacitance","","_196_:A","","","MAX","","FALL","",0
"pin_capacitance","","_196_:Y","","","MIN","","RISE","",0
"pin_capacitance","","_196_:Y","","","MIN","","FALL","",0
"pin_capacitance","","_196_:Y","","","MAX","","RISE","",0
"pin_capacitance","","_196_:Y","","","MAX","","FALL","",0
"pin_capacitance","","_197_:A","","","MIN","","RISE","",0
"pin_capacitance","","_197_:A","","","MIN","","FALL","",0
"pin_capacitance","","_197_:A","","","MAX","","RISE","",-9.0220215452958349e-60
"pin_capacitance","","_197_:A","","","MAX","","FALL","",0
"pin_capacitance","","_197_:B","","","MIN","","RISE","",0
"pin_capacitance","","_197_:B","","","MIN","","FALL","",0
"pin_capacitance","","_197_:B","","","MAX","","RISE","",-1.9656483860111276e-05
"pin_capacitance","","_197_:B","","","MAX","","FALL","",0
"pin_capacitance","","_197_:S","","","MIN","","RISE","",0
"pin_capacitance","","_197_:S","","","MIN","","FALL","",0
"pin_capacitance","","_197_:S","","","MAX","","RISE","",0
"pin_capacitance","","_197_:S","","","MAX","","FALL","",0
"pin_capacitance","","_197_:Y","","","MIN","","RISE","",0
"pin_capacitance","","_197_:Y","","","MIN","","FALL","",0
"pin_capacitance","","_197_:Y","","","MAX","","RISE","",0
"pin_capacitance","","_197_:Y","","","MAX","","FALL","",0
"pin_capacitance","","_198_:A","","","MIN","","RISE","",0
"pin_capacitance","","_198_:A","","","MIN","","FALL","",0
"pin_capacitance","","_198_:A","","","MAX","","RISE","",0
"pin_capacitance","","_198_:A","","","MAX","","FALL","",0
"pin_capacitance","","_198_:Y","","","MIN","","RISE","",0
"pin_capacitance","","_198_:Y","","","MIN","","FALL","",0
"pin_capacitance","","_198_:Y","","","MAX","","RISE","",0
"pin_capacitance","","_198_:Y","","","MAX","","FALL","",0
"pin_capacitance","","_199_:A","","","MIN","","RISE","",0
"pin_capacitance","","_199_:A","","","MIN","","FALL","",0
"pin_capacitance","","_199_:A","","","MAX","","RISE","",-9.0220215452958349e-60
"pin_capacitance","","_199_:A","","","MAX","","FALL","",0
"pin_capacitance","","_199_:B","","","MIN","","RISE","",0
"pin_capacitance","","_199_:B","","","MIN","","FALL","",0
"pin_capacitance","","_199_:B","","","MAX","","RISE","",-1.3941423244439474e-32
"pin_capacitance","","_199_:B","","","MAX","","FALL","",0
"pin_capacitance","","_199_:S","","","MIN","","RISE","",0
"pin_capacitance","","_199_:S","","","MIN","","FALL","",0
"pin_capacitance","","_199_:S","","","MAX","","RISE","",0
"pin_capacitance","","_199_:S","","","MAX","","FALL","",0
"pin_capacitance","","_199_:Y","","","MIN","","RISE","",0
"pin_capacitance","","_199_:Y","","","MIN","","FALL","",0
"pin_capacitance","","_199_:Y","","","MAX","","RISE","",0
"pin_capacitance","","_199_:Y","","","MAX","","FALL","",0
"pin_capacitance","","_200_:A","","","MIN","","RISE","",0
"pin_capacitance","","_200_:A","","","MIN","","FALL","",0
"pin_capacitance","","_200_:A","","","MAX","","RISE","",0
"pin_capacitance","","_200_:A","","","MAX","","FALL","",0
"pin_capacitance","","_200_:Y","","","MIN","","RISE","",0
"pin_capacitance","","_200_:Y","","","MIN","","FALL","",0
"pin_capacitance","","_200_:Y","","","MAX","","RISE","",0
"pin_capacitance","","_200_:Y","","","MAX","","FALL","",0
"pin_capacitance","","_201_:A","","","MIN","","RISE","",0
"pin_capacitance","","_201_:A","","","MIN","","FALL","",0
"pin_capacitance","","_201_:A","","","MAX","","RISE","",-9.0220215452958349e-60
"pin_capacitance","","_201_:A","","","MAX","","FALL","",0
"pin_capacitance","","_201_:B","","","MIN","","RISE","",0
"pin_capacitance","","_201_:B","","","MIN","","FALL","",0
"pin_capacitance","","_201_:B","","","MAX","","RISE","",-1.145063709391599e-19
"pin_capacitance","","_201_:B","","","MAX","","FALL","",0
"pin_capacitance","","_201_:S","","","MIN","","RISE","",0
"pin_capacitance","","_201_:S","","","MIN","","FALL","",0
"pin_capacitance","","_201_:S","","","MAX","","RISE","",0
"pin_capacitance","","_201_:S","","","MAX","","FALL","",0
"pin_capacitance","","_201_:Y","","","MIN","","RISE","",0
"pin_capacitance","","_201_:Y","","","MIN","","FALL","",0
"pin_capacitance","","_201_:Y","","","MAX","","RISE","",0
"pin_capacitance","","_201_:Y","","","MAX","","FALL","",0
"pin_capacitance","","_202_:A","","","MIN","","RISE","",0
"pin_capacitance","","_202_:A","","","MIN","","FALL","",0
"pin_capacitance","","_202_:A","","","MAX","","RISE","",0
"pin_capacitance","","_202_:A","","","MAX","","FALL","",0
"pin_capacitance","","_202_:Y","","","MIN","","RISE","",0
"pin_capacitance","","_202_:Y","","","MIN","","FALL","",0
"pin_capacitance","","_202_:Y","","","MAX","","RISE","",0
"pin_capacitance","","_202_:Y","","","MAX","","FALL","",0
"pin_capacitance","","_203_:A","","","MIN","","RISE","",0
"pin_capacitance","","_203_:A","","","MIN","","FALL","",0
"pin_capacitance","","_203_:A","","","MAX","","RISE","",-9.0220215452958349e-60
"pin_capacitance","","_203_:A","","","MAX","","FALL","",0
"pin_capacitance","","_203_:B","","","MIN","","RISE","",0
"pin_capacitance","","_203_:B","","","MIN","","FALL","",0
"pin_capacitance","","_203_:B","","","MAX","","RISE","",0
"pin_capacitance","","_203_:B","","","MAX","","FALL","",0
"pin_capacitance","","_203_:S","","","MIN","","RISE","",0
"pin_capacitance","","_203_:S","","","MIN","","FALL","",0
"pin_capacitance","","_203_:S","","","MAX","","RISE","",0
"pin_capacitance","","_203_:S","","","MAX","","FALL","",0
"pin_capacitance","","_203_:Y","","","MIN","","RISE","",0
"pin_capacitance","","_203_:Y","","","MIN","","FALL","",0
"pin_capacitance","","_203_:Y","","","MAX","","RISE","",0
"pin_capacitance","","_203_:Y","","","MAX","","FALL","",0
"pin_capacitance","","_204_:A","","","MIN","","RISE","",0
"pin_capacitance","","_204_:A","","","MIN","","FALL","",0
"pin_capacitance","","_204_:A","","","MAX","","RISE","",0
"pin_capacitance","","_204_:A","","","MAX","","FALL","",0
"pin_capacitance","","_204_:Y","","","MIN","","RISE","",0
"pin_capacitance","","_204_:Y","","","MIN","","FALL","",0
"pin_capacitance","","_204_:Y","","","MAX","","RISE","",0
"pin_capacitance","","_204_:Y","","","MAX","","FALL","",0
"pin_capacitance","","_205_:A","","","MIN","","RISE","",0
"pin_capacitance","","_205_:A","","","MIN","","FALL","",0
"pin_capacitance","","_205_:A","","","MAX","","RISE","",-1.9656483860111276e-05
"pin_capacitance","","_205_:A","","","MAX","","FALL","",0
"pin_capacitance","","_205_:B","","","MIN","","RISE","",0
"pin_capacitance","","_205_:B","","","MIN","","FALL","",0
"pin_capacitance","","_205_:B","","","MAX","","RISE","",-1.145063709391599e-19
"pin_capacitance","","_205_:B","","","MAX","","FALL","",0
"pin_capacitance","","_205_:Y","","","MIN","","RISE","",0
"pin_capacitance","","_205_:Y","","","MIN","","FALL","",0
"pin_capacitance","","_205_:Y","","","MAX","","RISE","",0
"pin_capacitance","","_205_:Y","","","MAX","","FALL","",0
"pin_capacitance","","_206_:A","","","MIN","","RISE","",0
"pin_capacitance","","_206_:A","","","MIN","","FALL","",0
"pin_capacitance","","_206_:A","","","MAX","","RISE","",-1.9787849156885712e-05
"pin_capacitance","","_206_:A","","","MAX","","FALL","",0
"pin_capacitance","","_206_:B","","","MIN","","RISE","",0
"pin_capacitance","","_206_:B","","","MIN","","FALL","",0
"pin_capacitance","","_206_:B","","","MAX","","RISE","",-2.725600649707911
"pin_capacitance","","_206_:B","","","MAX","","FALL","",0
"pin_capacitance","","_206_:Y","","","MIN","","RISE","",0
"pin_capacitance","","_206_:Y","","","MIN","","FALL","",0
"pin_capacitance","","_206_:Y","","","MAX","","RISE","",0
"pin_capacitance","","_206_:Y","","","MAX","","FALL","",0
"pin_capacitance","","_207_:A","","","MIN","","RISE","",0
"pin_capacitance","","_207_:A","","","MIN","","FALL","",0
"pin_capacitance","","_207_:A","","","MAX","","RISE","",0
"pin_capacitance","","_207_:A","","","MAX","","FALL","",0
"pin_capacitance","","_207_:B","","","MIN","","RISE","",0
"pin_capacitance","","_207_:B","","","MIN","","FALL","",0
"pin_capacitance","","_207_:B","","","MAX","","RISE","",0
"pin_capacitance","","_207_:B","","","MAX","","FALL","",0
"pin_capacitance","","_207_:Y","","","MIN","","RISE","",0
"pin_capacitance","","_207_:Y","","","MIN","","FALL","",0
"pin_capacitance","","_207_:Y","","","MAX","","RISE","",0
"pin_capacitance","","_207_:Y","","","MAX","","FALL","",0
"pin_capacitance","","_208_:A","","","MIN","","RISE","",0
"pin_capacitance","","_208_:A","","","MIN","","FALL","",0
"pin_capacitance","","_208_:A","","","MAX","","RISE","",0
"pin_capacitance","","_208_:A","","","MAX","","FALL","",0
"pin_capacitance","","_208_:B","","","MIN","","RISE","",0
"pin_capacitance","","_208_:B","","","MIN","","FALL","",0
"pin_capacitance","","_208_:B","","","MAX","","RISE","",-5.3290035723923737e-30
"pin_capacitance","","_208_:B","","","MAX","","FALL","",0
"pin_capacitance","","_208_:C","","","MIN","","RISE","",0
"pin_capacitance","","_208_:C","","","MIN","","FALL","",0
"pin_capacitance","","_208_:C","","","MAX","","RISE","",0
"pin_capacitance","","_208_:C","","","MAX","","FALL","",0
"pin_capacitance","","_208_:Y","","","MIN","","RISE","",0
"pin_capacitance","","_208_:Y","","","MIN","","FALL","",0
"pin_capacitance","","_208_:Y","","","MAX","","RISE","",0
"pin_capacitance","","_208_:Y","","","MAX","","FALL","",0
"pin_capacitance","","_209_:A","","","MIN","","RISE","",0
"pin_capacitance","","_209_:A","","","MIN","","FALL","",0
"pin_capacitance","","_209_:A","","","MAX","","RISE","",0
"pin_capacitance","","_209_:A","","","MAX","","FALL","",0
"pin_capacitance","","_209_:B","","","MIN","","RISE","",0
"pin_capacitance","","_209_:B","","","MIN","","FALL","",0
"pin_capacitance","","_209_:B","","","MAX","","RISE","",0
"pin_capacitance","","_209_:B","","","MAX","","FALL","",0
"pin_capacitance","","_209_:C","","","MIN","","RISE","",0
"pin_capacitance","","_209_:C","","","MIN","","FALL","",0
"pin_capacitance","","_209_:C","","","MAX","","RISE","",0
"pin_capacitance","","_209_:C","","","MAX","","FALL","",0
"pin_capacitance","","_209_:Y","","","MIN","","RISE","",0
"pin_capacitance","","_209_:Y","","","MIN","","FALL","",0
"pin_capacitance","","_209_:Y","","","MAX","","RISE","",0
"pin_capacitance","","_209_:Y","","","MAX","","FALL","",0
"pin_capacitance","","_210_:A","","","MIN","","RISE","",0
"pin_capacitance","","_210_:A","","","MIN","","FALL","",0
"pin_capacitance","","_210_:A","","","MAX","","RISE","",0
"pin_capacitance","","_210_:A","","","MAX","","FALL","",0
"pin_capacitance","","_210_:B","","","MIN","","RISE","",0
"pin_capacitance","","_210_:B","","","MIN","","FALL","",0
"pin_capacitance","","_210_:B","","","MAX","","RISE","",-1.3941423244439474e-32
"pin_capacitance","","_210_:B","","","MAX","","FALL","",0
"pin_capacitance","","_210_:Y","","","MIN","","RISE","",0
"pin_capacitance","","_210_:Y","","","MIN","","FALL","",0
"pin_capacitance","","_210_:Y","","","MAX","","RISE","",0
"pin_capacitance","","_210_:Y","","","MAX","","FALL","",0
"pin_capacitance","","_211_:A","","","MIN","","RISE","",0
"pin_capacitance","","_211_:A","","","MIN","","FALL","",0
"pin_capacitance","","_211_:A","","","MAX","","RISE","",0
"pin_capacitance","","_211_:A","","","MAX","","FALL","",0
"pin_capacitance","","_211_:B","","","MIN","","RISE","",0
"pin_capacitance","","_211_:B","","","MIN","","FALL","",0
"pin_capacitance","","_211_:B","","","MAX","","RISE","",-1.3941423244439474e-32
"pin_capacitance","","_211_:B","","","MAX","","FALL","",0
"pin_capacitance","","_211_:C","","","MIN","","RISE","",0
"pin_capacitance","","_211_:C","","","MIN","","FALL","",0
"pin_capacitance","","_211_:C","","","MAX","","RISE","",0
"pin_capacitance","","_211_:C","","","MAX","","FALL","",0
"pin_capacitance","","_211_:Y","","","MIN","","RISE","",0
"pin_capacitance","","_211_:Y","","","MIN","","FALL","",0
"pin_capacitance","","_211_:Y","","","MAX","","RISE","",0
"pin_capacitance","","_211_:Y","","","MAX","","FALL","",0
"pin_capacitance","","_212_:A","","","MIN","","RISE","",0
"pin_capacitance","","_212_:A","","","MIN","","FALL","",0
"pin_capacitance","","_212_:A","","","MAX","","RISE","",0
"pin_capacitance","","_212_:A","","","MAX","","FALL","",0
"pin_capacitance","","_212_:B","","","MIN","","RISE","",0
"pin_capacitance","","_212_:B","","","MIN","","FALL","",0
"pin_capacitance","","_212_:B","","","MAX","","RISE","",0
"pin_capacitance","","_212_:B","","","MAX","","FALL","",0
"pin_capacitance","","_212_:Y","","","MIN","","RISE","",0
"pin_capacitance","","_212_:Y","","","MIN","","FALL","",0
"pin_capacitance","","_212_:Y","","","MAX","","RISE","",0
"pin_capacitance","","_212_:Y","","","MAX","","FALL","",0
"pin_capacitance","","_213_:A","","","MIN","","RISE","",0
"pin_capacitance","","_213_:A","","","MIN","","FALL","",0
"pin_capacitance","","_213_:A","","","MAX","","RISE","",0
"pin_capacitance","","_213_:A","","","MAX","","FALL","",0
"pin_capacitance","","_213_:B","","","MIN","","RISE","",0
"pin_capacitance","","_213_:B","","","MIN","","FALL","",0
"pin_capacitance","","_213_:B","","","MAX","","RISE","",-1.9787849156885712e-05
"pin_capacitance","","_213_:B","","","MAX","","FALL","",0
"pin_capacitance","","_213_:Y","","","MIN","","RISE","",0
"pin_capacitance","","_213_:Y","","","MIN","","FALL","",0
"pin_capacitance","","_213_:Y","","","MAX","","RISE","",0
"pin_capacitance","","_213_:Y","","","MAX","","FALL","",0
"pin_capacitance","","_214_:A","","","MIN","","RISE","",0
"pin_capacitance","","_214_:A","","","MIN","","FALL","",0
"pin_capacitance","","_214_:A","","","MAX","","RISE","",0
"pin_capacitance","","_214_:A","","","MAX","","FALL","",0
"pin_capacitance","","_214_:B","","","MIN","","RISE","",0
"pin_capacitance","","_214_:B","","","MIN","","FALL","",0
"pin_capacitance","","_214_:B","","","MAX","","RISE","",-1.3941423244439474e-32
"pin_capacitance","","_214_:B","","","MAX","","FALL","",0
"pin_capacitance","","_214_:C","","","MIN","","RISE","",0
"pin_capacitance","","_214_:C","","","MIN","","FALL","",0
"pin_capacitance","","_214_:C","","","MAX","","RISE","",0
"pin_capacitance","","_214_:C","","","MAX","","FALL","",0
"pin_capacitance","","_214_:Y","","","MIN","","RISE","",0
"pin_capacitance","","_214_:Y","","","MIN","","FALL","",0
"pin_capacitance","","_214_:Y","","","MAX","","RISE","",0
"pin_capacitance","","_214_:Y","","","MAX","","FALL","",0
"pin_capacitance","","_215_:A","","","MIN","","RISE","",0
"pin_capacitance","","_215_:A","","","MIN","","FALL","",0
"pin_capacitance","","_215_:A","","","MAX","","RISE","",0
"pin_capacitance","","_215_:A","","","MAX","","FALL","",0
"pin_capacitance","","_215_:B","","","MIN","","RISE","",0
"pin_capacitance","","_215_:B","","","MIN","","FALL","",0
"pin_capacitance","","_215_:B","","","MAX","","RISE","",0
"pin_capacitance","","_215_:B","","","MAX","","FALL","",0
"pin_capacitance","","_215_:Y","","","MIN","","RISE","",0
"pin_capacitance","","_215_:Y","","","MIN","","FALL","",0
"pin_capacitance","","_215_:Y","","","MAX","","RISE","",0
"pin_capacitance","","_215_:Y","","","MAX","","FALL","",0
"pin_capacitance","","_216_:A","","","MIN","","RISE","",0
"pin_capacitance","","_216_:A","","","MIN","","FALL","",0
"pin_capacitance","","_216_:A","","","MAX","","RISE","",0
"pin_capacitance","","_216_:A","","","MAX","","FALL","",0
"pin_capacitance","","_216_:B","","","MIN","","RISE","",0
"pin_capacitance","","_216_:B","","","MIN","","FALL","",0
"pin_capacitance","","_216_:B","","","MAX","","RISE","",-2.725600649707911
"pin_capacitance","","_216_:B","","","MAX","","FALL","",0
"pin_capacitance","","_216_:Y","","","MIN","","RISE","",0
"pin_capacitance","","_216_:Y","","","MIN","","FALL","",0
"pin_capacitance","","_216_:Y","","","MAX","","RISE","",0
"pin_capacitance","","_216_:Y","","","MAX","","FALL","",0
"pin_capacitance","","_217_:A","","","MIN","","RISE","",0
"pin_capacitance","","_217_:A","","","MIN","","FALL","",0
"pin_capacitance","","_217_:A","","","MAX","","RISE","",0
"pin_capacitance","","_217_:A","","","MAX","","FALL","",0
"pin_capacitance","","_217_:B","","","MIN","","RISE","",0
"pin_capacitance","","_217_:B","","","MIN","","FALL","",0
"pin_capacitance","","_217_:B","","","MAX","","RISE","",-1.9787849156885712e-05
"pin_capacitance","","_217_:B","","","MAX","","FALL","",0
"pin_capacitance","","_217_:C","","","MIN","","RISE","",0
"pin_capacitance","","_217_:C","","","MIN","","FALL","",0
"pin_capacitance","","_217_:C","","","MAX","","RISE","",0
"pin_capacitance","","_217_:C","","","MAX","","FALL","",0
"pin_capacitance","","_217_:Y","","","MIN","","RISE","",0
"pin_capacitance","","_217_:Y","","","MIN","","FALL","",0
"pin_capacitance","","_217_:Y","","","MAX","","RISE","",0
"pin_capacitance","","_217_:Y","","","MAX","","FALL","",0
"pin_capacitance","","_218_:A","","","MIN","","RISE","",0
"pin_capacitance","","_218_:A","","","MIN","","FALL","",0
"pin_capacitance","","_218_:A","","","MAX","","RISE","",0
"pin_capacitance","","_218_:A","","","MAX","","FALL","",0
"pin_capacitance","","_218_:B","","","MIN","","RISE","",0
"pin_capacitance","","_218_:B","","","MIN","","FALL","",0
"pin_capacitance","","_218_:B","","","MAX","","RISE","",0
"pin_capacitance","","_218_:B","","","MAX","","FALL","",0
"pin_capacitance","","_218_:Y","","","MIN","","RISE","",0
"pin_capacitance","","_218_:Y","","","MIN","","FALL","",0
"pin_capacitance","","_218_:Y","","","MAX","","RISE","",0
"pin_capacitance","","_218_:Y","","","MAX","","FALL","",0
"pin_capacitance","","_219_:A","","","MIN","","RISE","",0
"pin_capacitance","","_219_:A","","","MIN","","FALL","",0
"pin_capacitance","","_219_:A","","","MAX","","RISE","",0
"pin_capacitance","","_219_:A","","","MAX","","FALL","",0
"pin_capacitance","","_219_:B","","","MIN","","RISE","",0
"pin_capacitance","","_219_:B","","","MIN","","FALL","",0
"pin_capacitance","","_219_:B","","","MAX","","RISE","",-1.9656483860111276e-05
"pin_capacitance","","_219_:B","","","MAX","","FALL","",0
"pin_capacitance","","_219_:Y","","","MIN","","RISE","",0
"pin_capacitance","","_219_:Y","","","MIN","","FALL","",0
"pin_capacitance","","_219_:Y","","","MAX","","RISE","",0
"pin_capacitance","","_219_:Y","","","MAX","","FALL","",0
"pin_capacitance","","_220_:A","","","MIN","","RISE","",0
"pin_capacitance","","_220_:A","","","MIN","","FALL","",0
"pin_capacitance","","_220_:A","","","MAX","","RISE","",0
"pin_capacitance","","_220_:A","","","MAX","","FALL","",0
"pin_capacitance","","_220_:B","","","MIN","","RISE","",0
"pin_capacitance","","_220_:B","","","MIN","","FALL","",0
"pin_capacitance","","_220_:B","","","MAX","","RISE","",-2.725600649707911
"pin_capacitance","","_220_:B","","","MAX","","FALL","",0
"pin_capacitance","","_220_:C","","","MIN","","RISE","",0
"pin_capacitance","","_220_:C","","","MIN","","FALL","",0
"pin_capacitance","","_220_:C","","","MAX","","RISE","",0
"pin_capacitance","","_220_:C","","","MAX","","FALL","",0
"pin_capacitance","","_220_:Y","","","MIN","","RISE","",0
"pin_capacitance","","_220_:Y","","","MIN","","FALL","",0
"pin_capacitance","","_220_:Y","","","MAX","","RISE","",0
"pin_capacitance","","_220_:Y","","","MAX","","FALL","",0
"pin_capacitance","","_221_:A","","","MIN","","RISE","",0
"pin_capacitance","","_221_:A","","","MIN","","FALL","",0
"pin_capacitance","","_221_:A","","","MAX","","RISE","",0
"pin_capacitance","","_221_:A","","","MAX","","FALL","",0
"pin_capacitance","","_221_:B","","","MIN","","RISE","",0
"pin_capacitance","","_221_:B","","","MIN","","FALL","",0
"pin_capacitance","","_221_:B","","","MAX","","RISE","",0
"pin_capacitance","","_221_:B","","","MAX","","FALL","",0
"pin_capacitance","","_221_:Y","","","MIN","","RISE","",0
"pin_capacitance","","_221_:Y","","","MIN","","FALL","",0
"pin_capacitance","","_221_:Y","","","MAX","","RISE","",0
"pin_capacitance","","_221_:Y","","","MAX","","FALL","",0
"pin_capacitance","","_222_:A","","","MIN","","RISE","",0
"pin_capacitance","","_222_:A","","","MIN","","FALL","",0
"pin_capacitance","","_222_:A","","","MAX","","RISE","",0
"pin_capacitance","","_222_:A","","","MAX","","FALL","",0
"pin_capacitance","","_222_:B","","","MIN","","RISE","",0
"pin_capacitance","","_222_:B","","","MIN","","FALL","",0
"pin_capacitance","","_222_:B","","","MAX","","RISE","",-1.3941423244439474e-32
"pin_capacitance","","_222_:B","","","MAX","","FALL","",0
"pin_capacitance","","_222_:Y","","","MIN","","RISE","",0
"pin_capacitance","","_222_:Y","","","MIN","","FALL","",0
"pin_capacitance","","_222_:Y","","","MAX","","RISE","",0
"pin_capacitance","","_222_:Y","","","MAX","","FALL","",0
"pin_capacitance","","_223_:A","","","MIN","","RISE","",0
"pin_capacitance","","_223_:A","","","MIN","","FALL","",0
"pin_capacitance","","_223_:A","","","MAX","","RISE","",0
"pin_capacitance","","_223_:A","","","MAX","","FALL","",0
"pin_capacitance","","_223_:B","","","MIN","","RISE","",0
"pin_capacitance","","_223_:B","","","MIN","","FALL","",0
"pin_capacitance","","_223_:B","","","MAX","","RISE","",-1.9656483860111276e-05
"pin_capacitance","","_223_:B","","","MAX","","FALL","",0
"pin_capacitance","","_223_:C","","","MIN","","RISE","",0
"pin_capacitance","","_223_:C","","","MIN","","FALL","",0
"pin_capacitance","","_223_:C","","","MAX","","RISE","",0
"pin_capacitance","","_223_:C","","","MAX","","FALL","",0
"pin_capacitance","","_223_:Y","","","MIN","","RISE","",0
"pin_capacitance","","_223_:Y","","","MIN","","FALL","",0
"pin_capacitance","","_223_:Y","","","MAX","","RISE","",0
"pin_capacitance","","_223_:Y","","","MAX","","FALL","",0
"pin_capacitance","","_224_:A","","","MIN","","RISE","",0
"pin_capacitance","","_224_:A","","","MIN","","FALL","",0
"pin_capacitance","","_224_:A","","","MAX","","RISE","",0
"pin_capacitance","","_224_:A","","","MAX","","FALL","",0
"pin_capacitance","","_224_:B","","","MIN","","RISE","",0
"pin_capacitance","","_224_:B","","","MIN","","FALL","",0
"pin_capacitance","","_224_:B","","","MAX","","RISE","",0
"pin_capacitance","","_224_:B","","","MAX","","FALL","",0
"pin_capacitance","","_224_:Y","","","MIN","","RISE","",0
"pin_capacitance","","_224_:Y","","","MIN","","FALL","",0
"pin_capacitance","","_224_:Y","","","MAX","","RISE","",0
"pin_capacitance","","_224_:Y","","","MAX","","FALL","",0
"pin_capacitance","","_225_:A","","","MIN","","RISE","",0
"pin_capacitance","","_225_:A","","","MIN","","FALL","",0
"pin_capacitance","","_225_:A","","","MAX","","RISE","",0
"pin_capacitance","","_225_:A","","","MAX","","FALL","",0
"pin_capacitance","","_225_:B","","","MIN","","RISE","",0
"pin_capacitance","","_225_:B","","","MIN","","FALL","",0
"pin_capacitance","","_225_:B","","","MAX","","RISE","",-1.145063709391599e-19
"pin_capacitance","","_225_:B","","","MAX","","FALL","",0
"pin_capacitance","","_225_:Y","","","MIN","","RISE","",0
"pin_capacitance","","_225_:Y","","","MIN","","FALL","",0
"pin_capacitance","","_225_:Y","","","MAX","","RISE","",0
"pin_capacitance","","_225_:Y","","","MAX","","FALL","",0
"pin_capacitance","","_226_:A","","","MIN","","RISE","",0
"pin_capacitance","","_226_:A","","","MIN","","FALL","",0
"pin_capacitance","","_226_:A","","","MAX","","RISE","",0
"pin_capacitance","","_226_:A","","","MAX","","FALL","",0
"pin_capacitance","","_226_:B","","","MIN","","RISE","",0
"pin_capacitance","","_226_:B","","","MIN","","FALL","",0
"pin_capacitance","","_226_:B","","","MAX","","RISE","",-1.3941423244439474e-32
"pin_capacitance","","_226_:B","","","MAX","","FALL","",0
"pin_capacitance","","_226_:C","","","MIN","","RISE","",0
"pin_capacitance","","_226_:C","","","MIN","","FALL","",0
"pin_capacitance","","_226_:C","","","MAX","","RISE","",0
"pin_capacitance","","_226_:C","","","MAX","","FALL","",0
"pin_capacitance","","_226_:Y","","","MIN","","RISE","",0
"pin_capacitance","","_226_:Y","","","MIN","","FALL","",0
"pin_capacitance","","_226_:Y","","","MAX","","RISE","",0
"pin_capacitance","","_226_:Y","","","MAX","","FALL","",0
"pin_capacitance","","_227_:A","","","MIN","","RISE","",0
"pin_capacitance","","_227_:A","","","MIN","","FALL","",0
"pin_capacitance","","_227_:A","","","MAX","","RISE","",0
"pin_capacitance","","_227_:A","","","MAX","","FALL","",0
"pin_capacitance","","_227_:B","","","MIN","","RISE","",0
"pin_capacitance","","_227_:B","","","MIN","","FALL","",0
"pin_capacitance","","_227_:B","","","MAX","","RISE","",0
"pin_capacitance","","_227_:B","","","MAX","","FALL","",0
"pin_capacitance","","_227_:Y","","","MIN","","RISE","",0
"pin_capacitance","","_227_:Y","","","MIN","","FALL","",0
"pin_capacitance","","_227_:Y","","","MAX","","RISE","",0
"pin_capacitance","","_227_:Y","","","MAX","","FALL","",0
"pin_capacitance","","_228_:A","","","MIN","","RISE","",0
"pin_capacitance","","_228_:A","","","MIN","","FALL","",0
"pin_capacitance","","_228_:A","","","MAX","","RISE","",0
"pin_capacitance","","_228_:A","","","MAX","","FALL","",0
"pin_capacitance","","_228_:B","","","MIN","","RISE","",0
"pin_capacitance","","_228_:B","","","MIN","","FALL","",0
"pin_capacitance","","_228_:B","","","MAX","","RISE","",-9.4181010504923695e-19
"pin_capacitance","","_228_:B","","","MAX","","FALL","",0
"pin_capacitance","","_228_:Y","","","MIN","","RISE","",0
"pin_capacitance","","_228_:Y","","","MIN","","FALL","",0
"pin_capacitance","","_228_:Y","","","MAX","","RISE","",0
"pin_capacitance","","_228_:Y","","","MAX","","FALL","",0
"pin_capacitance","","_229_:A","","","MIN","","RISE","",0
"pin_capacitance","","_229_:A","","","MIN","","FALL","",0
"pin_capacitance","","_229_:A","","","MAX","","RISE","",0
"pin_capacitance","","_229_:A","","","MAX","","FALL","",0
"pin_capacitance","","_229_:B","","","MIN","","RISE","",0
"pin_capacitance","","_229_:B","","","MIN","","FALL","",0
"pin_capacitance","","_229_:B","","","MAX","","RISE","",0
"pin_capacitance","","_229_:B","","","MAX","","FALL","",0
"pin_capacitance","","_229_:Y","","","MIN","","RISE","",0
"pin_capacitance","","_229_:Y","","","MIN","","FALL","",0
"pin_capacitance","","_229_:Y","","","MAX","","RISE","",0
"pin_capacitance","","_229_:Y","","","MAX","","FALL","",0
"pin_capacitance","","_230_:A","","","MIN","","RISE","",0
"pin_capacitance","","_230_:A","","","MIN","","FALL","",0
"pin_capacitance","","_230_:A","","","MAX","","RISE","",0
"pin_capacitance","","_230_:A","","","MAX","","FALL","",0
"pin_capacitance","","_230_:B","","","MIN","","RISE","",0
"pin_capacitance","","_230_:B","","","MIN","","FALL","",0
"pin_capacitance","","_230_:B","","","MAX","","RISE","",0
"pin_capacitance","","_230_:B","","","MAX","","FALL","",0
"pin_capacitance","","_230_:C","","","MIN","","RISE","",0
"pin_capacitance","","_230_:C","","","MIN","","FALL","",0
"pin_capacitance","","_230_:C","","","MAX","","RISE","",0
"pin_capacitance","","_230_:C","","","MAX","","FALL","",0
"pin_capacitance","","_230_:Y","","","MIN","","RISE","",0
"pin_capacitance","","_230_:Y","","","MIN","","FALL","",0
"pin_capacitance","","_230_:Y","","","MAX","","RISE","",0
"pin_capacitance","","_230_:Y","","","MAX","","FALL","",0
"pin_capacitance","","_231_:A","","","MIN","","RISE","",0
"pin_capacitance","","_231_:A","","","MIN","","FALL","",0
"pin_capacitance","","_231_:A","","","MAX","","RISE","",0
"pin_capacitance","","_231_:A","","","MAX","","FALL","",0
"pin_capacitance","","_231_:B","","","MIN","","RISE","",0
"pin_capacitance","","_231_:B","","","MIN","","FALL","",0
"pin_capacitance","","_231_:B","","","MAX","","RISE","",0
"pin_capacitance","","_231_:B","","","MAX","","FALL","",0
"pin_capacitance","","_231_:Y","","","MIN","","RISE","",0
"pin_capacitance","","_231_:Y","","","MIN","","FALL","",0
"pin_capacitance","","_231_:Y","","","MAX","","RISE","",0
"pin_capacitance","","_231_:Y","","","MAX","","FALL","",0
"pin_capacitance","","_232_:A","","","MIN","","RISE","",0
"pin_capacitance","","_232_:A","","","MIN","","FALL","",0
"pin_capacitance","","_232_:A","","","MAX","","RISE","",0
"pin_capacitance","","_232_:A","","","MAX","","FALL","",0
"pin_capacitance","","_232_:B","","","MIN","","RISE","",0
"pin_capacitance","","_232_:B","","","MIN","","FALL","",0
"pin_capacitance","","_232_:B","","","MAX","","RISE","",0
"pin_capacitance","","_232_:B","","","MAX","","FALL","",0
"pin_capacitance","","_232_:Y","","","MIN","","RISE","",0
"pin_capacitance","","_232_:Y","","","MIN","","FALL","",0
"pin_capacitance","","_232_:Y","","","MAX","","RISE","",0
"pin_capacitance","","_232_:Y","","","MAX","","FALL","",0
"pin_capacitance","","_233_:A","","","MIN","","RISE","",0
"pin_capacitance","","_233_:A","","","MIN","","FALL","",0
"pin_capacitance","","_233_:A","","","MAX","","RISE","",0
"pin_capacitance","","_233_:A","","","MAX","","FALL","",0
"pin_capacitance","","_233_:B","","","MIN","","RISE","",0
"pin_capacitance","","_233_:B","","","MIN","","FALL","",0
"pin_capacitance","","_233_:B","","","MAX","","RISE","",-9.4181010504923695e-19
"pin_capacitance","","_233_:B","","","MAX","","FALL","",0
"pin_capacitance","","_233_:C","","","MIN","","RISE","",0
"pin_capacitance","","_233_:C","","","MIN","","FALL","",0
"pin_capacitance","","_233_:C","","","MAX","","RISE","",-8.1560368993117837e-52
"pin_capacitance","","_233_:C","","","MAX","","FALL","",0
"pin_capacitance","","_233_:Y","","","MIN","","RISE","",0
"pin_capacitance","","_233_:Y","","","MIN","","FALL","",0
"pin_capacitance","","_233_:Y","","","MAX","","RISE","",0
"pin_capacitance","","_233_:Y","","","MAX","","FALL","",0
"pin_capacitance","","_234_:A","","","MIN","","RISE","",0
"pin_capacitance","","_234_:A","","","MIN","","FALL","",0
"pin_capacitance","","_234_:A","","","MAX","","RISE","",0
"pin_capacitance","","_234_:A","","","MAX","","FALL","",0
"pin_capacitance","","_234_:B","","","MIN","","RISE","",0
"pin_capacitance","","_234_:B","","","MIN","","FALL","",0
"pin_capacitance","","_234_:B","","","MAX","","RISE","",0
"pin_capacitance","","_234_:B","","","MAX","","FALL","",0
"pin_capacitance","","_234_:Y","","","MIN","","RISE","",0
"pin_capacitance","","_234_:Y","","","MIN","","FALL","",0
"pin_capacitance","","_234_:Y","","","MAX","","RISE","",0
"pin_capacitance","","_234_:Y","","","MAX","","FALL","",0
"pin_capacitance","","_235_:A","","","MIN","","RISE","",0
"pin_capacitance","","_235_:A","","","MIN","","FALL","",0
"pin_capacitance","","_235_:A","","","MAX","","RISE","",0
"pin_capacitance","","_235_:A","","","MAX","","FALL","",0
"pin_capacitance","","_235_:B","","","MIN","","RISE","",0
"pin_capacitance","","_235_:B","","","MIN","","FALL","",0
"pin_capacitance","","_235_:B","","","MAX","","RISE","",0
"pin_capacitance","","_235_:B","","","MAX","","FALL","",0
"pin_capacitance","","_235_:Y","","","MIN","","RISE","",0
"pin_capacitance","","_235_:Y","","","MIN","","FALL","",0
"pin_capacitance","","_235_:Y","","","MAX","","RISE","",0
"pin_capacitance","","_235_:Y","","","MAX","","FALL","",0
"pin_capacitance","","_236_:A","","","MIN","","RISE","",0
"pin_capacitance","","_236_:A","","","MIN","","FALL","",0
"pin_capacitance","","_236_:A","","","MAX","","RISE","",0
"pin_capacitance","","_236_:A","","","MAX","","FALL","",0
"pin_capacitance","","_236_:B","","","MIN","","RISE","",0
"pin_capacitance","","_236_:B","","","MIN","","FALL","",0
"pin_capacitance","","_236_:B","","","MAX","","RISE","",0
"pin_capacitance","","_236_:B","","","MAX","","FALL","",0
"pin_capacitance","","_236_:C","","","MIN","","RISE","",0
"pin_capacitance","","_236_:C","","","MIN","","FALL","",0
"pin_capacitance","","_236_:C","","","MAX","","RISE","",0
"pin_capacitance","","_236_:C","","","MAX","","FALL","",0
"pin_capacitance","","_236_:Y","","","MIN","","RISE","",0
"pin_capacitance","","_236_:Y","","","MIN","","FALL","",0
"pin_capacitance","","_236_:Y","","","MAX","","RISE","",0
"pin_capacitance","","_236_:Y","","","MAX","","FALL","",0
"pin_capacitance","","_237_:A","","","MIN","","RISE","",0
"pin_capacitance","","_237_:A","","","MIN","","FALL","",0
"pin_capacitance","","_237_:A","","","MAX","","RISE","",0
"pin_capacitance","","_237_:A","","","MAX","","FALL","",0
"pin_capacitance","","_237_:B","","","MIN","","RISE","",0
"pin_capacitance","","_237_:B","","","MIN","","FALL","",0
"pin_capacitance","","_237_:B","","","MAX","","RISE","",0
"pin_capacitance","","_237_:B","","","MAX","","FALL","",0
"pin_capacitance","","_237_:C","","","MIN","","RISE","",0
"pin_capacitance","","_237_:C","","","MIN","","FALL","",0
"pin_capacitance","","_237_:C","","","MAX","","RISE","",0
"pin_capacitance","","_237_:C","","","MAX","","FALL","",0
"pin_capacitance","","_237_:Y","","","MIN","","RISE","",0
"pin_capacitance","","_237_:Y","","","MIN","","FALL","",0
"pin_capacitance","","_237_:Y","","","MAX","","RISE","",0
"pin_capacitance","","_237_:Y","","","MAX","","FALL","",0
"pin_capacitance","","_238_:A","","","MIN","","RISE","",0
"pin_capacitance","","_238_:A","","","MIN","","FALL","",0
"pin_capacitance","","_238_:A","","","MAX","","RISE","",0
"pin_capacitance","","_238_:A","","","MAX","","FALL","",0
"pin_capacitance","","_238_:Y","","","MIN","","RISE","",0
"pin_capacitance","","_238_:Y","","","MIN","","FALL","",0
"pin_capacitance","","_238_:Y","","","MAX","","RISE","",0
"pin_capacitance","","_238_:Y","","","MAX","","FALL","",0
"pin_capacitance","","_239_:A","","","MIN","","RISE","",0
"pin_capacitance","","_239_:A","","","MIN","","FALL","",0
"pin_capacitance","","_239_:A","","","MAX","","RISE","",0
"pin_capacitance","","_239_:A","","","MAX","","FALL","",0
"pin_capacitance","","_239_:B","","","MIN","","RISE","",0
"pin_capacitance","","_239_:B","","","MIN","","FALL","",0
"pin_capacitance","","_239_:B","","","MAX","","RISE","",0
"pin_capacitance","","_239_:B","","","MAX","","FALL","",0
"pin_capacitance","","_239_:C","","","MIN","","RISE","",0
"pin_capacitance","","_239_:C","","","MIN","","FALL","",0
"pin_capacitance","","_239_:C","","","MAX","","RISE","",0
"pin_capacitance","","_239_:C","","","MAX","","FALL","",0
"pin_capacitance","","_239_:Y","","","MIN","","RISE","",0
"pin_capacitance","","_239_:Y","","","MIN","","FALL","",0
"pin_capacitance","","_239_:Y","","","MAX","","RISE","",0
"pin_capacitance","","_239_:Y","","","MAX","","FALL","",0
"pin_capacitance","","_240_:A","","","MIN","","RISE","",0
"pin_capacitance","","_240_:A","","","MIN","","FALL","",0
"pin_capacitance","","_240_:A","","","MAX","","RISE","",0
"pin_capacitance","","_240_:A","","","MAX","","FALL","",0
"pin_capacitance","","_240_:B","","","MIN","","RISE","",0
"pin_capacitance","","_240_:B","","","MIN","","FALL","",0
"pin_capacitance","","_240_:B","","","MAX","","RISE","",0
"pin_capacitance","","_240_:B","","","MAX","","FALL","",0
"pin_capacitance","","_240_:C","","","MIN","","RISE","",0
"pin_capacitance","","_240_:C","","","MIN","","FALL","",0
"pin_capacitance","","_240_:C","","","MAX","","RISE","",0
"pin_capacitance","","_240_:C","","","MAX","","FALL","",0
"pin_capacitance","","_240_:Y","","","MIN","","RISE","",0
"pin_capacitance","","_240_:Y","","","MIN","","FALL","",0
"pin_capacitance","","_240_:Y","","","MAX","","RISE","",0
"pin_capacitance","","_240_:Y","","","MAX","","FALL","",0
"pin_capacitance","","_241_:A","","","MIN","","RISE","",0
"pin_capacitance","","_241_:A","","","MIN","","FALL","",0
"pin_capacitance","","_241_:A","","","MAX","","RISE","",-3.065865365847082e-23
"pin_capacitance","","_241_:A","","","MAX","","FALL","",0
"pin_capacitance","","_241_:B","","","MIN","","RISE","",0
"pin_capacitance","","_241_:B","","","MIN","","FALL","",0
"pin_capacitance","","_241_:B","","","MAX","","RISE","",0
"pin_capacitance","","_241_:B","","","MAX","","FALL","",0
"pin_capacitance","","_241_:Y","","","MIN","","RISE","",0
"pin_capacitance","","_241_:Y","","","MIN","","FALL","",0
"pin_capacitance","","_241_:Y","","","MAX","","RISE","",0
"pin_capacitance","","_241_:Y","","","MAX","","FALL","",0
"pin_capacitance","","_242_:A","","","MIN","","RISE","",0
"pin_capacitance","","_242_:A","","","MIN","","FALL","",0
"pin_capacitance","","_242_:A","","","MAX","","RISE","",0
"pin_capacitance","","_242_:A","","","MAX","","FALL","",0
"pin_capacitance","","_242_:B","","","MIN","","RISE","",0
"pin_capacitance","","_242_:B","","","MIN","","FALL","",0
"pin_capacitance","","_242_:B","","","MAX","","RISE","",0
"pin_capacitance","","_242_:B","","","MAX","","FALL","",0
"pin_capacitance","","_242_:C","","","MIN","","RISE","",0
"pin_capacitance","","_242_:C","","","MIN","","FALL","",0
"pin_capacitance","","_242_:C","","","MAX","","RISE","",0
"pin_capacitance","","_242_:C","","","MAX","","FALL","",0
"pin_capacitance","","_242_:Y","","","MIN","","RISE","",0
"pin_capacitance","","_242_:Y","","","MIN","","FALL","",0
"pin_capacitance","","_242_:Y","","","MAX","","RISE","",0
"pin_capacitance","","_242_:Y","","","MAX","","FALL","",0
"pin_capacitance","","_243_:A","","","MIN","","RISE","",0
"pin_capacitance","","_243_:A","","","MIN","","FALL","",0
"pin_capacitance","","_243_:A","","","MAX","","RISE","",0
"pin_capacitance","","_243_:A","","","MAX","","FALL","",0
"pin_capacitance","","_243_:B","","","MIN","","RISE","",0
"pin_capacitance","","_243_:B","","","MIN","","FALL","",0
"pin_capacitance","","_243_:B","","","MAX","","RISE","",0
"pin_capacitance","","_243_:B","","","MAX","","FALL","",0
"pin_capacitance","","_243_:Y","","","MIN","","RISE","",0
"pin_capacitance","","_243_:Y","","","MIN","","FALL","",0
"pin_capacitance","","_243_:Y","","","MAX","","RISE","",0
"pin_capacitance","","_243_:Y","","","MAX","","FALL","",0
"pin_capacitance","","_244_:A","","","MIN","","RISE","",0
"pin_capacitance","","_244_:A","","","MIN","","FALL","",0
"pin_capacitance","","_244_:A","","","MAX","","RISE","",0
"pin_capacitance","","_244_:A","","","MAX","","FALL","",0
"pin_capacitance","","_244_:B","","","MIN","","RISE","",0
"pin_capacitance","","_244_:B","","","MIN","","FALL","",0
"pin_capacitance","","_244_:B","","","MAX","","RISE","",0
"pin_capacitance","","_244_:B","","","MAX","","FALL","",0
"pin_capacitance","","_244_:C","","","MIN","","RISE","",0
"pin_capacitance","","_244_:C","","","MIN","","FALL","",0
"pin_capacitance","","_244_:C","","","MAX","","RISE","",0
"pin_capacitance","","_244_:C","","","MAX","","FALL","",0
"pin_capacitance","","_244_:Y","","","MIN","","RISE","",0
"pin_capacitance","","_244_:Y","","","MIN","","FALL","",0
"pin_capacitance","","_244_:Y","","","MAX","","RISE","",0
"pin_capacitance","","_244_:Y","","","MAX","","FALL","",0
"pin_capacitance","","_245_:A","","","MIN","","RISE","",0
"pin_capacitance","","_245_:A","","","MIN","","FALL","",0
"pin_capacitance","","_245_:A","","","MAX","","RISE","",-3.065865365847082e-23
"pin_capacitance","","_245_:A","","","MAX","","FALL","",0
"pin_capacitance","","_245_:B","","","MIN","","RISE","",0
"pin_capacitance","","_245_:B","","","MIN","","FALL","",0
"pin_capacitance","","_245_:B","","","MAX","","RISE","",0
"pin_capacitance","","_245_:B","","","MAX","","FALL","",0
"pin_capacitance","","_245_:C","","","MIN","","RISE","",0
"pin_capacitance","","_245_:C","","","MIN","","FALL","",0
"pin_capacitance","","_245_:C","","","MAX","","RISE","",-8.1560368993117837e-52
"pin_capacitance","","_245_:C","","","MAX","","FALL","",0
"pin_capacitance","","_245_:Y","","","MIN","","RISE","",0
"pin_capacitance","","_245_:Y","","","MIN","","FALL","",0
"pin_capacitance","","_245_:Y","","","MAX","","RISE","",0
"pin_capacitance","","_245_:Y","","","MAX","","FALL","",0
"pin_capacitance","","_246_:A","","","MIN","","RISE","",0
"pin_capacitance","","_246_:A","","","MIN","","FALL","",0
"pin_capacitance","","_246_:A","","","MAX","","RISE","",0
"pin_capacitance","","_246_:A","","","MAX","","FALL","",0
"pin_capacitance","","_246_:B","","","MIN","","RISE","",0
"pin_capacitance","","_246_:B","","","MIN","","FALL","",0
"pin_capacitance","","_246_:B","","","MAX","","RISE","",0
"pin_capacitance","","_246_:B","","","MAX","","FALL","",0
"pin_capacitance","","_246_:Y","","","MIN","","RISE","",0
"pin_capacitance","","_246_:Y","","","MIN","","FALL","",0
"pin_capacitance","","_246_:Y","","","MAX","","RISE","",0
"pin_capacitance","","_246_:Y","","","MAX","","FALL","",0
"pin_capacitance","","_247_:A","","","MIN","","RISE","",0
"pin_capacitance","","_247_:A","","","MIN","","FALL","",0
"pin_capacitance","","_247_:A","","","MAX","","RISE","",0
"pin_capacitance","","_247_:A","","","MAX","","FALL","",0
"pin_capacitance","","_247_:B","","","MIN","","RISE","",0
"pin_capacitance","","_247_:B","","","MIN","","FALL","",0
"pin_capacitance","","_247_:B","","","MAX","","RISE","",0
"pin_capacitance","","_247_:B","","","MAX","","FALL","",0
"pin_capacitance","","_247_:C","","","MIN","","RISE","",0
"pin_capacitance","","_247_:C","","","MIN","","FALL","",0
"pin_capacitance","","_247_:C","","","MAX","","RISE","",0
"pin_capacitance","","_247_:C","","","MAX","","FALL","",0
"pin_capacitance","","_247_:D","","","MIN","","RISE","",0
"pin_capacitance","","_247_:D","","","MIN","","FALL","",0
"pin_capacitance","","_247_:D","","","MAX","","RISE","",0
"pin_capacitance","","_247_:D","","","MAX","","FALL","",0
"pin_capacitance","","_247_:Y","","","MIN","","RISE","",0
"pin_capacitance","","_247_:Y","","","MIN","","FALL","",0
"pin_capacitance","","_247_:Y","","","MAX","","RISE","",0
"pin_capacitance","","_247_:Y","","","MAX","","FALL","",0
"pin_capacitance","","_248_:A","","","MIN","","RISE","",0
"pin_capacitance","","_248_:A","","","MIN","","FALL","",0
"pin_capacitance","","_248_:A","","","MAX","","RISE","",0
"pin_capacitance","","_248_:A","","","MAX","","FALL","",0
"pin_capacitance","","_248_:B","","","MIN","","RISE","",0
"pin_capacitance","","_248_:B","","","MIN","","FALL","",0
"pin_capacitance","","_248_:B","","","MAX","","RISE","",0
"pin_capacitance","","_248_:B","","","MAX","","FALL","",0
"pin_capacitance","","_248_:C","","","MIN","","RISE","",0
"pin_capacitance","","_248_:C","","","MIN","","FALL","",0
"pin_capacitance","","_248_:C","","","MAX","","RISE","",0
"pin_capacitance","","_248_:C","","","MAX","","FALL","",0
"pin_capacitance","","_248_:Y","","","MIN","","RISE","",0
"pin_capacitance","","_248_:Y","","","MIN","","FALL","",0
"pin_capacitance","","_248_:Y","","","MAX","","RISE","",0
"pin_capacitance","","_248_:Y","","","MAX","","FALL","",0
"pin_capacitance","","_249_:A","","","MIN","","RISE","",0
"pin_capacitance","","_249_:A","","","MIN","","FALL","",0
"pin_capacitance","","_249_:A","","","MAX","","RISE","",0
"pin_capacitance","","_249_:A","","","MAX","","FALL","",0
"pin_capacitance","","_249_:B","","","MIN","","RISE","",0
"pin_capacitance","","_249_:B","","","MIN","","FALL","",0
"pin_capacitance","","_249_:B","","","MAX","","RISE","",0
"pin_capacitance","","_249_:B","","","MAX","","FALL","",0
"pin_capacitance","","_249_:C","","","MIN","","RISE","",0
"pin_capacitance","","_249_:C","","","MIN","","FALL","",0
"pin_capacitance","","_249_:C","","","MAX","","RISE","",0
"pin_capacitance","","_249_:C","","","MAX","","FALL","",0
"pin_capacitance","","_249_:Y","","","MIN","","RISE","",0
"pin_capacitance","","_249_:Y","","","MIN","","FALL","",0
"pin_capacitance","","_249_:Y","","","MAX","","RISE","",0
"pin_capacitance","","_249_:Y","","","MAX","","FALL","",0
"pin_capacitance","","_250_:A","","","MIN","","RISE","",0
"pin_capacitance","","_250_:A","","","MIN","","FALL","",0
"pin_capacitance","","_250_:A","","","MAX","","RISE","",0
"pin_capacitance","","_250_:A","","","MAX","","FALL","",0
"pin_capacitance","","_250_:B","","","MIN","","RISE","",0
"pin_capacitance","","_250_:B","","","MIN","","FALL","",0
"pin_capacitance","","_250_:B","","","MAX","","RISE","",0
"pin_capacitance","","_250_:B","","","MAX","","FALL","",0
"pin_capacitance","","_250_:C","","","MIN","","RISE","",0
"pin_capacitance","","_250_:C","","","MIN","","FALL","",0
"pin_capacitance","","_250_:C","","","MAX","","RISE","",0
"pin_capacitance","","_250_:C","","","MAX","","FALL","",0
"pin_capacitance","","_250_:Y","","","MIN","","RISE","",0
"pin_capacitance","","_250_:Y","","","MIN","","FALL","",0
"pin_capacitance","","_250_:Y","","","MAX","","RISE","",0
"pin_capacitance","","_250_:Y","","","MAX","","FALL","",0
"pin_capacitance","","_251_:A","","","MIN","","RISE","",0
"pin_capacitance","","_251_:A","","","MIN","","FALL","",0
"pin_capacitance","","_251_:A","","","MAX","","RISE","",-1.0562365968453662e-26
"pin_capacitance","","_251_:A","","","MAX","","FALL","",0
"pin_capacitance","","_251_:B","","","MIN","","RISE","",0
"pin_capacitance","","_251_:B","","","MIN","","FALL","",0
"pin_capacitance","","_251_:B","","","MAX","","RISE","",0
"pin_capacitance","","_251_:B","","","MAX","","FALL","",0
"pin_capacitance","","_251_:Y","","","MIN","","RISE","",0
"pin_capacitance","","_251_:Y","","","MIN","","FALL","",0
"pin_capacitance","","_251_:Y","","","MAX","","RISE","",0
"pin_capacitance","","_251_:Y","","","MAX","","FALL","",0
"pin_capacitance","","_252_:A","","","MIN","","RISE","",0
"pin_capacitance","","_252_:A","","","MIN","","FALL","",0
"pin_capacitance","","_252_:A","","","MAX","","RISE","",-1.0562365968453662e-26
"pin_capacitance","","_252_:A","","","MAX","","FALL","",0
"pin_capacitance","","_252_:B","","","MIN","","RISE","",0
"pin_capacitance","","_252_:B","","","MIN","","FALL","",0
"pin_capacitance","","_252_:B","","","MAX","","RISE","",0
"pin_capacitance","","_252_:B","","","MAX","","FALL","",0
"pin_capacitance","","_252_:Y","","","MIN","","RISE","",0
"pin_capacitance","","_252_:Y","","","MIN","","FALL","",0
"pin_capacitance","","_252_:Y","","","MAX","","RISE","",0
"pin_capacitance","","_252_:Y","","","MAX","","FALL","",0
"pin_capacitance","","_253_:A","","","MIN","","RISE","",0
"pin_capacitance","","_253_:A","","","MIN","","FALL","",0
"pin_capacitance","","_253_:A","","","MAX","","RISE","",0
"pin_capacitance","","_253_:A","","","MAX","","FALL","",0
"pin_capacitance","","_253_:B","","","MIN","","RISE","",0
"pin_capacitance","","_253_:B","","","MIN","","FALL","",0
"pin_capacitance","","_253_:B","","","MAX","","RISE","",0
"pin_capacitance","","_253_:B","","","MAX","","FALL","",0
"pin_capacitance","","_253_:C","","","MIN","","RISE","",0
"pin_capacitance","","_253_:C","","","MIN","","FALL","",0
"pin_capacitance","","_253_:C","","","MAX","","RISE","",0
"pin_capacitance","","_253_:C","","","MAX","","FALL","",0
"pin_capacitance","","_253_:Y","","","MIN","","RISE","",0
"pin_capacitance","","_253_:Y","","","MIN","","FALL","",0
"pin_capacitance","","_253_:Y","","","MAX","","RISE","",0
"pin_capacitance","","_253_:Y","","","MAX","","FALL","",0
"pin_capacitance","","_254_:A","","","MIN","","RISE","",0
"pin_capacitance","","_254_:A","","","MIN","","FALL","",0
"pin_capacitance","","_254_:A","","","MAX","","RISE","",0
"pin_capacitance","","_254_:A","","","MAX","","FALL","",0
"pin_capacitance","","_254_:B","","","MIN","","RISE","",0
"pin_capacitance","","_254_:B","","","MIN","","FALL","",0
"pin_capacitance","","_254_:B","","","MAX","","RISE","",0
"pin_capacitance","","_254_:B","","","MAX","","FALL","",0
"pin_capacitance","","_254_:C","","","MIN","","RISE","",0
"pin_capacitance","","_254_:C","","","MIN","","FALL","",0
"pin_capacitance","","_254_:C","","","MAX","","RISE","",0
"pin_capacitance","","_254_:C","","","MAX","","FALL","",0
"pin_capacitance","","_254_:Y","","","MIN","","RISE","",0
"pin_capacitance","","_254_:Y","","","MIN","","FALL","",0
"pin_capacitance","","_254_:Y","","","MAX","","RISE","",0
"pin_capacitance","","_254_:Y","","","MAX","","FALL","",0
"pin_capacitance","","_255_:A","","","MIN","","RISE","",0
"pin_capacitance","","_255_:A","","","MIN","","FALL","",0
"pin_capacitance","","_255_:A","","","MAX","","RISE","",0
"pin_capacitance","","_255_:A","","","MAX","","FALL","",0
"pin_capacitance","","_255_:B","","","MIN","","RISE","",0
"pin_capacitance","","_255_:B","","","MIN","","FALL","",0
"pin_capacitance","","_255_:B","","","MAX","","RISE","",0
"pin_capacitance","","_255_:B","","","MAX","","FALL","",0
"pin_capacitance","","_255_:C","","","MIN","","RISE","",0
"pin_capacitance","","_255_:C","","","MIN","","FALL","",0
"pin_capacitance","","_255_:C","","","MAX","","RISE","",0
"pin_capacitance","","_255_:C","","","MAX","","FALL","",0
"pin_capacitance","","_255_:Y","","","MIN","","RISE","",0
"pin_capacitance","","_255_:Y","","","MIN","","FALL","",0
"pin_capacitance","","_255_:Y","","","MAX","","RISE","",0
"pin_capacitance","","_255_:Y","","","MAX","","FALL","",0
"pin_capacitance","","_256_:A","","","MIN","","RISE","",0
"pin_capacitance","","_256_:A","","","MIN","","FALL","",0
"pin_capacitance","","_256_:A","","","MAX","","RISE","",-3.5040047484527742e-37
"pin_capacitance","","_256_:A","","","MAX","","FALL","",0
"pin_capacitance","","_256_:B","","","MIN","","RISE","",0
"pin_capacitance","","_256_:B","","","MIN","","FALL","",0
"pin_capacitance","","_256_:B","","","MAX","","RISE","",0
"pin_capacitance","","_256_:B","","","MAX","","FALL","",0
"pin_capacitance","","_256_:Y","","","MIN","","RISE","",0
"pin_capacitance","","_256_:Y","","","MIN","","FALL","",0
"pin_capacitance","","_256_:Y","","","MAX","","RISE","",0
"pin_capacitance","","_256_:Y","","","MAX","","FALL","",0
"pin_capacitance","","_257_:A","","","MIN","","RISE","",0
"pin_capacitance","","_257_:A","","","MIN","","FALL","",0
"pin_capacitance","","_257_:A","","","MAX","","RISE","",0
"pin_capacitance","","_257_:A","","","MAX","","FALL","",0
"pin_capacitance","","_257_:B","","","MIN","","RISE","",0
"pin_capacitance","","_257_:B","","","MIN","","FALL","",0
"pin_capacitance","","_257_:B","","","MAX","","RISE","",0
"pin_capacitance","","_257_:B","","","MAX","","FALL","",0
"pin_capacitance","","_257_:C","","","MIN","","RISE","",0
"pin_capacitance","","_257_:C","","","MIN","","FALL","",0
"pin_capacitance","","_257_:C","","","MAX","","RISE","",0
"pin_capacitance","","_257_:C","","","MAX","","FALL","",0
"pin_capacitance","","_257_:Y","","","MIN","","RISE","",0
"pin_capacitance","","_257_:Y","","","MIN","","FALL","",0
"pin_capacitance","","_257_:Y","","","MAX","","RISE","",0
"pin_capacitance","","_257_:Y","","","MAX","","FALL","",0
"pin_capacitance","","_258_:A","","","MIN","","RISE","",0
"pin_capacitance","","_258_:A","","","MIN","","FALL","",0
"pin_capacitance","","_258_:A","","","MAX","","RISE","",0
"pin_capacitance","","_258_:A","","","MAX","","FALL","",0
"pin_capacitance","","_258_:B","","","MIN","","RISE","",0
"pin_capacitance","","_258_:B","","","MIN","","FALL","",0
"pin_capacitance","","_258_:B","","","MAX","","RISE","",0
"pin_capacitance","","_258_:B","","","MAX","","FALL","",0
"pin_capacitance","","_258_:C","","","MIN","","RISE","",0
"pin_capacitance","","_258_:C","","","MIN","","FALL","",0
"pin_capacitance","","_258_:C","","","MAX","","RISE","",0
"pin_capacitance","","_258_:C","","","MAX","","FALL","",0
"pin_capacitance","","_258_:Y","","","MIN","","RISE","",0
"pin_capacitance","","_258_:Y","","","MIN","","FALL","",0
"pin_capacitance","","_258_:Y","","","MAX","","RISE","",0
"pin_capacitance","","_258_:Y","","","MAX","","FALL","",0
"pin_capacitance","","_259_:A","","","MIN","","RISE","",0
"pin_capacitance","","_259_:A","","","MIN","","FALL","",0
"pin_capacitance","","_259_:A","","","MAX","","RISE","",0
"pin_capacitance","","_259_:A","","","MAX","","FALL","",0
"pin_capacitance","","_259_:B","","","MIN","","RISE","",0
"pin_capacitance","","_259_:B","","","MIN","","FALL","",0
"pin_capacitance","","_259_:B","","","MAX","","RISE","",0
"pin_capacitance","","_259_:B","","","MAX","","FALL","",0
"pin_capacitance","","_259_:C","","","MIN","","RISE","",0
"pin_capacitance","","_259_:C","","","MIN","","FALL","",0
"pin_capacitance","","_259_:C","","","MAX","","RISE","",0
"pin_capacitance","","_259_:C","","","MAX","","FALL","",0
"pin_capacitance","","_259_:Y","","","MIN","","RISE","",0
"pin_capacitance","","_259_:Y","","","MIN","","FALL","",0
"pin_capacitance","","_259_:Y","","","MAX","","RISE","",0
"pin_capacitance","","_259_:Y","","","MAX","","FALL","",0
"pin_capacitance","","_260_:A","","","MIN","","RISE","",0
"pin_capacitance","","_260_:A","","","MIN","","FALL","",0
"pin_capacitance","","_260_:A","","","MAX","","RISE","",0
"pin_capacitance","","_260_:A","","","MAX","","FALL","",0
"pin_capacitance","","_260_:B","","","MIN","","RISE","",0
"pin_capacitance","","_260_:B","","","MIN","","FALL","",0
"pin_capacitance","","_260_:B","","","MAX","","RISE","",0
"pin_capacitance","","_260_:B","","","MAX","","FALL","",0
"pin_capacitance","","_260_:Y","","","MIN","","RISE","",0
"pin_capacitance","","_260_:Y","","","MIN","","FALL","",0
"pin_capacitance","","_260_:Y","","","MAX","","RISE","",0
"pin_capacitance","","_260_:Y","","","MAX","","FALL","",0
"pin_capacitance","","_261_:A","","","MIN","","RISE","",0
"pin_capacitance","","_261_:A","","","MIN","","FALL","",0
"pin_capacitance","","_261_:A","","","MAX","","RISE","",0
"pin_capacitance","","_261_:A","","","MAX","","FALL","",0
"pin_capacitance","","_261_:B","","","MIN","","RISE","",0
"pin_capacitance","","_261_:B","","","MIN","","FALL","",0
"pin_capacitance","","_261_:B","","","MAX","","RISE","",0
"pin_capacitance","","_261_:B","","","MAX","","FALL","",0
"pin_capacitance","","_261_:Y","","","MIN","","RISE","",0
"pin_capacitance","","_261_:Y","","","MIN","","FALL","",0
"pin_capacitance","","_261_:Y","","","MAX","","RISE","",0
"pin_capacitance","","_261_:Y","","","MAX","","FALL","",0
"pin_capacitance","","_262_:A","","","MIN","","RISE","",0
"pin_capacitance","","_262_:A","","","MIN","","FALL","",0
"pin_capacitance","","_262_:A","","","MAX","","RISE","",0
"pin_capacitance","","_262_:A","","","MAX","","FALL","",0
"pin_capacitance","","_262_:B","","","MIN","","RISE","",0
"pin_capacitance","","_262_:B","","","MIN","","FALL","",0
"pin_capacitance","","_262_:B","","","MAX","","RISE","",0
"pin_capacitance","","_262_:B","","","MAX","","FALL","",0
"pin_capacitance","","_262_:C","","","MIN","","RISE","",0
"pin_capacitance","","_262_:C","","","MIN","","FALL","",0
"pin_capacitance","","_262_:C","","","MAX","","RISE","",-6.9659327995839352e-51
"pin_capacitance","","_262_:C","","","MAX","","FALL","",0
"pin_capacitance","","_262_:Y","","","MIN","","RISE","",0
"pin_capacitance","","_262_:Y","","","MIN","","FALL","",0
"pin_capacitance","","_262_:Y","","","MAX","","RISE","",0
"pin_capacitance","","_262_:Y","","","MAX","","FALL","",0
"pin_capacitance","","_263_:A","","","MIN","","RISE","",0
"pin_capacitance","","_263_:A","","","MIN","","FALL","",0
"pin_capacitance","","_263_:A","","","MAX","","RISE","",0
"pin_capacitance","","_263_:A","","","MAX","","FALL","",0
"pin_capacitance","","_263_:B","","","MIN","","RISE","",0
"pin_capacitance","","_263_:B","","","MIN","","FALL","",0
"pin_capacitance","","_263_:B","","","MAX","","RISE","",0
"pin_capacitance","","_263_:B","","","MAX","","FALL","",0
"pin_capacitance","","_263_:Y","","","MIN","","RISE","",0
"pin_capacitance","","_263_:Y","","","MIN","","FALL","",0
"pin_capacitance","","_263_:Y","","","MAX","","RISE","",0
"pin_capacitance","","_263_:Y","","","MAX","","FALL","",0
"pin_capacitance","","_264_:A","","","MIN","","RISE","",0
"pin_capacitance","","_264_:A","","","MIN","","FALL","",0
"pin_capacitance","","_264_:A","","","MAX","","RISE","",0
"pin_capacitance","","_264_:A","","","MAX","","FALL","",0
"pin_capacitance","","_264_:B","","","MIN","","RISE","",0
"pin_capacitance","","_264_:B","","","MIN","","FALL","",0
"pin_capacitance","","_264_:B","","","MAX","","RISE","",0
"pin_capacitance","","_264_:B","","","MAX","","FALL","",0
"pin_capacitance","","_264_:C","","","MIN","","RISE","",0
"pin_capacitance","","_264_:C","","","MIN","","FALL","",0
"pin_capacitance","","_264_:C","","","MAX","","RISE","",0
"pin_capacitance","","_264_:C","","","MAX","","FALL","",0
"pin_capacitance","","_264_:D","","","MIN","","RISE","",0
"pin_capacitance","","_264_:D","","","MIN","","FALL","",0
"pin_capacitance","","_264_:D","","","MAX","","RISE","",0
"pin_capacitance","","_264_:D","","","MAX","","FALL","",0
"pin_capacitance","","_264_:Y","","","MIN","","RISE","",0
"pin_capacitance","","_264_:Y","","","MIN","","FALL","",0
"pin_capacitance","","_264_:Y","","","MAX","","RISE","",0
"pin_capacitance","","_264_:Y","","","MAX","","FALL","",0
"pin_capacitance","","_265_:A","","","MIN","","RISE","",0
"pin_capacitance","","_265_:A","","","MIN","","FALL","",0
"pin_capacitance","","_265_:A","","","MAX","","RISE","",0
"pin_capacitance","","_265_:A","","","MAX","","FALL","",0
"pin_capacitance","","_265_:B","","","MIN","","RISE","",0
"pin_capacitance","","_265_:B","","","MIN","","FALL","",0
"pin_capacitance","","_265_:B","","","MAX","","RISE","",0
"pin_capacitance","","_265_:B","","","MAX","","FALL","",0
"pin_capacitance","","_265_:Y","","","MIN","","RISE","",0
"pin_capacitance","","_265_:Y","","","MIN","","FALL","",0
"pin_capacitance","","_265_:Y","","","MAX","","RISE","",0
"pin_capacitance","","_265_:Y","","","MAX","","FALL","",0
"pin_capacitance","","_266_:A","","","MIN","","RISE","",0
"pin_capacitance","","_266_:A","","","MIN","","FALL","",0
"pin_capacitance","","_266_:A","","","MAX","","RISE","",-3.6904853407815301e-24
"pin_capacitance","","_266_:A","","","MAX","","FALL","",0
"pin_capacitance","","_266_:B","","","MIN","","RISE","",0
"pin_capacitance","","_266_:B","","","MIN","","FALL","",0
"pin_capacitance","","_266_:B","","","MAX","","RISE","",0
"pin_capacitance","","_266_:B","","","MAX","","FALL","",0
"pin_capacitance","","_266_:Y","","","MIN","","RISE","",0
"pin_capacitance","","_266_:Y","","","MIN","","FALL","",0
"pin_capacitance","","_266_:Y","","","MAX","","RISE","",0
"pin_capacitance","","_266_:Y","","","MAX","","FALL","",0
"pin_capacitance","","_267_:A","","","MIN","","RISE","",0
"pin_capacitance","","_267_:A","","","MIN","","FALL","",0
"pin_capacitance","","_267_:A","","","MAX","","RISE","",-3.6904853407815301e-24
"pin_capacitance","","_267_:A","","","MAX","","FALL","",0
"pin_capacitance","","_267_:B","","","MIN","","RISE","",0
"pin_capacitance","","_267_:B","","","MIN","","FALL","",0
"pin_capacitance","","_267_:B","","","MAX","","RISE","",0
"pin_capacitance","","_267_:B","","","MAX","","FALL","",0
"pin_capacitance","","_267_:Y","","","MIN","","RISE","",0
"pin_capacitance","","_267_:Y","","","MIN","","FALL","",0
"pin_capacitance","","_267_:Y","","","MAX","","RISE","",0
"pin_capacitance","","_267_:Y","","","MAX","","FALL","",0
"pin_capacitance","","_268_:A","","","MIN","","RISE","",0
"pin_capacitance","","_268_:A","","","MIN","","FALL","",0
"pin_capacitance","","_268_:A","","","MAX","","RISE","",0
"pin_capacitance","","_268_:A","","","MAX","","FALL","",0
"pin_capacitance","","_268_:B","","","MIN","","RISE","",0
"pin_capacitance","","_268_:B","","","MIN","","FALL","",0
"pin_capacitance","","_268_:B","","","MAX","","RISE","",0
"pin_capacitance","","_268_:B","","","MAX","","FALL","",0
"pin_capacitance","","_268_:S","","","MIN","","RISE","",0
"pin_capacitance","","_268_:S","","","MIN","","FALL","",0
"pin_capacitance","","_268_:S","","","MAX","","RISE","",0
"pin_capacitance","","_268_:S","","","MAX","","FALL","",0
"pin_capacitance","","_268_:Y","","","MIN","","RISE","",0
"pin_capacitance","","_268_:Y","","","MIN","","FALL","",0
"pin_capacitance","","_268_:Y","","","MAX","","RISE","",0
"pin_capacitance","","_268_:Y","","","MAX","","FALL","",0
"pin_capacitance","","_269_:A","","","MIN","","RISE","",0
"pin_capacitance","","_269_:A","","","MIN","","FALL","",0
"pin_capacitance","","_269_:A","","","MAX","","RISE","",0
"pin_capacitance","","_269_:A","","","MAX","","FALL","",0
"pin_capacitance","","_269_:B","","","MIN","","RISE","",0
"pin_capacitance","","_269_:B","","","MIN","","FALL","",0
"pin_capacitance","","_269_:B","","","MAX","","RISE","",0
"pin_capacitance","","_269_:B","","","MAX","","FALL","",0
"pin_capacitance","","_269_:Y","","","MIN","","RISE","",0
"pin_capacitance","","_269_:Y","","","MIN","","FALL","",0
"pin_capacitance","","_269_:Y","","","MAX","","RISE","",0
"pin_capacitance","","_269_:Y","","","MAX","","FALL","",0
"pin_capacitance","","_270_:A","","","MIN","","RISE","",0
"pin_capacitance","","_270_:A","","","MIN","","FALL","",0
"pin_capacitance","","_270_:A","","","MAX","","RISE","",0
"pin_capacitance","","_270_:A","","","MAX","","FALL","",0
"pin_capacitance","","_270_:B","","","MIN","","RISE","",0
"pin_capacitance","","_270_:B","","","MIN","","FALL","",0
"pin_capacitance","","_270_:B","","","MAX","","RISE","",0
"pin_capacitance","","_270_:B","","","MAX","","FALL","",0
"pin_capacitance","","_270_:C","","","MIN","","RISE","",0
"pin_capacitance","","_270_:C","","","MIN","","FALL","",0
"pin_capacitance","","_270_:C","","","MAX","","RISE","",0
"pin_capacitance","","_270_:C","","","MAX","","FALL","",0
"pin_capacitance","","_270_:Y","","","MIN","","RISE","",0
"pin_capacitance","","_270_:Y","","","MIN","","FALL","",0
"pin_capacitance","","_270_:Y","","","MAX","","RISE","",0
"pin_capacitance","","_270_:Y","","","MAX","","FALL","",0
"pin_capacitance","","_271_:A","","","MIN","","RISE","",0
"pin_capacitance","","_271_:A","","","MIN","","FALL","",0
"pin_capacitance","","_271_:A","","","MAX","","RISE","",0
"pin_capacitance","","_271_:A","","","MAX","","FALL","",0
"pin_capacitance","","_271_:B","","","MIN","","RISE","",0
"pin_capacitance","","_271_:B","","","MIN","","FALL","",0
"pin_capacitance","","_271_:B","","","MAX","","RISE","",0
"pin_capacitance","","_271_:B","","","MAX","","FALL","",0
"pin_capacitance","","_271_:Y","","","MIN","","RISE","",0
"pin_capacitance","","_271_:Y","","","MIN","","FALL","",0
"pin_capacitance","","_271_:Y","","","MAX","","RISE","",0
"pin_capacitance","","_271_:Y","","","MAX","","FALL","",0
"pin_capacitance","","_272_:A","","","MIN","","RISE","",0
"pin_capacitance","","_272_:A","","","MIN","","FALL","",0
"pin_capacitance","","_272_:A","","","MAX","","RISE","",0
"pin_capacitance","","_272_:A","","","MAX","","FALL","",0
"pin_capacitance","","_272_:B","","","MIN","","RISE","",0
"pin_capacitance","","_272_:B","","","MIN","","FALL","",0
"pin_capacitance","","_272_:B","","","MAX","","RISE","",-1.3941423244439474e-32
"pin_capacitance","","_272_:B","","","MAX","","FALL","",0
"pin_capacitance","","_272_:Y","","","MIN","","RISE","",0
"pin_capacitance","","_272_:Y","","","MIN","","FALL","",0
"pin_capacitance","","_272_:Y","","","MAX","","RISE","",0
"pin_capacitance","","_272_:Y","","","MAX","","FALL","",0
"pin_capacitance","","_273_:A","","","MIN","","RISE","",0
"pin_capacitance","","_273_:A","","","MIN","","FALL","",0
"pin_capacitance","","_273_:A","","","MAX","","RISE","",0
"pin_capacitance","","_273_:A","","","MAX","","FALL","",0
"pin_capacitance","","_273_:B","","","MIN","","RISE","",0
"pin_capacitance","","_273_:B","","","MIN","","FALL","",0
"pin_capacitance","","_273_:B","","","MAX","","RISE","",-5.3290035723923737e-30
"pin_capacitance","","_273_:B","","","MAX","","FALL","",0
"pin_capacitance","","_273_:C","","","MIN","","RISE","",0
"pin_capacitance","","_273_:C","","","MIN","","FALL","",0
"pin_capacitance","","_273_:C","","","MAX","","RISE","",0
"pin_capacitance","","_273_:C","","","MAX","","FALL","",0
"pin_capacitance","","_273_:Y","","","MIN","","RISE","",0
"pin_capacitance","","_273_:Y","","","MIN","","FALL","",0
"pin_capacitance","","_273_:Y","","","MAX","","RISE","",0
"pin_capacitance","","_273_:Y","","","MAX","","FALL","",0
"pin_capacitance","","_274_:A","","","MIN","","RISE","",0
"pin_capacitance","","_274_:A","","","MIN","","FALL","",0
"pin_capacitance","","_274_:A","","","MAX","","RISE","",0
"pin_capacitance","","_274_:A","","","MAX","","FALL","",0
"pin_capacitance","","_274_:B","","","MIN","","RISE","",0
"pin_capacitance","","_274_:B","","","MIN","","FALL","",0
"pin_capacitance","","_274_:B","","","MAX","","RISE","",0
"pin_capacitance","","_274_:B","","","MAX","","FALL","",0
"pin_capacitance","","_274_:Y","","","MIN","","RISE","",0
"pin_capacitance","","_274_:Y","","","MIN","","FALL","",0
"pin_capacitance","","_274_:Y","","","MAX","","RISE","",0
"pin_capacitance","","_274_:Y","","","MAX","","FALL","",0
"pin_capacitance","","_275_:A","","","MIN","","RISE","",0
"pin_capacitance","","_275_:A","","","MIN","","FALL","",0
"pin_capacitance","","_275_:A","","","MAX","","RISE","",0
"pin_capacitance","","_275_:A","","","MAX","","FALL","",0
"pin_capacitance","","_275_:B","","","MIN","","RISE","",0
"pin_capacitance","","_275_:B","","","MIN","","FALL","",0
"pin_capacitance","","_275_:B","","","MAX","","RISE","",0
"pin_capacitance","","_275_:B","","","MAX","","FALL","",0
"pin_capacitance","","_275_:Y","","","MIN","","RISE","",0
"pin_capacitance","","_275_:Y","","","MIN","","FALL","",0
"pin_capacitance","","_275_:Y","","","MAX","","RISE","",0
"pin_capacitance","","_275_:Y","","","MAX","","FALL","",0
"pin_capacitance","","_276_:A","","","MIN","","RISE","",0
"pin_capacitance","","_276_:A","","","MIN","","FALL","",0
"pin_capacitance","","_276_:A","","","MAX","","RISE","",0
"pin_capacitance","","_276_:A","","","MAX","","FALL","",0
"pin_capacitance","","_276_:Y","","","MIN","","RISE","",0
"pin_capacitance","","_276_:Y","","","MIN","","FALL","",0
"pin_capacitance","","_276_:Y","","","MAX","","RISE","",0
"pin_capacitance","","_276_:Y","","","MAX","","FALL","",0
"pin_capacitance","","_277_:A","","","MIN","","RISE","",0
"pin_capacitance","","_277_:A","","","MIN","","FALL","",0
"pin_capacitance","","_277_:A","","","MAX","","RISE","",0
"pin_capacitance","","_277_:A","","","MAX","","FALL","",0
"pin_capacitance","","_277_:Y","","","MIN","","RISE","",0
"pin_capacitance","","_277_:Y","","","MIN","","FALL","",0
"pin_capacitance","","_277_:Y","","","MAX","","RISE","",0
"pin_capacitance","","_277_:Y","","","MAX","","FALL","",0
"pin_capacitance","","_278_:A","","","MIN","","RISE","",0
"pin_capacitance","","_278_:A","","","MIN","","FALL","",0
"pin_capacitance","","_278_:A","","","MAX","","RISE","",0
"pin_capacitance","","_278_:A","","","MAX","","FALL","",0
"pin_capacitance","","_278_:Y","","","MIN","","RISE","",0
"pin_capacitance","","_278_:Y","","","MIN","","FALL","",0
"pin_capacitance","","_278_:Y","","","MAX","","RISE","",0
"pin_capacitance","","_278_:Y","","","MAX","","FALL","",0
"pin_capacitance","","_279_:A","","","MIN","","RISE","",0
"pin_capacitance","","_279_:A","","","MIN","","FALL","",0
"pin_capacitance","","_279_:A","","","MAX","","RISE","",0
"pin_capacitance","","_279_:A","","","MAX","","FALL","",0
"pin_capacitance","","_279_:Y","","","MIN","","RISE","",0
"pin_capacitance","","_279_:Y","","","MIN","","FALL","",0
"pin_capacitance","","_279_:Y","","","MAX","","RISE","",0
"pin_capacitance","","_279_:Y","","","MAX","","FALL","",0
"pin_capacitance","","_280_:A","","","MIN","","RISE","",0
"pin_capacitance","","_280_:A","","","MIN","","FALL","",0
"pin_capacitance","","_280_:A","","","MAX","","RISE","",0
"pin_capacitance","","_280_:A","","","MAX","","FALL","",0
"pin_capacitance","","_280_:Y","","","MIN","","RISE","",0
"pin_capacitance","","_280_:Y","","","MIN","","FALL","",0
"pin_capacitance","","_280_:Y","","","MAX","","RISE","",0
"pin_capacitance","","_280_:Y","","","MAX","","FALL","",0
"pin_capacitance","","_281_:A","","","MIN","","RISE","",0
"pin_capacitance","","_281_:A","","","MIN","","FALL","",0
"pin_capacitance","","_281_:A","","","MAX","","RISE","",0
"pin_capacitance","","_281_:A","","","MAX","","FALL","",0
"pin_capacitance","","_281_:Y","","","MIN","","RISE","",0
"pin_capacitance","","_281_:Y","","","MIN","","FALL","",0
"pin_capacitance","","_281_:Y","","","MAX","","RISE","",0
"pin_capacitance","","_281_:Y","","","MAX","","FALL","",0
"pin_capacitance","","_282_:A","","","MIN","","RISE","",0
"pin_capacitance","","_282_:A","","","MIN","","FALL","",0
"pin_capacitance","","_282_:A","","","MAX","","RISE","",0
"pin_capacitance","","_282_:A","","","MAX","","FALL","",0
"pin_capacitance","","_282_:Y","","","MIN","","RISE","",0
"pin_capacitance","","_282_:Y","","","MIN","","FALL","",0
"pin_capacitance","","_282_:Y","","","MAX","","RISE","",0
"pin_capacitance","","_282_:Y","","","MAX","","FALL","",0
"pin_capacitance","","_283_:A","","","MIN","","RISE","",0
"pin_capacitance","","_283_:A","","","MIN","","FALL","",0
"pin_capacitance","","_283_:A","","","MAX","","RISE","",0
"pin_capacitance","","_283_:A","","","MAX","","FALL","",0
"pin_capacitance","","_283_:Y","","","MIN","","RISE","",0
"pin_capacitance","","_283_:Y","","","MIN","","FALL","",0
"pin_capacitance","","_283_:Y","","","MAX","","RISE","",0
"pin_capacitance","","_283_:Y","","","MAX","","FALL","",0
"pin_capacitance","","_284_:A","","","MIN","","RISE","",0
"pin_capacitance","","_284_:A","","","MIN","","FALL","",0
"pin_capacitance","","_284_:A","","","MAX","","RISE","",0
"pin_capacitance","","_284_:A","","","MAX","","FALL","",0
"pin_capacitance","","_284_:Y","","","MIN","","RISE","",0
"pin_capacitance","","_284_:Y","","","MIN","","FALL","",0
"pin_capacitance","","_284_:Y","","","MAX","","RISE","",0
"pin_capacitance","","_284_:Y","","","MAX","","FALL","",0
"pin_capacitance","","_285_:A","","","MIN","","RISE","",0
"pin_capacitance","","_285_:A","","","MIN","","FALL","",0
"pin_capacitance","","_285_:A","","","MAX","","RISE","",0
"pin_capacitance","","_285_:A","","","MAX","","FALL","",0
"pin_capacitance","","_285_:Y","","","MIN","","RISE","",0
"pin_capacitance","","_285_:Y","","","MIN","","FALL","",0
"pin_capacitance","","_285_:Y","","","MAX","","RISE","",0
"pin_capacitance","","_285_:Y","","","MAX","","FALL","",0
"pin_capacitance","","_286_:A","","","MIN","","RISE","",0
"pin_capacitance","","_286_:A","","","MIN","","FALL","",0
"pin_capacitance","","_286_:A","","","MAX","","RISE","",0
"pin_capacitance","","_286_:A","","","MAX","","FALL","",0
"pin_capacitance","","_286_:Y","","","MIN","","RISE","",0
"pin_capacitance","","_286_:Y","","","MIN","","FALL","",0
"pin_capacitance","","_286_:Y","","","MAX","","RISE","",0
"pin_capacitance","","_286_:Y","","","MAX","","FALL","",0
"pin_capacitance","","_287_:A","","","MIN","","RISE","",0
"pin_capacitance","","_287_:A","","","MIN","","FALL","",0
"pin_capacitance","","_287_:A","","","MAX","","RISE","",0
"pin_capacitance","","_287_:A","","","MAX","","FALL","",0
"pin_capacitance","","_287_:Y","","","MIN","","RISE","",0
"pin_capacitance","","_287_:Y","","","MIN","","FALL","",0
"pin_capacitance","","_287_:Y","","","MAX","","RISE","",0
"pin_capacitance","","_287_:Y","","","MAX","","FALL","",0
"pin_capacitance","","_288_:A","","","MIN","","RISE","",0
"pin_capacitance","","_288_:A","","","MIN","","FALL","",0
"pin_capacitance","","_288_:A","","","MAX","","RISE","",0
"pin_capacitance","","_288_:A","","","MAX","","FALL","",0
"pin_capacitance","","_288_:Y","","","MIN","","RISE","",0
"pin_capacitance","","_288_:Y","","","MIN","","FALL","",0
"pin_capacitance","","_288_:Y","","","MAX","","RISE","",0
"pin_capacitance","","_288_:Y","","","MAX","","FALL","",0
"pin_capacitance","","_289_:A","","","MIN","","RISE","",0
"pin_capacitance","","_289_:A","","","MIN","","FALL","",0
"pin_capacitance","","_289_:A","","","MAX","","RISE","",0
"pin_capacitance","","_289_:A","","","MAX","","FALL","",0
"pin_capacitance","","_289_:Y","","","MIN","","RISE","",0
"pin_capacitance","","_289_:Y","","","MIN","","FALL","",0
"pin_capacitance","","_289_:Y","","","MAX","","RISE","",0
"pin_capacitance","","_289_:Y","","","MAX","","FALL","",0
"pin_capacitance","","_290_:A","","","MIN","","RISE","",0
"pin_capacitance","","_290_:A","","","MIN","","FALL","",0
"pin_capacitance","","_290_:A","","","MAX","","RISE","",0
"pin_capacitance","","_290_:A","","","MAX","","FALL","",0
"pin_capacitance","","_290_:Y","","","MIN","","RISE","",0
"pin_capacitance","","_290_:Y","","","MIN","","FALL","",0
"pin_capacitance","","_290_:Y","","","MAX","","RISE","",0
"pin_capacitance","","_290_:Y","","","MAX","","FALL","",0
"pin_capacitance","","_291_:A","","","MIN","","RISE","",0
"pin_capacitance","","_291_:A","","","MIN","","FALL","",0
"pin_capacitance","","_291_:A","","","MAX","","RISE","",0
"pin_capacitance","","_291_:A","","","MAX","","FALL","",0
"pin_capacitance","","_291_:Y","","","MIN","","RISE","",0
"pin_capacitance","","_291_:Y","","","MIN","","FALL","",0
"pin_capacitance","","_291_:Y","","","MAX","","RISE","",0
"pin_capacitance","","_291_:Y","","","MAX","","FALL","",0
"pin_capacitance","","_292_:A","","","MIN","","RISE","",0
"pin_capacitance","","_292_:A","","","MIN","","FALL","",0
"pin_capacitance","","_292_:A","","","MAX","","RISE","",0
"pin_capacitance","","_292_:A","","","MAX","","FALL","",0
"pin_capacitance","","_292_:Y","","","MIN","","RISE","",0
"pin_capacitance","","_292_:Y","","","MIN","","FALL","",0
"pin_capacitance","","_292_:Y","","","MAX","","RISE","",0
"pin_capacitance","","_292_:Y","","","MAX","","FALL","",0
"pin_capacitance","","_293_:A","","","MIN","","RISE","",0
"pin_capacitance","","_293_:A","","","MIN","","FALL","",0
"pin_capacitance","","_293_:A","","","MAX","","RISE","",0
"pin_capacitance","","_293_:A","","","MAX","","FALL","",0
"pin_capacitance","","_293_:Y","","","MIN","","RISE","",0
"pin_capacitance","","_293_:Y","","","MIN","","FALL","",0
"pin_capacitance","","_293_:Y","","","MAX","","RISE","",0
"pin_capacitance","","_293_:Y","","","MAX","","FALL","",0
"pin_capacitance","","_294_:A","","","MIN","","RISE","",0
"pin_capacitance","","_294_:A","","","MIN","","FALL","",0
"pin_capacitance","","_294_:A","","","MAX","","RISE","",0
"pin_capacitance","","_294_:A","","","MAX","","FALL","",0
"pin_capacitance","","_294_:Y","","","MIN","","RISE","",0
"pin_capacitance","","_294_:Y","","","MIN","","FALL","",0
"pin_capacitance","","_294_:Y","","","MAX","","RISE","",0
"pin_capacitance","","_294_:Y","","","MAX","","FALL","",0
"pin_capacitance","","_295_:A","","","MIN","","RISE","",0
"pin_capacitance","","_295_:A","","","MIN","","FALL","",0
"pin_capacitance","","_295_:A","","","MAX","","RISE","",0
"pin_capacitance","","_295_:A","","","MAX","","FALL","",0
"pin_capacitance","","_295_:Y","","","MIN","","RISE","",0
"pin_capacitance","","_295_:Y","","","MIN","","FALL","",0
"pin_capacitance","","_295_:Y","","","MAX","","RISE","",0
"pin_capacitance","","_295_:Y","","","MAX","","FALL","",0
"pin_capacitance","","_296_:A","","","MIN","","RISE","",0
"pin_capacitance","","_296_:A","","","MIN","","FALL","",0
"pin_capacitance","","_296_:A","","","MAX","","RISE","",0
"pin_capacitance","","_296_:A","","","MAX","","FALL","",0
"pin_capacitance","","_296_:Y","","","MIN","","RISE","",0
"pin_capacitance","","_296_:Y","","","MIN","","FALL","",0
"pin_capacitance","","_296_:Y","","","MAX","","RISE","",0
"pin_capacitance","","_296_:Y","","","MAX","","FALL","",0
"pin_capacitance","","_297_:A","","","MIN","","RISE","",0
"pin_capacitance","","_297_:A","","","MIN","","FALL","",0
"pin_capacitance","","_297_:A","","","MAX","","RISE","",0
"pin_capacitance","","_297_:A","","","MAX","","FALL","",0
"pin_capacitance","","_297_:Y","","","MIN","","RISE","",0
"pin_capacitance","","_297_:Y","","","MIN","","FALL","",0
"pin_capacitance","","_297_:Y","","","MAX","","RISE","",0
"pin_capacitance","","_297_:Y","","","MAX","","FALL","",0
"pin_capacitance","","_298_:A","","","MIN","","RISE","",0
"pin_capacitance","","_298_:A","","","MIN","","FALL","",0
"pin_capacitance","","_298_:A","","","MAX","","RISE","",0
"pin_capacitance","","_298_:A","","","MAX","","FALL","",0
"pin_capacitance","","_298_:Y","","","MIN","","RISE","",0
"pin_capacitance","","_298_:Y","","","MIN","","FALL","",0
"pin_capacitance","","_298_:Y","","","MAX","","RISE","",0
"pin_capacitance","","_298_:Y","","","MAX","","FALL","",0
"pin_capacitance","","_299_:A","","","MIN","","RISE","",0
"pin_capacitance","","_299_:A","","","MIN","","FALL","",0
"pin_capacitance","","_299_:A","","","MAX","","RISE","",0
"pin_capacitance","","_299_:A","","","MAX","","FALL","",0
"pin_capacitance","","_299_:Y","","","MIN","","RISE","",0
"pin_capacitance","","_299_:Y","","","MIN","","FALL","",0
"pin_capacitance","","_299_:Y","","","MAX","","RISE","",0
"pin_capacitance","","_299_:Y","","","MAX","","FALL","",0
"pin_capacitance","","_300_:A","","","MIN","","RISE","",0
"pin_capacitance","","_300_:A","","","MIN","","FALL","",0
"pin_capacitance","","_300_:A","","","MAX","","RISE","",0
"pin_capacitance","","_300_:A","","","MAX","","FALL","",0
"pin_capacitance","","_300_:Y","","","MIN","","RISE","",0
"pin_capacitance","","_300_:Y","","","MIN","","FALL","",0
"pin_capacitance","","_300_:Y","","","MAX","","RISE","",0
"pin_capacitance","","_300_:Y","","","MAX","","FALL","",0
"pin_capacitance","","_301_:A","","","MIN","","RISE","",0
"pin_capacitance","","_301_:A","","","MIN","","FALL","",0
"pin_capacitance","","_301_:A","","","MAX","","RISE","",0
"pin_capacitance","","_301_:A","","","MAX","","FALL","",0
"pin_capacitance","","_301_:Y","","","MIN","","RISE","",0
"pin_capacitance","","_301_:Y","","","MIN","","FALL","",0
"pin_capacitance","","_301_:Y","","","MAX","","RISE","",0
"pin_capacitance","","_301_:Y","","","MAX","","FALL","",0
"pin_capacitance","","_302_:A","","","MIN","","RISE","",0
"pin_capacitance","","_302_:A","","","MIN","","FALL","",0
"pin_capacitance","","_302_:A","","","MAX","","RISE","",0
"pin_capacitance","","_302_:A","","","MAX","","FALL","",0
"pin_capacitance","","_302_:Y","","","MIN","","RISE","",0
"pin_capacitance","","_302_:Y","","","MIN","","FALL","",0
"pin_capacitance","","_302_:Y","","","MAX","","RISE","",0
"pin_capacitance","","_302_:Y","","","MAX","","FALL","",0
"pin_capacitance","","_303_:A","","","MIN","","RISE","",0
"pin_capacitance","","_303_:A","","","MIN","","FALL","",0
"pin_capacitance","","_303_:A","","","MAX","","RISE","",0
"pin_capacitance","","_303_:A","","","MAX","","FALL","",0
"pin_capacitance","","_303_:Y","","","MIN","","RISE","",0
"pin_capacitance","","_303_:Y","","","MIN","","FALL","",0
"pin_capacitance","","_303_:Y","","","MAX","","RISE","",0
"pin_capacitance","","_303_:Y","","","MAX","","FALL","",0
"pin_capacitance","","_304_:A","","","MIN","","RISE","",0
"pin_capacitance","","_304_:A","","","MIN","","FALL","",0
"pin_capacitance","","_304_:A","","","MAX","","RISE","",0
"pin_capacitance","","_304_:A","","","MAX","","FALL","",0
"pin_capacitance","","_304_:Y","","","MIN","","RISE","",0
"pin_capacitance","","_304_:Y","","","MIN","","FALL","",0
"pin_capacitance","","_304_:Y","","","MAX","","RISE","",0
"pin_capacitance","","_304_:Y","","","MAX","","FALL","",0
"pin_capacitance","","_305_:A","","","MIN","","RISE","",0
"pin_capacitance","","_305_:A","","","MIN","","FALL","",0
"pin_capacitance","","_305_:A","","","MAX","","RISE","",0
"pin_capacitance","","_305_:A","","","MAX","","FALL","",0
"pin_capacitance","","_305_:Y","","","MIN","","RISE","",0
"pin_capacitance","","_305_:Y","","","MIN","","FALL","",0
"pin_capacitance","","_305_:Y","","","MAX","","RISE","",0
"pin_capacitance","","_305_:Y","","","MAX","","FALL","",0
"pin_capacitance","","_306_:A","","","MIN","","RISE","",0
"pin_capacitance","","_306_:A","","","MIN","","FALL","",0
"pin_capacitance","","_306_:A","","","MAX","","RISE","",0
"pin_capacitance","","_306_:A","","","MAX","","FALL","",0
"pin_capacitance","","_306_:Y","","","MIN","","RISE","",0
"pin_capacitance","","_306_:Y","","","MIN","","FALL","",0
"pin_capacitance","","_306_:Y","","","MAX","","RISE","",0
"pin_capacitance","","_306_:Y","","","MAX","","FALL","",0
"pin_capacitance","","_307_:A","","","MIN","","RISE","",0
"pin_capacitance","","_307_:A","","","MIN","","FALL","",0
"pin_capacitance","","_307_:A","","","MAX","","RISE","",0
"pin_capacitance","","_307_:A","","","MAX","","FALL","",0
"pin_capacitance","","_307_:Y","","","MIN","","RISE","",0
"pin_capacitance","","_307_:Y","","","MIN","","FALL","",0
"pin_capacitance","","_307_:Y","","","MAX","","RISE","",0
"pin_capacitance","","_307_:Y","","","MAX","","FALL","",0
"pin_capacitance","","_308_:A","","","MIN","","RISE","",0
"pin_capacitance","","_308_:A","","","MIN","","FALL","",0
"pin_capacitance","","_308_:A","","","MAX","","RISE","",-9.4181010504923695e-19
"pin_capacitance","","_308_:A","","","MAX","","FALL","",0
"pin_capacitance","","_308_:Y","","","MIN","","RISE","",0
"pin_capacitance","","_308_:Y","","","MIN","","FALL","",0
"pin_capacitance","","_308_:Y","","","MAX","","RISE","",0
"pin_capacitance","","_308_:Y","","","MAX","","FALL","",0
"pin_capacitance","","_309_:A","","","MIN","","RISE","",0
"pin_capacitance","","_309_:A","","","MIN","","FALL","",0
"pin_capacitance","","_309_:A","","","MAX","","RISE","",-8.1560368993117837e-52
"pin_capacitance","","_309_:A","","","MAX","","FALL","",0
"pin_capacitance","","_309_:Y","","","MIN","","RISE","",0
"pin_capacitance","","_309_:Y","","","MIN","","FALL","",0
"pin_capacitance","","_309_:Y","","","MAX","","RISE","",0
"pin_capacitance","","_309_:Y","","","MAX","","FALL","",0
"pin_capacitance","","_310_:A","","","MIN","","RISE","",0
"pin_capacitance","","_310_:A","","","MIN","","FALL","",0
"pin_capacitance","","_310_:A","","","MAX","","RISE","",-3.065865365847082e-23
"pin_capacitance","","_310_:A","","","MAX","","FALL","",0
"pin_capacitance","","_310_:Y","","","MIN","","RISE","",0
"pin_capacitance","","_310_:Y","","","MIN","","FALL","",0
"pin_capacitance","","_310_:Y","","","MAX","","RISE","",0
"pin_capacitance","","_310_:Y","","","MAX","","FALL","",0
"pin_capacitance","","_311_:A","","","MIN","","RISE","",0
"pin_capacitance","","_311_:A","","","MIN","","FALL","",0
"pin_capacitance","","_311_:A","","","MAX","","RISE","",-8.1560368993117837e-52
"pin_capacitance","","_311_:A","","","MAX","","FALL","",0
"pin_capacitance","","_311_:Y","","","MIN","","RISE","",0
"pin_capacitance","","_311_:Y","","","MIN","","FALL","",0
"pin_capacitance","","_311_:Y","","","MAX","","RISE","",0
"pin_capacitance","","_311_:Y","","","MAX","","FALL","",0
"pin_capacitance","","_312_:A","","","MIN","","RISE","",0
"pin_capacitance","","_312_:A","","","MIN","","FALL","",0
"pin_capacitance","","_312_:A","","","MAX","","RISE","",-1.0562365968453662e-26
"pin_capacitance","","_312_:A","","","MAX","","FALL","",0
"pin_capacitance","","_312_:Y","","","MIN","","RISE","",0
"pin_capacitance","","_312_:Y","","","MIN","","FALL","",0
"pin_capacitance","","_312_:Y","","","MAX","","RISE","",0
"pin_capacitance","","_312_:Y","","","MAX","","FALL","",0
"pin_capacitance","","_313_:A","","","MIN","","RISE","",0
"pin_capacitance","","_313_:A","","","MIN","","FALL","",0
"pin_capacitance","","_313_:A","","","MAX","","RISE","",-3.5040047484527742e-37
"pin_capacitance","","_313_:A","","","MAX","","FALL","",0
"pin_capacitance","","_313_:Y","","","MIN","","RISE","",0
"pin_capacitance","","_313_:Y","","","MIN","","FALL","",0
"pin_capacitance","","_313_:Y","","","MAX","","RISE","",0
"pin_capacitance","","_313_:Y","","","MAX","","FALL","",0
"pin_capacitance","","_314_:A","","","MIN","","RISE","",0
"pin_capacitance","","_314_:A","","","MIN","","FALL","",0
"pin_capacitance","","_314_:A","","","MAX","","RISE","",-6.9659327995839352e-51
"pin_capacitance","","_314_:A","","","MAX","","FALL","",0
"pin_capacitance","","_314_:Y","","","MIN","","RISE","",0
"pin_capacitance","","_314_:Y","","","MIN","","FALL","",0
"pin_capacitance","","_314_:Y","","","MAX","","RISE","",0
"pin_capacitance","","_314_:Y","","","MAX","","FALL","",0
"pin_capacitance","","_315_:A","","","MIN","","RISE","",0
"pin_capacitance","","_315_:A","","","MIN","","FALL","",0
"pin_capacitance","","_315_:A","","","MAX","","RISE","",-3.6904853407815301e-24
"pin_capacitance","","_315_:A","","","MAX","","FALL","",0
"pin_capacitance","","_315_:Y","","","MIN","","RISE","",0
"pin_capacitance","","_315_:Y","","","MIN","","FALL","",0
"pin_capacitance","","_315_:Y","","","MAX","","RISE","",0
"pin_capacitance","","_315_:Y","","","MAX","","FALL","",0
"pin_capacitance","","_316_:A","","","MIN","","RISE","",0
"pin_capacitance","","_316_:A","","","MIN","","FALL","",0
"pin_capacitance","","_316_:A","","","MAX","","RISE","",-3.9308569278900457e-66
"pin_capacitance","","_316_:A","","","MAX","","FALL","",0
"pin_capacitance","","_316_:Y","","","MIN","","RISE","",0
"pin_capacitance","","_316_:Y","","","MIN","","FALL","",0
"pin_capacitance","","_316_:Y","","","MAX","","RISE","",0
"pin_capacitance","","_316_:Y","","","MAX","","FALL","",0
"pin_capacitance","","_317_:A","","","MIN","","RISE","",0
"pin_capacitance","","_317_:A","","","MIN","","FALL","",0
"pin_capacitance","","_317_:A","","","MAX","","RISE","",-9.0220215452958349e-60
"pin_capacitance","","_317_:A","","","MAX","","FALL","",0
"pin_capacitance","","_317_:Y","","","MIN","","RISE","",0
"pin_capacitance","","_317_:Y","","","MIN","","FALL","",0
"pin_capacitance","","_317_:Y","","","MAX","","RISE","",0
"pin_capacitance","","_317_:Y","","","MAX","","FALL","",0
"pin_capacitance","","_318_:A","","","MIN","","RISE","",0
"pin_capacitance","","_318_:A","","","MIN","","FALL","",0
"pin_capacitance","","_318_:A","","","MAX","","RISE","",-9.0220215452958349e-60
"pin_capacitance","","_318_:A","","","MAX","","FALL","",0
"pin_capacitance","","_318_:Y","","","MIN","","RISE","",0
"pin_capacitance","","_318_:Y","","","MIN","","FALL","",0
"pin_capacitance","","_318_:Y","","","MAX","","RISE","",0
"pin_capacitance","","_318_:Y","","","MAX","","FALL","",0
"pin_capacitance","","_319_:A","","","MIN","","RISE","",0
"pin_capacitance","","_319_:A","","","MIN","","FALL","",0
"pin_capacitance","","_319_:A","","","MAX","","RISE","",-9.0220215452958349e-60
"pin_capacitance","","_319_:A","","","MAX","","FALL","",0
"pin_capacitance","","_319_:Y","","","MIN","","RISE","",0
"pin_capacitance","","_319_:Y","","","MIN","","FALL","",0
"pin_capacitance","","_319_:Y","","","MAX","","RISE","",0
"pin_capacitance","","_319_:Y","","","MAX","","FALL","",0
"pin_capacitance","","_320_:A","","","MIN","","RISE","",0
"pin_capacitance","","_320_:A","","","MIN","","FALL","",0
"pin_capacitance","","_320_:A","","","MAX","","RISE","",-9.0220215452958349e-60
"pin_capacitance","","_320_:A","","","MAX","","FALL","",0
"pin_capacitance","","_320_:Y","","","MIN","","RISE","",0
"pin_capacitance","","_320_:Y","","","MIN","","FALL","",0
"pin_capacitance","","_320_:Y","","","MAX","","RISE","",0
"pin_capacitance","","_320_:Y","","","MAX","","FALL","",0
"pin_capacitance","","_321_:A","","","MIN","","RISE","",0
"pin_capacitance","","_321_:A","","","MIN","","FALL","",0
"pin_capacitance","","_321_:A","","","MAX","","RISE","",-9.0220215452958349e-60
"pin_capacitance","","_321_:A","","","MAX","","FALL","",0
"pin_capacitance","","_321_:Y","","","MIN","","RISE","",0
"pin_capacitance","","_321_:Y","","","MIN","","FALL","",0
"pin_capacitance","","_321_:Y","","","MAX","","RISE","",0
"pin_capacitance","","_321_:Y","","","MAX","","FALL","",0
"pin_capacitance","","_322_:A","","","MIN","","RISE","",0
"pin_capacitance","","_322_:A","","","MIN","","FALL","",0
"pin_capacitance","","_322_:A","","","MAX","","RISE","",-9.0220215452958349e-60
"pin_capacitance","","_322_:A","","","MAX","","FALL","",0
"pin_capacitance","","_322_:Y","","","MIN","","RISE","",0
"pin_capacitance","","_322_:Y","","","MIN","","FALL","",0
"pin_capacitance","","_322_:Y","","","MAX","","RISE","",0
"pin_capacitance","","_322_:Y","","","MAX","","FALL","",0
"pin_capacitance","","_323_:A","","","MIN","","RISE","",0
"pin_capacitance","","_323_:A","","","MIN","","FALL","",0
"pin_capacitance","","_323_:A","","","MAX","","RISE","",-9.0220215452958349e-60
"pin_capacitance","","_323_:A","","","MAX","","FALL","",0
"pin_capacitance","","_323_:Y","","","MIN","","RISE","",0
"pin_capacitance","","_323_:Y","","","MIN","","FALL","",0
"pin_capacitance","","_323_:Y","","","MAX","","RISE","",0
"pin_capacitance","","_323_:Y","","","MAX","","FALL","",0
"pin_capacitance","","_324_:A","","","MIN","","RISE","",0
"pin_capacitance","","_324_:A","","","MIN","","FALL","",0
"pin_capacitance","","_324_:A","","","MAX","","RISE","",-9.0220215452958349e-60
"pin_capacitance","","_324_:A","","","MAX","","FALL","",0
"pin_capacitance","","_324_:Y","","","MIN","","RISE","",0
"pin_capacitance","","_324_:Y","","","MIN","","FALL","",0
"pin_capacitance","","_324_:Y","","","MAX","","RISE","",0
"pin_capacitance","","_324_:Y","","","MAX","","FALL","",0
"pin_capacitance","","_325_:A","","","MIN","","RISE","",0
"pin_capacitance","","_325_:A","","","MIN","","FALL","",0
"pin_capacitance","","_325_:A","","","MAX","","RISE","",-9.0220215452958349e-60
"pin_capacitance","","_325_:A","","","MAX","","FALL","",0
"pin_capacitance","","_325_:Y","","","MIN","","RISE","",0
"pin_capacitance","","_325_:Y","","","MIN","","FALL","",0
"pin_capacitance","","_325_:Y","","","MAX","","RISE","",0
"pin_capacitance","","_325_:Y","","","MAX","","FALL","",0
"pin_capacitance","","_326_:A","","","MIN","","RISE","",0
"pin_capacitance","","_326_:A","","","MIN","","FALL","",0
"pin_capacitance","","_326_:A","","","MAX","","RISE","",-5.3290035723923737e-30
"pin_capacitance","","_326_:A","","","MAX","","FALL","",0
"pin_capacitance","","_326_:Y","","","MIN","","RISE","",0
"pin_capacitance","","_326_:Y","","","MIN","","FALL","",0
"pin_capacitance","","_326_:Y","","","MAX","","RISE","",0
"pin_capacitance","","_326_:Y","","","MAX","","FALL","",0
"pin_capacitance","","_327_:A","","","MIN","","RISE","",0
"pin_capacitance","","_327_:A","","","MIN","","FALL","",0
"pin_capacitance","","_327_:A","","","MAX","","RISE","",-1.3941423244439474e-32
"pin_capacitance","","_327_:A","","","MAX","","FALL","",0
"pin_capacitance","","_327_:Y","","","MIN","","RISE","",0
"pin_capacitance","","_327_:Y","","","MIN","","FALL","",0
"pin_capacitance","","_327_:Y","","","MAX","","RISE","",0
"pin_capacitance","","_327_:Y","","","MAX","","FALL","",0
"pin_capacitance","","_328_:A","","","MIN","","RISE","",0
"pin_capacitance","","_328_:A","","","MIN","","FALL","",0
"pin_capacitance","","_328_:A","","","MAX","","RISE","",-1.3941423244439474e-32
"pin_capacitance","","_328_:A","","","MAX","","FALL","",0
"pin_capacitance","","_328_:Y","","","MIN","","RISE","",0
"pin_capacitance","","_328_:Y","","","MIN","","FALL","",0
"pin_capacitance","","_328_:Y","","","MAX","","RISE","",0
"pin_capacitance","","_328_:Y","","","MAX","","FALL","",0
"pin_capacitance","","_329_:A","","","MIN","","RISE","",0
"pin_capacitance","","_329_:A","","","MIN","","FALL","",0
"pin_capacitance","","_329_:A","","","MAX","","RISE","",-1.9787849156885712e-05
"pin_capacitance","","_329_:A","","","MAX","","FALL","",0
"pin_capacitance","","_329_:Y","","","MIN","","RISE","",0
"pin_capacitance","","_329_:Y","","","MIN","","FALL","",0
"pin_capacitance","","_329_:Y","","","MAX","","RISE","",0
"pin_capacitance","","_329_:Y","","","MAX","","FALL","",0
"pin_capacitance","","_330_:A","","","MIN","","RISE","",0
"pin_capacitance","","_330_:A","","","MIN","","FALL","",0
"pin_capacitance","","_330_:A","","","MAX","","RISE","",-2.725600649707911
"pin_capacitance","","_330_:A","","","MAX","","FALL","",0
"pin_capacitance","","_330_:Y","","","MIN","","RISE","",0
"pin_capacitance","","_330_:Y","","","MIN","","FALL","",0
"pin_capacitance","","_330_:Y","","","MAX","","RISE","",0
"pin_capacitance","","_330_:Y","","","MAX","","FALL","",0
"pin_capacitance","","_331_:A","","","MIN","","RISE","",0
"pin_capacitance","","_331_:A","","","MIN","","FALL","",0
"pin_capacitance","","_331_:A","","","MAX","","RISE","",-1.9656483860111276e-05
"pin_capacitance","","_331_:A","","","MAX","","FALL","",0
"pin_capacitance","","_331_:Y","","","MIN","","RISE","",0
"pin_capacitance","","_331_:Y","","","MIN","","FALL","",0
"pin_capacitance","","_331_:Y","","","MAX","","RISE","",0
"pin_capacitance","","_331_:Y","","","MAX","","FALL","",0
"pin_capacitance","","_332_:A","","","MIN","","RISE","",0
"pin_capacitance","","_332_:A","","","MIN","","FALL","",0
"pin_capacitance","","_332_:A","","","MAX","","RISE","",-1.3941423244439474e-32
"pin_capacitance","","_332_:A","","","MAX","","FALL","",0
"pin_capacitance","","_332_:Y","","","MIN","","RISE","",0
"pin_capacitance","","_332_:Y","","","MIN","","FALL","",0
"pin_capacitance","","_332_:Y","","","MAX","","RISE","",0
"pin_capacitance","","_332_:Y","","","MAX","","FALL","",0
"pin_capacitance","","_333_:A","","","MIN","","RISE","",0
"pin_capacitance","","_333_:A","","","MIN","","FALL","",0
"pin_capacitance","","_333_:A","","","MAX","","RISE","",-1.145063709391599e-19
"pin_capacitance","","_333_:A","","","MAX","","FALL","",0
"pin_capacitance","","_333_:Y","","","MIN","","RISE","",0
"pin_capacitance","","_333_:Y","","","MIN","","FALL","",0
"pin_capacitance","","_333_:Y","","","MAX","","RISE","",0
"pin_capacitance","","_333_:Y","","","MAX","","FALL","",0
"pin_capacitance","","_334_:","","","MIN","","RISE","",0
"pin_capacitance","","_334_:","","","MIN","","FALL","",0
"pin_capacitance","","_334_:","","","MAX","","RISE","",0
"pin_capacitance","","_334_:","","","MAX","","FALL","",0
"pin_capacitance","","_334_:CLK","","","MIN","","RISE","",0
"pin_capacitance","","_334_:CLK","","","MIN","","FALL","",0
"pin_capacitance","","_334_:CLK","","","MAX","","RISE","",0
"pin_capacitance","","_334_:CLK","","","MAX","","FALL","",0
"pin_capacitance","","_334_:D","","","MIN","","RISE","",0
"pin_capacitance","","_334_:D","","","MIN","","FALL","",0
"pin_capacitance","","_334_:D","","","MAX","","RISE","",0
"pin_capacitance","","_334_:D","","","MAX","","FALL","",0
"pin_capacitance","","_334_:Q","","","MIN","","RISE","",0
"pin_capacitance","","_334_:Q","","","MIN","","FALL","",0
"pin_capacitance","","_334_:Q","","","MAX","","RISE","",0
"pin_capacitance","","_334_:Q","","","MAX","","FALL","",0
"pin_capacitance","","_334_:R","","","MIN","","RISE","",0
"pin_capacitance","","_334_:R","","","MIN","","FALL","",0
"pin_capacitance","","_334_:R","","","MAX","","RISE","",0
"pin_capacitance","","_334_:R","","","MAX","","FALL","",0
"pin_capacitance","","_334_:S","","","MIN","","RISE","",0
"pin_capacitance","","_334_:S","","","MIN","","FALL","",0
"pin_capacitance","","_334_:S","","","MAX","","RISE","",0
"pin_capacitance","","_334_:S","","","MAX","","FALL","",0
"pin_capacitance","","_335_:","","","MIN","","RISE","",0
"pin_capacitance","","_335_:","","","MIN","","FALL","",0
"pin_capacitance","","_335_:","","","MAX","","RISE","",0
"pin_capacitance","","_335_:","","","MAX","","FALL","",0
"pin_capacitance","","_335_:CLK","","","MIN","","RISE","",0
"pin_capacitance","","_335_:CLK","","","MIN","","FALL","",0
"pin_capacitance","","_335_:CLK","","","MAX","","RISE","",0
"pin_capacitance","","_335_:CLK","","","MAX","","FALL","",0
"pin_capacitance","","_335_:D","","","MIN","","RISE","",0
"pin_capacitance","","_335_:D","","","MIN","","FALL","",0
"pin_capacitance","","_335_:D","","","MAX","","RISE","",0
"pin_capacitance","","_335_:D","","","MAX","","FALL","",0
"pin_capacitance","","_335_:Q","","","MIN","","RISE","",0
"pin_capacitance","","_335_:Q","","","MIN","","FALL","",0
"pin_capacitance","","_335_:Q","","","MAX","","RISE","",0
"pin_capacitance","","_335_:Q","","","MAX","","FALL","",0
"pin_capacitance","","_335_:R","","","MIN","","RISE","",0
"pin_capacitance","","_335_:R","","","MIN","","FALL","",0
"pin_capacitance","","_335_:R","","","MAX","","RISE","",0
"pin_capacitance","","_335_:R","","","MAX","","FALL","",0
"pin_capacitance","","_335_:S","","","MIN","","RISE","",0
"pin_capacitance","","_335_:S","","","MIN","","FALL","",0
"pin_capacitance","","_335_:S","","","MAX","","RISE","",0
"pin_capacitance","","_335_:S","","","MAX","","FALL","",0
"pin_capacitance","","_336_:","","","MIN","","RISE","",0
"pin_capacitance","","_336_:","","","MIN","","FALL","",0
"pin_capacitance","","_336_:","","","MAX","","RISE","",0
"pin_capacitance","","_336_:","","","MAX","","FALL","",0
"pin_capacitance","","_336_:CLK","","","MIN","","RISE","",0
"pin_capacitance","","_336_:CLK","","","MIN","","FALL","",0
"pin_capacitance","","_336_:CLK","","","MAX","","RISE","",0
"pin_capacitance","","_336_:CLK","","","MAX","","FALL","",0
"pin_capacitance","","_336_:D","","","MIN","","RISE","",0
"pin_capacitance","","_336_:D","","","MIN","","FALL","",0
"pin_capacitance","","_336_:D","","","MAX","","RISE","",0
"pin_capacitance","","_336_:D","","","MAX","","FALL","",0
"pin_capacitance","","_336_:Q","","","MIN","","RISE","",0
"pin_capacitance","","_336_:Q","","","MIN","","FALL","",0
"pin_capacitance","","_336_:Q","","","MAX","","RISE","",0
"pin_capacitance","","_336_:Q","","","MAX","","FALL","",0
"pin_capacitance","","_336_:R","","","MIN","","RISE","",0
"pin_capacitance","","_336_:R","","","MIN","","FALL","",0
"pin_capacitance","","_336_:R","","","MAX","","RISE","",0
"pin_capacitance","","_336_:R","","","MAX","","FALL","",0
"pin_capacitance","","_336_:S","","","MIN","","RISE","",0
"pin_capacitance","","_336_:S","","","MIN","","FALL","",0
"pin_capacitance","","_336_:S","","","MAX","","RISE","",0
"pin_capacitance","","_336_:S","","","MAX","","FALL","",0
"pin_capacitance","","_337_:","","","MIN","","RISE","",0
"pin_capacitance","","_337_:","","","MIN","","FALL","",0
"pin_capacitance","","_337_:","","","MAX","","RISE","",0
"pin_capacitance","","_337_:","","","MAX","","FALL","",0
"pin_capacitance","","_337_:CLK","","","MIN","","RISE","",0
"pin_capacitance","","_337_:CLK","","","MIN","","FALL","",0
"pin_capacitance","","_337_:CLK","","","MAX","","RISE","",0
"pin_capacitance","","_337_:CLK","","","MAX","","FALL","",0
"pin_capacitance","","_337_:D","","","MIN","","RISE","",0
"pin_capacitance","","_337_:D","","","MIN","","FALL","",0
"pin_capacitance","","_337_:D","","","MAX","","RISE","",0
"pin_capacitance","","_337_:D","","","MAX","","FALL","",0
"pin_capacitance","","_337_:Q","","","MIN","","RISE","",0
"pin_capacitance","","_337_:Q","","","MIN","","FALL","",0
"pin_capacitance","","_337_:Q","","","MAX","","RISE","",0
"pin_capacitance","","_337_:Q","","","MAX","","FALL","",0
"pin_capacitance","","_337_:R","","","MIN","","RISE","",0
"pin_capacitance","","_337_:R","","","MIN","","FALL","",0
"pin_capacitance","","_337_:R","","","MAX","","RISE","",0
"pin_capacitance","","_337_:R","","","MAX","","FALL","",0
"pin_capacitance","","_337_:S","","","MIN","","RISE","",0
"pin_capacitance","","_337_:S","","","MIN","","FALL","",0
"pin_capacitance","","_337_:S","","","MAX","","RISE","",0
"pin_capacitance","","_337_:S","","","MAX","","FALL","",0
"pin_capacitance","","_338_:","","","MIN","","RISE","",0
"pin_capacitance","","_338_:","","","MIN","","FALL","",0
"pin_capacitance","","_338_:","","","MAX","","RISE","",0
"pin_capacitance","","_338_:","","","MAX","","FALL","",0
"pin_capacitance","","_338_:CLK","","","MIN","","RISE","",0
"pin_capacitance","","_338_:CLK","","","MIN","","FALL","",0
"pin_capacitance","","_338_:CLK","","","MAX","","RISE","",0
"pin_capacitance","","_338_:CLK","","","MAX","","FALL","",0
"pin_capacitance","","_338_:D","","","MIN","","RISE","",0
"pin_capacitance","","_338_:D","","","MIN","","FALL","",0
"pin_capacitance","","_338_:D","","","MAX","","RISE","",0
"pin_capacitance","","_338_:D","","","MAX","","FALL","",0
"pin_capacitance","","_338_:Q","","","MIN","","RISE","",0
"pin_capacitance","","_338_:Q","","","MIN","","FALL","",0
"pin_capacitance","","_338_:Q","","","MAX","","RISE","",0
"pin_capacitance","","_338_:Q","","","MAX","","FALL","",0
"pin_capacitance","","_338_:R","","","MIN","","RISE","",0
"pin_capacitance","","_338_:R","","","MIN","","FALL","",0
"pin_capacitance","","_338_:R","","","MAX","","RISE","",0
"pin_capacitance","","_338_:R","","","MAX","","FALL","",0
"pin_capacitance","","_338_:S","","","MIN","","RISE","",0
"pin_capacitance","","_338_:S","","","MIN","","FALL","",0
"pin_capacitance","","_338_:S","","","MAX","","RISE","",0
"pin_capacitance","","_338_:S","","","MAX","","FALL","",0
"pin_capacitance","","_339_:","","","MIN","","RISE","",0
"pin_capacitance","","_339_:","","","MIN","","FALL","",0
"pin_capacitance","","_339_:","","","MAX","","RISE","",0
"pin_capacitance","","_339_:","","","MAX","","FALL","",0
"pin_capacitance","","_339_:CLK","","","MIN","","RISE","",0
"pin_capacitance","","_339_:CLK","","","MIN","","FALL","",0
"pin_capacitance","","_339_:CLK","","","MAX","","RISE","",0
"pin_capacitance","","_339_:CLK","","","MAX","","FALL","",0
"pin_capacitance","","_339_:D","","","MIN","","RISE","",0
"pin_capacitance","","_339_:D","","","MIN","","FALL","",0
"pin_capacitance","","_339_:D","","","MAX","","RISE","",0
"pin_capacitance","","_339_:D","","","MAX","","FALL","",0
"pin_capacitance","","_339_:Q","","","MIN","","RISE","",0
"pin_capacitance","","_339_:Q","","","MIN","","FALL","",0
"pin_capacitance","","_339_:Q","","","MAX","","RISE","",0
"pin_capacitance","","_339_:Q","","","MAX","","FALL","",0
"pin_capacitance","","_339_:R","","","MIN","","RISE","",0
"pin_capacitance","","_339_:R","","","MIN","","FALL","",0
"pin_capacitance","","_339_:R","","","MAX","","RISE","",-6.3708250369498871e-58
"pin_capacitance","","_339_:R","","","MAX","","FALL","",0
"pin_capacitance","","_339_:S","","","MIN","","RISE","",0
"pin_capacitance","","_339_:S","","","MIN","","FALL","",0
"pin_capacitance","","_339_:S","","","MAX","","RISE","",0
"pin_capacitance","","_339_:S","","","MAX","","FALL","",0
"pin_capacitance","","_340_:","","","MIN","","RISE","",0
"pin_capacitance","","_340_:","","","MIN","","FALL","",0
"pin_capacitance","","_340_:","","","MAX","","RISE","",0
"pin_capacitance","","_340_:","","","MAX","","FALL","",0
"pin_capacitance","","_340_:CLK","","","MIN","","RISE","",0
"pin_capacitance","","_340_:CLK","","","MIN","","FALL","",0
"pin_capacitance","","_340_:CLK","","","MAX","","RISE","",0
"pin_capacitance","","_340_:CLK","","","MAX","","FALL","",0
"pin_capacitance","","_340_:D","","","MIN","","RISE","",0
"pin_capacitance","","_340_:D","","","MIN","","FALL","",0
"pin_capacitance","","_340_:D","","","MAX","","RISE","",0
"pin_capacitance","","_340_:D","","","MAX","","FALL","",0
"pin_capacitance","","_340_:Q","","","MIN","","RISE","",0
"pin_capacitance","","_340_:Q","","","MIN","","FALL","",0
"pin_capacitance","","_340_:Q","","","MAX","","RISE","",0
"pin_capacitance","","_340_:Q","","","MAX","","FALL","",0
"pin_capacitance","","_340_:R","","","MIN","","RISE","",0
"pin_capacitance","","_340_:R","","","MIN","","FALL","",0
"pin_capacitance","","_340_:R","","","MAX","","RISE","",-6.3708250369498871e-58
"pin_capacitance","","_340_:R","","","MAX","","FALL","",0
"pin_capacitance","","_340_:S","","","MIN","","RISE","",0
"pin_capacitance","","_340_:S","","","MIN","","FALL","",0
"pin_capacitance","","_340_:S","","","MAX","","RISE","",0
"pin_capacitance","","_340_:S","","","MAX","","FALL","",0
"pin_capacitance","","_341_:","","","MIN","","RISE","",0
"pin_capacitance","","_341_:","","","MIN","","FALL","",0
"pin_capacitance","","_341_:","","","MAX","","RISE","",0
"pin_capacitance","","_341_:","","","MAX","","FALL","",0
"pin_capacitance","","_341_:CLK","","","MIN","","RISE","",0
"pin_capacitance","","_341_:CLK","","","MIN","","FALL","",0
"pin_capacitance","","_341_:CLK","","","MAX","","RISE","",0
"pin_capacitance","","_341_:CLK","","","MAX","","FALL","",0
"pin_capacitance","","_341_:D","","","MIN","","RISE","",0
"pin_capacitance","","_341_:D","","","MIN","","FALL","",0
"pin_capacitance","","_341_:D","","","MAX","","RISE","",0
"pin_capacitance","","_341_:D","","","MAX","","FALL","",0
"pin_capacitance","","_341_:Q","","","MIN","","RISE","",0
"pin_capacitance","","_341_:Q","","","MIN","","FALL","",0
"pin_capacitance","","_341_:Q","","","MAX","","RISE","",0
"pin_capacitance","","_341_:Q","","","MAX","","FALL","",0
"pin_capacitance","","_341_:R","","","MIN","","RISE","",0
"pin_capacitance","","_341_:R","","","MIN","","FALL","",0
"pin_capacitance","","_341_:R","","","MAX","","RISE","",-6.3708250369498871e-58
"pin_capacitance","","_341_:R","","","MAX","","FALL","",0
"pin_capacitance","","_341_:S","","","MIN","","RISE","",0
"pin_capacitance","","_341_:S","","","MIN","","FALL","",0
"pin_capacitance","","_341_:S","","","MAX","","RISE","",0
"pin_capacitance","","_341_:S","","","MAX","","FALL","",0
"pin_capacitance","","_342_:","","","MIN","","RISE","",0
"pin_capacitance","","_342_:","","","MIN","","FALL","",0
"pin_capacitance","","_342_:","","","MAX","","RISE","",0
"pin_capacitance","","_342_:","","","MAX","","FALL","",0
"pin_capacitance","","_342_:CLK","","","MIN","","RISE","",0
"pin_capacitance","","_342_:CLK","","","MIN","","FALL","",0
"pin_capacitance","","_342_:CLK","","","MAX","","RISE","",0
"pin_capacitance","","_342_:CLK","","","MAX","","FALL","",0
"pin_capacitance","","_342_:D","","","MIN","","RISE","",0
"pin_capacitance","","_342_:D","","","MIN","","FALL","",0
"pin_capacitance","","_342_:D","","","MAX","","RISE","",0
"pin_capacitance","","_342_:D","","","MAX","","FALL","",0
"pin_capacitance","","_342_:Q","","","MIN","","RISE","",0
"pin_capacitance","","_342_:Q","","","MIN","","FALL","",0
"pin_capacitance","","_342_:Q","","","MAX","","RISE","",0
"pin_capacitance","","_342_:Q","","","MAX","","FALL","",0
"pin_capacitance","","_342_:R","","","MIN","","RISE","",0
"pin_capacitance","","_342_:R","","","MIN","","FALL","",0
"pin_capacitance","","_342_:R","","","MAX","","RISE","",-6.3708250369498871e-58
"pin_capacitance","","_342_:R","","","MAX","","FALL","",0
"pin_capacitance","","_342_:S","","","MIN","","RISE","",0
"pin_capacitance","","_342_:S","","","MIN","","FALL","",0
"pin_capacitance","","_342_:S","","","MAX","","RISE","",0
"pin_capacitance","","_342_:S","","","MAX","","FALL","",0
"pin_capacitance","","_343_:","","","MIN","","RISE","",0
"pin_capacitance","","_343_:","","","MIN","","FALL","",0
"pin_capacitance","","_343_:","","","MAX","","RISE","",0
"pin_capacitance","","_343_:","","","MAX","","FALL","",0
"pin_capacitance","","_343_:CLK","","","MIN","","RISE","",0
"pin_capacitance","","_343_:CLK","","","MIN","","FALL","",0
"pin_capacitance","","_343_:CLK","","","MAX","","RISE","",0
"pin_capacitance","","_343_:CLK","","","MAX","","FALL","",0
"pin_capacitance","","_343_:D","","","MIN","","RISE","",0
"pin_capacitance","","_343_:D","","","MIN","","FALL","",0
"pin_capacitance","","_343_:D","","","MAX","","RISE","",0
"pin_capacitance","","_343_:D","","","MAX","","FALL","",0
"pin_capacitance","","_343_:Q","","","MIN","","RISE","",0
"pin_capacitance","","_343_:Q","","","MIN","","FALL","",0
"pin_capacitance","","_343_:Q","","","MAX","","RISE","",0
"pin_capacitance","","_343_:Q","","","MAX","","FALL","",0
"pin_capacitance","","_343_:R","","","MIN","","RISE","",0
"pin_capacitance","","_343_:R","","","MIN","","FALL","",0
"pin_capacitance","","_343_:R","","","MAX","","RISE","",-6.3708250369498871e-58
"pin_capacitance","","_343_:R","","","MAX","","FALL","",0
"pin_capacitance","","_343_:S","","","MIN","","RISE","",0
"pin_capacitance","","_343_:S","","","MIN","","FALL","",0
"pin_capacitance","","_343_:S","","","MAX","","RISE","",0
"pin_capacitance","","_343_:S","","","MAX","","FALL","",0
"pin_capacitance","","_344_:","","","MIN","","RISE","",0
"pin_capacitance","","_344_:","","","MIN","","FALL","",0
"pin_capacitance","","_344_:","","","MAX","","RISE","",0
"pin_capacitance","","_344_:","","","MAX","","FALL","",0
"pin_capacitance","","_344_:CLK","","","MIN","","RISE","",0
"pin_capacitance","","_344_:CLK","","","MIN","","FALL","",0
"pin_capacitance","","_344_:CLK","","","MAX","","RISE","",0
"pin_capacitance","","_344_:CLK","","","MAX","","FALL","",0
"pin_capacitance","","_344_:D","","","MIN","","RISE","",0
"pin_capacitance","","_344_:D","","","MIN","","FALL","",0
"pin_capacitance","","_344_:D","","","MAX","","RISE","",0
"pin_capacitance","","_344_:D","","","MAX","","FALL","",0
"pin_capacitance","","_344_:Q","","","MIN","","RISE","",0
"pin_capacitance","","_344_:Q","","","MIN","","FALL","",0
"pin_capacitance","","_344_:Q","","","MAX","","RISE","",0
"pin_capacitance","","_344_:Q","","","MAX","","FALL","",0
"pin_capacitance","","_344_:R","","","MIN","","RISE","",0
"pin_capacitance","","_344_:R","","","MIN","","FALL","",0
"pin_capacitance","","_344_:R","","","MAX","","RISE","",-6.3708250369498871e-58
"pin_capacitance","","_344_:R","","","MAX","","FALL","",0
"pin_capacitance","","_344_:S","","","MIN","","RISE","",0
"pin_capacitance","","_344_:S","","","MIN","","FALL","",0
"pin_capacitance","","_344_:S","","","MAX","","RISE","",0
"pin_capacitance","","_344_:S","","","MAX","","FALL","",0
"pin_capacitance","","_345_:","","","MIN","","RISE","",0
"pin_capacitance","","_345_:","","","MIN","","FALL","",0
"pin_capacitance","","_345_:","","","MAX","","RISE","",0
"pin_capacitance","","_345_:","","","MAX","","FALL","",0
"pin_capacitance","","_345_:CLK","","","MIN","","RISE","",0
"pin_capacitance","","_345_:CLK","","","MIN","","FALL","",0
"pin_capacitance","","_345_:CLK","","","MAX","","RISE","",0
"pin_capacitance","","_345_:CLK","","","MAX","","FALL","",0
"pin_capacitance","","_345_:D","","","MIN","","RISE","",0
"pin_capacitance","","_345_:D","","","MIN","","FALL","",0
"pin_capacitance","","_345_:D","","","MAX","","RISE","",0
"pin_capacitance","","_345_:D","","","MAX","","FALL","",0
"pin_capacitance","","_345_:Q","","","MIN","","RISE","",0
"pin_capacitance","","_345_:Q","","","MIN","","FALL","",0
"pin_capacitance","","_345_:Q","","","MAX","","RISE","",0
"pin_capacitance","","_345_:Q","","","MAX","","FALL","",0
"pin_capacitance","","_345_:R","","","MIN","","RISE","",0
"pin_capacitance","","_345_:R","","","MIN","","FALL","",0
"pin_capacitance","","_345_:R","","","MAX","","RISE","",-6.3708250369498871e-58
"pin_capacitance","","_345_:R","","","MAX","","FALL","",0
"pin_capacitance","","_345_:S","","","MIN","","RISE","",0
"pin_capacitance","","_345_:S","","","MIN","","FALL","",0
"pin_capacitance","","_345_:S","","","MAX","","RISE","",0
"pin_capacitance","","_345_:S","","","MAX","","FALL","",0
"pin_capacitance","","_346_:","","","MIN","","RISE","",0
"pin_capacitance","","_346_:","","","MIN","","FALL","",0
"pin_capacitance","","_346_:","","","MAX","","RISE","",0
"pin_capacitance","","_346_:","","","MAX","","FALL","",0
"pin_capacitance","","_346_:CLK","","","MIN","","RISE","",0
"pin_capacitance","","_346_:CLK","","","MIN","","FALL","",0
"pin_capacitance","","_346_:CLK","","","MAX","","RISE","",0
"pin_capacitance","","_346_:CLK","","","MAX","","FALL","",0
"pin_capacitance","","_346_:D","","","MIN","","RISE","",0
"pin_capacitance","","_346_:D","","","MIN","","FALL","",0
"pin_capacitance","","_346_:D","","","MAX","","RISE","",0
"pin_capacitance","","_346_:D","","","MAX","","FALL","",0
"pin_capacitance","","_346_:Q","","","MIN","","RISE","",0
"pin_capacitance","","_346_:Q","","","MIN","","FALL","",0
"pin_capacitance","","_346_:Q","","","MAX","","RISE","",0
"pin_capacitance","","_346_:Q","","","MAX","","FALL","",0
"pin_capacitance","","_346_:R","","","MIN","","RISE","",0
"pin_capacitance","","_346_:R","","","MIN","","FALL","",0
"pin_capacitance","","_346_:R","","","MAX","","RISE","",-6.3708250369498871e-58
"pin_capacitance","","_346_:R","","","MAX","","FALL","",0
"pin_capacitance","","_346_:S","","","MIN","","RISE","",0
"pin_capacitance","","_346_:S","","","MIN","","FALL","",0
"pin_capacitance","","_346_:S","","","MAX","","RISE","",0
"pin_capacitance","","_346_:S","","","MAX","","FALL","",0
"pin_capacitance","","_347_:","","","MIN","","RISE","",0
"pin_capacitance","","_347_:","","","MIN","","FALL","",0
"pin_capacitance","","_347_:","","","MAX","","RISE","",0
"pin_capacitance","","_347_:","","","MAX","","FALL","",0
"pin_capacitance","","_347_:CLK","","","MIN","","RISE","",0
"pin_capacitance","","_347_:CLK","","","MIN","","FALL","",0
"pin_capacitance","","_347_:CLK","","","MAX","","RISE","",0
"pin_capacitance","","_347_:CLK","","","MAX","","FALL","",0
"pin_capacitance","","_347_:D","","","MIN","","RISE","",0
"pin_capacitance","","_347_:D","","","MIN","","FALL","",0
"pin_capacitance","","_347_:D","","","MAX","","RISE","",0
"pin_capacitance","","_347_:D","","","MAX","","FALL","",0
"pin_capacitance","","_347_:Q","","","MIN","","RISE","",0
"pin_capacitance","","_347_:Q","","","MIN","","FALL","",0
"pin_capacitance","","_347_:Q","","","MAX","","RISE","",0
"pin_capacitance","","_347_:Q","","","MAX","","FALL","",0
"pin_capacitance","","_347_:R","","","MIN","","RISE","",0
"pin_capacitance","","_347_:R","","","MIN","","FALL","",0
"pin_capacitance","","_347_:R","","","MAX","","RISE","",-6.3708250369498871e-58
"pin_capacitance","","_347_:R","","","MAX","","FALL","",0
"pin_capacitance","","_347_:S","","","MIN","","RISE","",0
"pin_capacitance","","_347_:S","","","MIN","","FALL","",0
"pin_capacitance","","_347_:S","","","MAX","","RISE","",0
"pin_capacitance","","_347_:S","","","MAX","","FALL","",0
"pin_capacitance","","_348_:","","","MIN","","RISE","",0
"pin_capacitance","","_348_:","","","MIN","","FALL","",0
"pin_capacitance","","_348_:","","","MAX","","RISE","",0
"pin_capacitance","","_348_:","","","MAX","","FALL","",0
"pin_capacitance","","_348_:CLK","","","MIN","","RISE","",0
"pin_capacitance","","_348_:CLK","","","MIN","","FALL","",0
"pin_capacitance","","_348_:CLK","","","MAX","","RISE","",0
"pin_capacitance","","_348_:CLK","","","MAX","","FALL","",0
"pin_capacitance","","_348_:D","","","MIN","","RISE","",0
"pin_capacitance","","_348_:D","","","MIN","","FALL","",0
"pin_capacitance","","_348_:D","","","MAX","","RISE","",0
"pin_capacitance","","_348_:D","","","MAX","","FALL","",0
"pin_capacitance","","_348_:Q","","","MIN","","RISE","",0
"pin_capacitance","","_348_:Q","","","MIN","","FALL","",0
"pin_capacitance","","_348_:Q","","","MAX","","RISE","",0
"pin_capacitance","","_348_:Q","","","MAX","","FALL","",0
"pin_capacitance","","_348_:R","","","MIN","","RISE","",0
"pin_capacitance","","_348_:R","","","MIN","","FALL","",0
"pin_capacitance","","_348_:R","","","MAX","","RISE","",-2.7753743880311792e-64
"pin_capacitance","","_348_:R","","","MAX","","FALL","",0
"pin_capacitance","","_348_:S","","","MIN","","RISE","",0
"pin_capacitance","","_348_:S","","","MIN","","FALL","",0
"pin_capacitance","","_348_:S","","","MAX","","RISE","",0
"pin_capacitance","","_348_:S","","","MAX","","FALL","",0
"pin_capacitance","","_349_:","","","MIN","","RISE","",0
"pin_capacitance","","_349_:","","","MIN","","FALL","",0
"pin_capacitance","","_349_:","","","MAX","","RISE","",0
"pin_capacitance","","_349_:","","","MAX","","FALL","",0
"pin_capacitance","","_349_:CLK","","","MIN","","RISE","",0
"pin_capacitance","","_349_:CLK","","","MIN","","FALL","",0
"pin_capacitance","","_349_:CLK","","","MAX","","RISE","",0
"pin_capacitance","","_349_:CLK","","","MAX","","FALL","",0
"pin_capacitance","","_349_:D","","","MIN","","RISE","",0
"pin_capacitance","","_349_:D","","","MIN","","FALL","",0
"pin_capacitance","","_349_:D","","","MAX","","RISE","",0
"pin_capacitance","","_349_:D","","","MAX","","FALL","",0
"pin_capacitance","","_349_:Q","","","MIN","","RISE","",0
"pin_capacitance","","_349_:Q","","","MIN","","FALL","",0
"pin_capacitance","","_349_:Q","","","MAX","","RISE","",0
"pin_capacitance","","_349_:Q","","","MAX","","FALL","",0
"pin_capacitance","","_349_:R","","","MIN","","RISE","",0
"pin_capacitance","","_349_:R","","","MIN","","FALL","",0
"pin_capacitance","","_349_:R","","","MAX","","RISE","",-6.6561889107641674e-17
"pin_capacitance","","_349_:R","","","MAX","","FALL","",0
"pin_capacitance","","_349_:S","","","MIN","","RISE","",0
"pin_capacitance","","_349_:S","","","MIN","","FALL","",0
"pin_capacitance","","_349_:S","","","MAX","","RISE","",0
"pin_capacitance","","_349_:S","","","MAX","","FALL","",0
"pin_capacitance","","_350_:","","","MIN","","RISE","",0
"pin_capacitance","","_350_:","","","MIN","","FALL","",0
"pin_capacitance","","_350_:","","","MAX","","RISE","",0
"pin_capacitance","","_350_:","","","MAX","","FALL","",0
"pin_capacitance","","_350_:CLK","","","MIN","","RISE","",0
"pin_capacitance","","_350_:CLK","","","MIN","","FALL","",0
"pin_capacitance","","_350_:CLK","","","MAX","","RISE","",0
"pin_capacitance","","_350_:CLK","","","MAX","","FALL","",0
"pin_capacitance","","_350_:D","","","MIN","","RISE","",0
"pin_capacitance","","_350_:D","","","MIN","","FALL","",0
"pin_capacitance","","_350_:D","","","MAX","","RISE","",0
"pin_capacitance","","_350_:D","","","MAX","","FALL","",0
"pin_capacitance","","_350_:Q","","","MIN","","RISE","",0
"pin_capacitance","","_350_:Q","","","MIN","","FALL","",0
"pin_capacitance","","_350_:Q","","","MAX","","RISE","",0
"pin_capacitance","","_350_:Q","","","MAX","","FALL","",0
"pin_capacitance","","_350_:R","","","MIN","","RISE","",0
"pin_capacitance","","_350_:R","","","MIN","","FALL","",0
"pin_capacitance","","_350_:R","","","MAX","","RISE","",-5.7602705935884682e-50
"pin_capacitance","","_350_:R","","","MAX","","FALL","",0
"pin_capacitance","","_350_:S","","","MIN","","RISE","",0
"pin_capacitance","","_350_:S","","","MIN","","FALL","",0
"pin_capacitance","","_350_:S","","","MAX","","RISE","",0
"pin_capacitance","","_350_:S","","","MAX","","FALL","",0
"pin_capacitance","","_351_:","","","MIN","","RISE","",0
"pin_capacitance","","_351_:","","","MIN","","FALL","",0
"pin_capacitance","","_351_:","","","MAX","","RISE","",0
"pin_capacitance","","_351_:","","","MAX","","FALL","",0
"pin_capacitance","","_351_:CLK","","","MIN","","RISE","",0
"pin_capacitance","","_351_:CLK","","","MIN","","FALL","",0
"pin_capacitance","","_351_:CLK","","","MAX","","RISE","",0
"pin_capacitance","","_351_:CLK","","","MAX","","FALL","",0
"pin_capacitance","","_351_:D","","","MIN","","RISE","",0
"pin_capacitance","","_351_:D","","","MIN","","FALL","",0
"pin_capacitance","","_351_:D","","","MAX","","RISE","",0
"pin_capacitance","","_351_:D","","","MAX","","FALL","",0
"pin_capacitance","","_351_:Q","","","MIN","","RISE","",0
"pin_capacitance","","_351_:Q","","","MIN","","FALL","",0
"pin_capacitance","","_351_:Q","","","MAX","","RISE","",0
"pin_capacitance","","_351_:Q","","","MAX","","FALL","",0
"pin_capacitance","","_351_:R","","","MIN","","RISE","",0
"pin_capacitance","","_351_:R","","","MIN","","FALL","",0
"pin_capacitance","","_351_:R","","","MAX","","RISE","",-2.1665806394360574e-21
"pin_capacitance","","_351_:R","","","MAX","","FALL","",0
"pin_capacitance","","_351_:S","","","MIN","","RISE","",0
"pin_capacitance","","_351_:S","","","MIN","","FALL","",0
"pin_capacitance","","_351_:S","","","MAX","","RISE","",0
"pin_capacitance","","_351_:S","","","MAX","","FALL","",0
"pin_capacitance","","_352_:","","","MIN","","RISE","",0
"pin_capacitance","","_352_:","","","MIN","","FALL","",0
"pin_capacitance","","_352_:","","","MAX","","RISE","",0
"pin_capacitance","","_352_:","","","MAX","","FALL","",0
"pin_capacitance","","_352_:CLK","","","MIN","","RISE","",0
"pin_capacitance","","_352_:CLK","","","MIN","","FALL","",0
"pin_capacitance","","_352_:CLK","","","MAX","","RISE","",0
"pin_capacitance","","_352_:CLK","","","MAX","","FALL","",0
"pin_capacitance","","_352_:D","","","MIN","","RISE","",0
"pin_capacitance","","_352_:D","","","MIN","","FALL","",0
"pin_capacitance","","_352_:D","","","MAX","","RISE","",0
"pin_capacitance","","_352_:D","","","MAX","","FALL","",0
"pin_capacitance","","_352_:Q","","","MIN","","RISE","",0
"pin_capacitance","","_352_:Q","","","MIN","","FALL","",0
"pin_capacitance","","_352_:Q","","","MAX","","RISE","",0
"pin_capacitance","","_352_:Q","","","MAX","","FALL","",0
"pin_capacitance","","_352_:R","","","MIN","","RISE","",0
"pin_capacitance","","_352_:R","","","MIN","","FALL","",0
"pin_capacitance","","_352_:R","","","MAX","","RISE","",-5.7602705935884682e-50
"pin_capacitance","","_352_:R","","","MAX","","FALL","",0
"pin_capacitance","","_352_:S","","","MIN","","RISE","",0
"pin_capacitance","","_352_:S","","","MIN","","FALL","",0
"pin_capacitance","","_352_:S","","","MAX","","RISE","",0
"pin_capacitance","","_352_:S","","","MAX","","FALL","",0
"pin_capacitance","","_353_:","","","MIN","","RISE","",0
"pin_capacitance","","_353_:","","","MIN","","FALL","",0
"pin_capacitance","","_353_:","","","MAX","","RISE","",0
"pin_capacitance","","_353_:","","","MAX","","FALL","",0
"pin_capacitance","","_353_:CLK","","","MIN","","RISE","",0
"pin_capacitance","","_353_:CLK","","","MIN","","FALL","",0
"pin_capacitance","","_353_:CLK","","","MAX","","RISE","",0
"pin_capacitance","","_353_:CLK","","","MAX","","FALL","",0
"pin_capacitance","","_353_:D","","","MIN","","RISE","",0
"pin_capacitance","","_353_:D","","","MIN","","FALL","",0
"pin_capacitance","","_353_:D","","","MAX","","RISE","",0
"pin_capacitance","","_353_:D","","","MAX","","FALL","",0
"pin_capacitance","","_353_:Q","","","MIN","","RISE","",0
"pin_capacitance","","_353_:Q","","","MIN","","FALL","",0
"pin_capacitance","","_353_:Q","","","MAX","","RISE","",0
"pin_capacitance","","_353_:Q","","","MAX","","FALL","",0
"pin_capacitance","","_353_:R","","","MIN","","RISE","",0
"pin_capacitance","","_353_:R","","","MIN","","FALL","",0
"pin_capacitance","","_353_:R","","","MAX","","RISE","",-7.4636578952646768e-25
"pin_capacitance","","_353_:R","","","MAX","","FALL","",0
"pin_capacitance","","_353_:S","","","MIN","","RISE","",0
"pin_capacitance","","_353_:S","","","MIN","","FALL","",0
"pin_capacitance","","_353_:S","","","MAX","","RISE","",0
"pin_capacitance","","_353_:S","","","MAX","","FALL","",0
"pin_capacitance","","_354_:","","","MIN","","RISE","",0
"pin_capacitance","","_354_:","","","MIN","","FALL","",0
"pin_capacitance","","_354_:","","","MAX","","RISE","",0
"pin_capacitance","","_354_:","","","MAX","","FALL","",0
"pin_capacitance","","_354_:CLK","","","MIN","","RISE","",0
"pin_capacitance","","_354_:CLK","","","MIN","","FALL","",0
"pin_capacitance","","_354_:CLK","","","MAX","","RISE","",0
"pin_capacitance","","_354_:CLK","","","MAX","","FALL","",0
"pin_capacitance","","_354_:D","","","MIN","","RISE","",0
"pin_capacitance","","_354_:D","","","MIN","","FALL","",0
"pin_capacitance","","_354_:D","","","MAX","","RISE","",0
"pin_capacitance","","_354_:D","","","MAX","","FALL","",0
"pin_capacitance","","_354_:Q","","","MIN","","RISE","",0
"pin_capacitance","","_354_:Q","","","MIN","","FALL","",0
"pin_capacitance","","_354_:Q","","","MAX","","RISE","",0
"pin_capacitance","","_354_:Q","","","MAX","","FALL","",0
"pin_capacitance","","_354_:R","","","MIN","","RISE","",0
"pin_capacitance","","_354_:R","","","MIN","","FALL","",0
"pin_capacitance","","_354_:R","","","MAX","","RISE","",-2.4754865271700446e-35
"pin_capacitance","","_354_:R","","","MAX","","FALL","",0
"pin_capacitance","","_354_:S","","","MIN","","RISE","",0
"pin_capacitance","","_354_:S","","","MIN","","FALL","",0
"pin_capacitance","","_354_:S","","","MAX","","RISE","",0
"pin_capacitance","","_354_:S","","","MAX","","FALL","",0
"pin_capacitance","","_355_:","","","MIN","","RISE","",0
"pin_capacitance","","_355_:","","","MIN","","FALL","",0
"pin_capacitance","","_355_:","","","MAX","","RISE","",0
"pin_capacitance","","_355_:","","","MAX","","FALL","",0
"pin_capacitance","","_355_:CLK","","","MIN","","RISE","",0
"pin_capacitance","","_355_:CLK","","","MIN","","FALL","",0
"pin_capacitance","","_355_:CLK","","","MAX","","RISE","",0
"pin_capacitance","","_355_:CLK","","","MAX","","FALL","",0
"pin_capacitance","","_355_:D","","","MIN","","RISE","",0
"pin_capacitance","","_355_:D","","","MIN","","FALL","",0
"pin_capacitance","","_355_:D","","","MAX","","RISE","",0
"pin_capacitance","","_355_:D","","","MAX","","FALL","",0
"pin_capacitance","","_355_:Q","","","MIN","","RISE","",0
"pin_capacitance","","_355_:Q","","","MIN","","FALL","",0
"pin_capacitance","","_355_:Q","","","MAX","","RISE","",0
"pin_capacitance","","_355_:Q","","","MAX","","FALL","",0
"pin_capacitance","","_355_:R","","","MIN","","RISE","",0
"pin_capacitance","","_355_:R","","","MIN","","FALL","",0
"pin_capacitance","","_355_:R","","","MAX","","RISE","",-4.9198447667605805e-49
"pin_capacitance","","_355_:R","","","MAX","","FALL","",0
"pin_capacitance","","_355_:S","","","MIN","","RISE","",0
"pin_capacitance","","_355_:S","","","MIN","","FALL","",0
"pin_capacitance","","_355_:S","","","MAX","","RISE","",0
"pin_capacitance","","_355_:S","","","MAX","","FALL","",0
"pin_capacitance","","_356_:","","","MIN","","RISE","",0
"pin_capacitance","","_356_:","","","MIN","","FALL","",0
"pin_capacitance","","_356_:","","","MAX","","RISE","",0
"pin_capacitance","","_356_:","","","MAX","","FALL","",0
"pin_capacitance","","_356_:CLK","","","MIN","","RISE","",0
"pin_capacitance","","_356_:CLK","","","MIN","","FALL","",0
"pin_capacitance","","_356_:CLK","","","MAX","","RISE","",0
"pin_capacitance","","_356_:CLK","","","MAX","","FALL","",0
"pin_capacitance","","_356_:D","","","MIN","","RISE","",0
"pin_capacitance","","_356_:D","","","MIN","","FALL","",0
"pin_capacitance","","_356_:D","","","MAX","","RISE","",0
"pin_capacitance","","_356_:D","","","MAX","","FALL","",0
"pin_capacitance","","_356_:Q","","","MIN","","RISE","",0
"pin_capacitance","","_356_:Q","","","MIN","","FALL","",0
"pin_capacitance","","_356_:Q","","","MAX","","RISE","",0
"pin_capacitance","","_356_:Q","","","MAX","","FALL","",0
"pin_capacitance","","_356_:R","","","MIN","","RISE","",0
"pin_capacitance","","_356_:R","","","MIN","","FALL","",0
"pin_capacitance","","_356_:R","","","MAX","","RISE","",-2.6079361866928716e-22
"pin_capacitance","","_356_:R","","","MAX","","FALL","",0
"pin_capacitance","","_356_:S","","","MIN","","RISE","",0
"pin_capacitance","","_356_:S","","","MIN","","FALL","",0
"pin_capacitance","","_356_:S","","","MAX","","RISE","",0
"pin_capacitance","","_356_:S","","","MAX","","FALL","",0
"pin_capacitance","","_357_:","","","MIN","","RISE","",0
"pin_capacitance","","_357_:","","","MIN","","FALL","",0
"pin_capacitance","","_357_:","","","MAX","","RISE","",0
"pin_capacitance","","_357_:","","","MAX","","FALL","",0
"pin_capacitance","","_357_:CLK","","","MIN","","RISE","",0
"pin_capacitance","","_357_:CLK","","","MIN","","FALL","",0
"pin_capacitance","","_357_:CLK","","","MAX","","RISE","",0
"pin_capacitance","","_357_:CLK","","","MAX","","FALL","",0
"pin_capacitance","","_357_:D","","","MIN","","RISE","",0
"pin_capacitance","","_357_:D","","","MIN","","FALL","",0
"pin_capacitance","","_357_:D","","","MAX","","RISE","",0
"pin_capacitance","","_357_:D","","","MAX","","FALL","",0
"pin_capacitance","","_357_:Q","","","MIN","","RISE","",0
"pin_capacitance","","_357_:Q","","","MIN","","FALL","",0
"pin_capacitance","","_357_:Q","","","MAX","","RISE","",0
"pin_capacitance","","_357_:Q","","","MAX","","FALL","",0
"pin_capacitance","","_357_:R","","","MIN","","RISE","",0
"pin_capacitance","","_357_:R","","","MIN","","FALL","",0
"pin_capacitance","","_357_:R","","","MAX","","RISE","",-3.7653621484799829e-28
"pin_capacitance","","_357_:R","","","MAX","","FALL","",0
"pin_capacitance","","_357_:S","","","MIN","","RISE","",0
"pin_capacitance","","_357_:S","","","MIN","","FALL","",0
"pin_capacitance","","_357_:S","","","MAX","","RISE","",0
"pin_capacitance","","_357_:S","","","MAX","","FALL","",0
"pin_capacitance","","_358_:","","","MIN","","RISE","",0
"pin_capacitance","","_358_:","","","MIN","","FALL","",0
"pin_capacitance","","_358_:","","","MAX","","RISE","",0
"pin_capacitance","","_358_:","","","MAX","","FALL","",0
"pin_capacitance","","_358_:CLK","","","MIN","","RISE","",0
"pin_capacitance","","_358_:CLK","","","MIN","","FALL","",0
"pin_capacitance","","_358_:CLK","","","MAX","","RISE","",0
"pin_capacitance","","_358_:CLK","","","MAX","","FALL","",0
"pin_capacitance","","_358_:D","","","MIN","","RISE","",0
"pin_capacitance","","_358_:D","","","MIN","","FALL","",0
"pin_capacitance","","_358_:D","","","MAX","","RISE","",0
"pin_capacitance","","_358_:D","","","MAX","","FALL","",0
"pin_capacitance","","_358_:Q","","","MIN","","RISE","",0
"pin_capacitance","","_358_:Q","","","MIN","","FALL","",0
"pin_capacitance","","_358_:Q","","","MAX","","RISE","",0
"pin_capacitance","","_358_:Q","","","MAX","","FALL","",0
"pin_capacitance","","_358_:R","","","MIN","","RISE","",0
"pin_capacitance","","_358_:R","","","MIN","","FALL","",0
"pin_capacitance","","_358_:R","","","MAX","","RISE","",-9.8501883407178316e-31
"pin_capacitance","","_358_:R","","","MAX","","FALL","",0
"pin_capacitance","","_358_:S","","","MIN","","RISE","",0
"pin_capacitance","","_358_:S","","","MIN","","FALL","",0
"pin_capacitance","","_358_:S","","","MAX","","RISE","",0
"pin_capacitance","","_358_:S","","","MAX","","FALL","",0
"pin_capacitance","","_359_:","","","MIN","","RISE","",0
"pin_capacitance","","_359_:","","","MIN","","FALL","",0
"pin_capacitance","","_359_:","","","MAX","","RISE","",0
"pin_capacitance","","_359_:","","","MAX","","FALL","",0
"pin_capacitance","","_359_:CLK","","","MIN","","RISE","",0
"pin_capacitance","","_359_:CLK","","","MIN","","FALL","",0
"pin_capacitance","","_359_:CLK","","","MAX","","RISE","",0
"pin_capacitance","","_359_:CLK","","","MAX","","FALL","",0
"pin_capacitance","","_359_:D","","","MIN","","RISE","",0
"pin_capacitance","","_359_:D","","","MIN","","FALL","",0
"pin_capacitance","","_359_:D","","","MAX","","RISE","",0
"pin_capacitance","","_359_:D","","","MAX","","FALL","",0
"pin_capacitance","","_359_:Q","","","MIN","","RISE","",0
"pin_capacitance","","_359_:Q","","","MIN","","FALL","",0
"pin_capacitance","","_359_:Q","","","MAX","","RISE","",0
"pin_capacitance","","_359_:Q","","","MAX","","FALL","",0
"pin_capacitance","","_359_:R","","","MIN","","RISE","",0
"pin_capacitance","","_359_:R","","","MIN","","FALL","",0
"pin_capacitance","","_359_:R","","","MAX","","RISE","",-9.8501883407178316e-31
"pin_capacitance","","_359_:R","","","MAX","","FALL","",0
"pin_capacitance","","_359_:S","","","MIN","","RISE","",0
"pin_capacitance","","_359_:S","","","MIN","","FALL","",0
"pin_capacitance","","_359_:S","","","MAX","","RISE","",0
"pin_capacitance","","_359_:S","","","MAX","","FALL","",0
"pin_capacitance","","_360_:","","","MIN","","RISE","",0
"pin_capacitance","","_360_:","","","MIN","","FALL","",0
"pin_capacitance","","_360_:","","","MAX","","RISE","",0
"pin_capacitance","","_360_:","","","MAX","","FALL","",0
"pin_capacitance","","_360_:CLK","","","MIN","","RISE","",0
"pin_capacitance","","_360_:CLK","","","MIN","","FALL","",0
"pin_capacitance","","_360_:CLK","","","MAX","","RISE","",0
"pin_capacitance","","_360_:CLK","","","MAX","","FALL","",0
"pin_capacitance","","_360_:D","","","MIN","","RISE","",0
"pin_capacitance","","_360_:D","","","MIN","","FALL","",0
"pin_capacitance","","_360_:D","","","MAX","","RISE","",0
"pin_capacitance","","_360_:D","","","MAX","","FALL","",0
"pin_capacitance","","_360_:Q","","","MIN","","RISE","",0
"pin_capacitance","","_360_:Q","","","MIN","","FALL","",0
"pin_capacitance","","_360_:Q","","","MAX","","RISE","",0
"pin_capacitance","","_360_:Q","","","MAX","","FALL","",0
"pin_capacitance","","_360_:R","","","MIN","","RISE","",0
"pin_capacitance","","_360_:R","","","MIN","","FALL","",0
"pin_capacitance","","_360_:R","","","MAX","","RISE","",-0.00096658702977338729
"pin_capacitance","","_360_:R","","","MAX","","FALL","",0
"pin_capacitance","","_360_:S","","","MIN","","RISE","",0
"pin_capacitance","","_360_:S","","","MIN","","FALL","",0
"pin_capacitance","","_360_:S","","","MAX","","RISE","",0
"pin_capacitance","","_360_:S","","","MAX","","FALL","",0
"pin_capacitance","","_361_:","","","MIN","","RISE","",0
"pin_capacitance","","_361_:","","","MIN","","FALL","",0
"pin_capacitance","","_361_:","","","MAX","","RISE","",0
"pin_capacitance","","_361_:","","","MAX","","FALL","",0
"pin_capacitance","","_361_:CLK","","","MIN","","RISE","",0
"pin_capacitance","","_361_:CLK","","","MIN","","FALL","",0
"pin_capacitance","","_361_:CLK","","","MAX","","RISE","",0
"pin_capacitance","","_361_:CLK","","","MAX","","FALL","",0
"pin_capacitance","","_361_:D","","","MIN","","RISE","",0
"pin_capacitance","","_361_:D","","","MIN","","FALL","",0
"pin_capacitance","","_361_:D","","","MAX","","RISE","",0
"pin_capacitance","","_361_:D","","","MAX","","FALL","",0
"pin_capacitance","","_361_:Q","","","MIN","","RISE","",0
"pin_capacitance","","_361_:Q","","","MIN","","FALL","",0
"pin_capacitance","","_361_:Q","","","MAX","","RISE","",0
"pin_capacitance","","_361_:Q","","","MAX","","FALL","",0
"pin_capacitance","","_361_:R","","","MIN","","RISE","",0
"pin_capacitance","","_361_:R","","","MIN","","FALL","",0
"pin_capacitance","","_361_:R","","","MAX","","RISE","",-133.14861353945068
"pin_capacitance","","_361_:R","","","MAX","","FALL","",0
"pin_capacitance","","_361_:S","","","MIN","","RISE","",0
"pin_capacitance","","_361_:S","","","MIN","","FALL","",0
"pin_capacitance","","_361_:S","","","MAX","","RISE","",0
"pin_capacitance","","_361_:S","","","MAX","","FALL","",0
"pin_capacitance","","_362_:","","","MIN","","RISE","",0
"pin_capacitance","","_362_:","","","MIN","","FALL","",0
"pin_capacitance","","_362_:","","","MAX","","RISE","",0
"pin_capacitance","","_362_:","","","MAX","","FALL","",0
"pin_capacitance","","_362_:CLK","","","MIN","","RISE","",0
"pin_capacitance","","_362_:CLK","","","MIN","","FALL","",0
"pin_capacitance","","_362_:CLK","","","MAX","","RISE","",0
"pin_capacitance","","_362_:CLK","","","MAX","","FALL","",0
"pin_capacitance","","_362_:D","","","MIN","","RISE","",0
"pin_capacitance","","_362_:D","","","MIN","","FALL","",0
"pin_capacitance","","_362_:D","","","MAX","","RISE","",0
"pin_capacitance","","_362_:D","","","MAX","","FALL","",0
"pin_capacitance","","_362_:Q","","","MIN","","RISE","",0
"pin_capacitance","","_362_:Q","","","MIN","","FALL","",0
"pin_capacitance","","_362_:Q","","","MAX","","RISE","",0
"pin_capacitance","","_362_:Q","","","MAX","","FALL","",0
"pin_capacitance","","_362_:R","","","MIN","","RISE","",0
"pin_capacitance","","_362_:R","","","MIN","","FALL","",0
"pin_capacitance","","_362_:R","","","MAX","","RISE","",-0.00096017012869159079
"pin_capacitance","","_362_:R","","","MAX","","FALL","",0
"pin_capacitance","","_362_:S","","","MIN","","RISE","",0
"pin_capacitance","","_362_:S","","","MIN","","FALL","",0
"pin_capacitance","","_362_:S","","","MAX","","RISE","",0
"pin_capacitance","","_362_:S","","","MAX","","FALL","",0
"pin_capacitance","","_363_:","","","MIN","","RISE","",0
"pin_capacitance","","_363_:","","","MIN","","FALL","",0
"pin_capacitance","","_363_:","","","MAX","","RISE","",0
"pin_capacitance","","_363_:","","","MAX","","FALL","",0
"pin_capacitance","","_363_:CLK","","","MIN","","RISE","",0
"pin_capacitance","","_363_:CLK","","","MIN","","FALL","",0
"pin_capacitance","","_363_:CLK","","","MAX","","RISE","",0
"pin_capacitance","","_363_:CLK","","","MAX","","FALL","",0
"pin_capacitance","","_363_:D","","","MIN","","RISE","",0
"pin_capacitance","","_363_:D","","","MIN","","FALL","",0
"pin_capacitance","","_363_:D","","","MAX","","RISE","",0
"pin_capacitance","","_363_:D","","","MAX","","FALL","",0
"pin_capacitance","","_363_:Q","","","MIN","","RISE","",0
"pin_capacitance","","_363_:Q","","","MIN","","FALL","",0
"pin_capacitance","","_363_:Q","","","MAX","","RISE","",0
"pin_capacitance","","_363_:Q","","","MAX","","FALL","",0
"pin_capacitance","","_363_:R","","","MIN","","RISE","",0
"pin_capacitance","","_363_:R","","","MIN","","FALL","",0
"pin_capacitance","","_363_:R","","","MAX","","RISE","",-9.8501883407178316e-31
"pin_capacitance","","_363_:R","","","MAX","","FALL","",0
"pin_capacitance","","_363_:S","","","MIN","","RISE","",0
"pin_capacitance","","_363_:S","","","MIN","","FALL","",0
"pin_capacitance","","_363_:S","","","MAX","","RISE","",0
"pin_capacitance","","_363_:S","","","MAX","","FALL","",0
"pin_capacitance","","_364_:","","","MIN","","RISE","",0
"pin_capacitance","","_364_:","","","MIN","","FALL","",0
"pin_capacitance","","_364_:","","","MAX","","RISE","",0
"pin_capacitance","","_364_:","","","MAX","","FALL","",0
"pin_capacitance","","_364_:CLK","","","MIN","","RISE","",0
"pin_capacitance","","_364_:CLK","","","MIN","","FALL","",0
"pin_capacitance","","_364_:CLK","","","MAX","","RISE","",0
"pin_capacitance","","_364_:CLK","","","MAX","","FALL","",0
"pin_capacitance","","_364_:D","","","MIN","","RISE","",0
"pin_capacitance","","_364_:D","","","MIN","","FALL","",0
"pin_capacitance","","_364_:D","","","MAX","","RISE","",0
"pin_capacitance","","_364_:D","","","MAX","","FALL","",0
"pin_capacitance","","_364_:Q","","","MIN","","RISE","",0
"pin_capacitance","","_364_:Q","","","MIN","","FALL","",0
"pin_capacitance","","_364_:Q","","","MAX","","RISE","",0
"pin_capacitance","","_364_:Q","","","MAX","","FALL","",0
"pin_capacitance","","_364_:R","","","MIN","","RISE","",0
"pin_capacitance","","_364_:R","","","MIN","","FALL","",0
"pin_capacitance","","_364_:R","","","MAX","","RISE","",-8.092518108333787e-18
"pin_capacitance","","_364_:R","","","MAX","","FALL","",0
"pin_capacitance","","_364_:S","","","MIN","","RISE","",0
"pin_capacitance","","_364_:S","","","MIN","","FALL","",0
"pin_capacitance","","_364_:S","","","MAX","","RISE","",0
"pin_capacitance","","_364_:S","","","MAX","","FALL","",0
"pin_capacitance","","_365_:","","","MIN","","RISE","",0
"pin_capacitance","","_365_:","","","MIN","","FALL","",0
"pin_capacitance","","_365_:","","","MAX","","RISE","",0
"pin_capacitance","","_365_:","","","MAX","","FALL","",0
"pin_capacitance","","_365_:CLK","","","MIN","","RISE","",0
"pin_capacitance","","_365_:CLK","","","MIN","","FALL","",0
"pin_capacitance","","_365_:CLK","","","MAX","","RISE","",0
"pin_capacitance","","_365_:CLK","","","MAX","","FALL","",0
"pin_capacitance","","_365_:D","","","MIN","","RISE","",0
"pin_capacitance","","_365_:D","","","MIN","","FALL","",0
"pin_capacitance","","_365_:D","","","MAX","","RISE","",0
"pin_capacitance","","_365_:D","","","MAX","","FALL","",0
"pin_capacitance","","_365_:Q","","","MIN","","RISE","",0
"pin_capacitance","","_365_:Q","","","MIN","","FALL","",0
"pin_capacitance","","_365_:Q","","","MAX","","RISE","",0
"pin_capacitance","","_365_:Q","","","MAX","","FALL","",0
"pin_capacitance","","_365_:R","","","MIN","","RISE","",0
"pin_capacitance","","_365_:R","","","MIN","","FALL","",0
"pin_capacitance","","_365_:R","","","MAX","","RISE","",0
"pin_capacitance","","_365_:R","","","MAX","","FALL","",0
"pin_capacitance","","_365_:S","","","MIN","","RISE","",0
"pin_capacitance","","_365_:S","","","MIN","","FALL","",0
"pin_capacitance","","_365_:S","","","MAX","","RISE","",0
"pin_capacitance","","_365_:S","","","MAX","","FALL","",0
"input_arrival","","clock","","","MIN","","RISE","",0
"input_slew","","clock","","","MIN","","RISE","",0
"pin_capacitance","","clock","","","MIN","","RISE","",0
"input_arrival","","clock","","","MIN","","FALL","",0
"input_slew","","clock","","","MIN","","FALL","",0
"pin_capacitance","","clock","","","MIN","","FALL","",0
"input_arrival","","clock","","","MAX","","RISE","",0
"input_slew","","clock","","","MAX","","RISE","",-0.0012256015110009742
"pin_capacitance","","clock","","","MAX","","RISE","",0
"input_arrival","","clock","","","MAX","","FALL","",0
"input_slew","","clock","","","MAX","","FALL","",0
"pin_capacitance","","clock","","","MAX","","FALL","",0
"output_load","","counter_0_","","","MIN","","RISE","",0
"output_load","","counter_0_","","","MIN","","FALL","",0
"output_load","","counter_0_","","","MAX","","RISE","",-4.3064900461030295e-19
"output_load","","counter_0_","","","MAX","","FALL","",0
"output_load","","counter_1_","","","MIN","","RISE","",0
"output_load","","counter_1_","","","MIN","","FALL","",0
"output_load","","counter_1_","","","MAX","","RISE","",-3.732982250823188e-52
"output_load","","counter_1_","","","MAX","","FALL","",0
"output_load","","counter_2_","","","MIN","","RISE","",0
"output_load","","counter_2_","","","MIN","","FALL","",0
"output_load","","counter_2_","","","MAX","","RISE","",-1.4020701837304365e-23
"output_load","","counter_2_","","","MAX","","FALL","",0
"output_load","","counter_3_","","","MIN","","RISE","",0
"output_load","","counter_3_","","","MIN","","FALL","",0
"output_load","","counter_3_","","","MAX","","RISE","",-3.732982250823188e-52
"output_load","","counter_3_","","","MAX","","FALL","",0
"output_load","","counter_4_","","","MIN","","RISE","",0
"output_load","","counter_4_","","","MIN","","FALL","",0
"output_load","","counter_4_","","","MAX","","RISE","",-4.8308274347213187e-27
"output_load","","counter_4_","","","MAX","","FALL","",0
"output_load","","counter_5_","","","MIN","","RISE","",0
"output_load","","counter_5_","","","MIN","","FALL","",0
"output_load","","counter_5_","","","MAX","","RISE","",-1.6030869394688703e-37
"output_load","","counter_5_","","","MAX","","FALL","",0
"output_load","","counter_6_","","","MIN","","RISE","",0
"output_load","","counter_6_","","","MIN","","FALL","",0
"output_load","","counter_6_","","","MAX","","RISE","",-3.1881906822545821e-51
"output_load","","counter_6_","","","MAX","","FALL","",0
"output_load","","counter_7_","","","MIN","","RISE","",0
"output_load","","counter_7_","","","MIN","","FALL","",0
"output_load","","counter_7_","","","MAX","","RISE","",-1.6877640993579733e-24
"output_load","","counter_7_","","","MAX","","FALL","",0
"output_load","","done","","","MIN","","RISE","",0
"output_load","","done","","","MIN","","FALL","",0
"output_load","","done","","","MAX","","RISE","",-1.7998829835374793e-66
"output_load","","done","","","MAX","","FALL","",0
"output_load","","dp_0_","","","MIN","","RISE","",0
"output_load","","dp_0_","","","MIN","","FALL","",0
"output_load","","dp_0_","","","MAX","","RISE","",-4.1302923919184251e-60
"output_load","","dp_0_","","","MAX","","FALL","",0
"output_load","","dp_1_","","","MIN","","RISE","",0
"output_load","","dp_1_","","","MIN","","FALL","",0
"output_load","","dp_1_","","","MAX","","RISE","",-4.1302923919184251e-60
"output_load","","dp_1_","","","MAX","","FALL","",0
"output_load","","dp_2_","","","MIN","","RISE","",0
"output_load","","dp_2_","","","MIN","","FALL","",0
"output_load","","dp_2_","","","MAX","","RISE","",-4.1302923919184251e-60
"output_load","","dp_2_","","","MAX","","FALL","",0
"output_load","","dp_3_","","","MIN","","RISE","",0
"output_load","","dp_3_","","","MIN","","FALL","",0
"output_load","","dp_3_","","","MAX","","RISE","",-4.1302923919184251e-60
"output_load","","dp_3_","","","MAX","","FALL","",0
"output_load","","dp_4_","","","MIN","","RISE","",0
"output_load","","dp_4_","","","MIN","","FALL","",0
"output_load","","dp_4_","","","MAX","","RISE","",-4.1302923919184251e-60
"output_load","","dp_4_","","","MAX","","FALL","",0
"output_load","","dp_5_","","","MIN","","RISE","",0
"output_load","","dp_5_","","","MIN","","FALL","",0
"output_load","","dp_5_","","","MAX","","RISE","",-4.1302923919184251e-60
"output_load","","dp_5_","","","MAX","","FALL","",0
"output_load","","dp_6_","","","MIN","","RISE","",0
"output_load","","dp_6_","","","MIN","","FALL","",0
"output_load","","dp_6_","","","MAX","","RISE","",-4.1302923919184251e-60
"output_load","","dp_6_","","","MAX","","FALL","",0
"output_load","","dp_7_","","","MIN","","RISE","",0
"output_load","","dp_7_","","","MIN","","FALL","",0
"output_load","","dp_7_","","","MAX","","RISE","",-4.1302923919184251e-60
"output_load","","dp_7_","","","MAX","","FALL","",0
"output_load","","dp_8_","","","MIN","","RISE","",0
"output_load","","dp_8_","","","MIN","","FALL","",0
"output_load","","dp_8_","","","MAX","","RISE","",-4.1302923919184251e-60
"output_load","","dp_8_","","","MAX","","FALL","",0
"input_arrival","","reset","","","MIN","","RISE","",0
"input_slew","","reset","","","MIN","","RISE","",0
"pin_capacitance","","reset","","","MIN","","RISE","",0
"input_arrival","","reset","","","MIN","","FALL","",0
"input_slew","","reset","","","MIN","","FALL","",0
"pin_capacitance","","reset","","","MIN","","FALL","",0
"input_arrival","","reset","","","MAX","","RISE","",0
"input_slew","","reset","","","MAX","","RISE","",0
"pin_capacitance","","reset","","","MAX","","RISE","",0
"input_arrival","","reset","","","MAX","","FALL","",-0.99999999999999989
"input_slew","","reset","","","MAX","","FALL","",-0.13080742875129203
"pin_capacitance","","reset","","","MAX","","FALL","",0
"output_load","","sr_0_","","","MIN","","RISE","",0
"output_load","","sr_0_","","","MIN","","FALL","",0
"output_load","","sr_0_","","","MAX","","RISE","",-2.437518289334266e-30
"output_load","","sr_0_","","","MAX","","FALL","",0
"output_load","","sr_1_","","","MIN","","RISE","",0
"output_load","","sr_1_","","","MIN","","FALL","",0
"output_load","","sr_1_","","","MAX","","RISE","",-6.37736902955653e-33
"output_load","","sr_1_","","","MAX","","FALL","",0
"output_load","","sr_2_","","","MIN","","RISE","",0
"output_load","","sr_2_","","","MIN","","FALL","",0
"output_load","","sr_2_","","","MAX","","RISE","",-6.37736902955653e-33
"output_load","","sr_2_","","","MAX","","FALL","",0
"output_load","","sr_3_","","","MIN","","RISE","",0
"output_load","","sr_3_","","","MIN","","FALL","",0
"output_load","","sr_3_","","","MAX","","RISE","",-6.2557156679744431e-06
"output_load","","sr_3_","","","MAX","","FALL","",0
"output_load","","sr_4_","","","MIN","","RISE","",0
"output_load","","sr_4_","","","MIN","","FALL","",0
"output_load","","sr_4_","","","MAX","","RISE","",-0.86199932791180678
"output_load","","sr_4_","","","MAX","","FALL","",0
"output_load","","sr_5_","","","MIN","","RISE","",0
"output_load","","sr_5_","","","MIN","","FALL","",0
"output_load","","sr_5_","","","MAX","","RISE","",-6.2141839778633692e-06
"output_load","","sr_5_","","","MAX","","FALL","",0
"output_load","","sr_6_","","","MIN","","RISE","",0
"output_load","","sr_6_","","","MIN","","FALL","",0
"output_load","","sr_6_","","","MAX","","RISE","",-6.37736902955653e-33
"output_load","","sr_6_","","","MAX","","FALL","",0
"output_load","","sr_7_","","","MIN","","RISE","",0
"output_load","","sr_7_","","","MIN","","FALL","",0
"output_load","","sr_7_","","","MAX","","RISE","",-5.2360200932479523e-20
"output_load","","sr_7_","","","MAX","","FALL","",0
"input_arrival","","start","","","MIN","","RISE","",0
"input_slew","","start","","","MIN","","RISE","",0
"pin_capacitance","","start","","","MIN","","RISE","",0
"input_arrival","","start","","","MIN","","FALL","",0
"input_slew","","start","","","MIN","","FALL","",0
"pin_capacitance","","start","","","MIN","","FALL","",0
"input_arrival","","start","","","MAX","","RISE","",0
"input_slew","","start","","","MAX","","RISE","",0
"pin_capacitance","","start","","","MAX","","RISE","",0
"input_arrival","","start","","","MAX","","FALL","",0
"input_slew","","start","","","MAX","","FALL","",0
"pin_capacitance","","start","","","MAX","","FALL","",0
"lut_entry","0","delay_template_6x6","","","","","","0",0
"lut_entry","0","delay_template_6x6","","","","","","1",0
"lut_entry","0","delay_template_6x6","","","","","","2",0
"lut_entry","0","delay_template_6x6","","","","","","3",0
"lut_entry","0","delay_template_6x6","","","","","","4",0
"lut_entry","0","delay_template_6x6","","","","","","5",0
"lut_entry","0","delay_template_6x6","","","","","","6",0
"lut_entry","0","delay_template_6x6","","","","","","7",0
"lut_entry","0","delay_template_6x6","","","","","","8",0
"lut_entry","0","delay_template_6x6","","","","","","9",0
"lut_entry","0","delay_template_6x6","","","","","","10",0
"lut_entry","0","delay_template_6x6","","","","","","11",0
"lut_entry","0","delay_template_6x6","","","","","","12",0
"lut_entry","0","delay_template_6x6","","","","","","13",0
"lut_entry","0","delay_template_6x6","","","","","","14",0
"lut_entry","0","delay_template_6x6","","","","","","15",0
"lut_entry","0","delay_template_6x6","","","","","","16",0
"lut_entry","0","delay_template_6x6","","","","","","17",0
"lut_entry","0","delay_template_6x6","","","","","","18",0
"lut_entry","0","delay_template_6x6","","","","","","19",0
"lut_entry","0","delay_template_6x6","","","","","","20",0
"lut_entry","0","delay_template_6x6","","","","","","21",0
"lut_entry","0","delay_template_6x6","","","","","","22",0
"lut_entry","0","delay_template_6x6","","","","","","23",0
"lut_entry","0","delay_template_6x6","","","","","","24",0
"lut_entry","0","delay_template_6x6","","","","","","25",0
"lut_entry","0","delay_template_6x6","","","","","","26",0
"lut_entry","0","delay_template_6x6","","","","","","27",0
"lut_entry","0","delay_template_6x6","","","","","","28",0
"lut_entry","0","delay_template_6x6","","","","","","29",0
"lut_entry","0","delay_template_6x6","","","","","","30",0
"lut_entry","0","delay_template_6x6","","","","","","31",0
"lut_entry","0","delay_template_6x6","","","","","","32",0
"lut_entry","0","delay_template_6x6","","","","","","33",0
"lut_entry","0","delay_template_6x6","","","","","","34",0
"lut_entry","0","delay_template_6x6","","","","","","35",0
"lut_entry","1","delay_template_6x6","","","","","","0",0
"lut_entry","1","delay_template_6x6","","","","","","1",0
"lut_entry","1","delay_template_6x6","","","","","","2",0
"lut_entry","1","delay_template_6x6","","","","","","3",0
"lut_entry","1","delay_template_6x6","","","","","","4",0
"lut_entry","1","delay_template_6x6","","","","","","5",0
"lut_entry","1","delay_template_6x6","","","","","","6",0
"lut_entry","1","delay_template_6x6","","","","","","7",0
"lut_entry","1","delay_template_6x6","","","","","","8",0
"lut_entry","1","delay_template_6x6","","","","","","9",0
"lut_entry","1","delay_template_6x6","","","","","","10",0
"lut_entry","1","delay_template_6x6","","","","","","11",0
"lut_entry","1","delay_template_6x6","","","","","","12",0
"lut_entry","1","delay_template_6x6","","","","","","13",0
"lut_entry","1","delay_template_6x6","","","","","","14",0
"lut_entry","1","delay_template_6x6","","","","","","15",0
"lut_entry","1","delay_template_6x6","","","","","","16",0
"lut_entry","1","delay_template_6x6","","","","","","17",0
"lut_entry","1","delay_template_6x6","","","","","","18",0
"lut_entry","1","delay_template_6x6","","","","","","19",0
"lut_entry","1","delay_template_6x6","","","","","","20",0
"lut_entry","1","delay_template_6x6","","","","","","21",0
"lut_entry","1","delay_template_6x6","","","","","","22",0
"lut_entry","1","delay_template_6x6","","","","","","23",0
"lut_entry","1","delay_template_6x6","","","","","","24",0
"lut_entry","1","delay_template_6x6","","","","","","25",0
"lut_entry","1","delay_template_6x6","","","","","","26",0
"lut_entry","1","delay_template_6x6","","","","","","27",0
"lut_entry","1","delay_template_6x6","","","","","","28",0
"lut_entry","1","delay_template_6x6","","","","","","29",0
"lut_entry","1","delay_template_6x6","","","","","","30",0
"lut_entry","1","delay_template_6x6","","","","","","31",0
"lut_entry","1","delay_template_6x6","","","","","","32",0
"lut_entry","1","delay_template_6x6","","","","","","33",0
"lut_entry","1","delay_template_6x6","","","","","","34",0
"lut_entry","1","delay_template_6x6","","","","","","35",0
"lut_entry","2","delay_template_6x6","","","","","","0",0
"lut_entry","2","delay_template_6x6","","","","","","1",0
"lut_entry","2","delay_template_6x6","","","","","","2",0
"lut_entry","2","delay_template_6x6","","","","","","3",0
"lut_entry","2","delay_template_6x6","","","","","","4",15.316377857874025
"lut_entry","2","delay_template_6x6","","","","","","5",-16.332281595975857
"lut_entry","2","delay_template_6x6","","","","","","6",0
"lut_entry","2","delay_template_6x6","","","","","","7",0
"lut_entry","2","delay_template_6x6","","","","","","8",0
"lut_entry","2","delay_template_6x6","","","","","","9",0
"lut_entry","2","delay_template_6x6","","","","","","10",-0.23977435359719204
"lut_entry","2","delay_template_6x6","","","","","","11",0.25567809169902478
"lut_entry","2","delay_template_6x6","","","","","","12",0
"lut_entry","2","delay_template_6x6","","","","","","13",0
"lut_entry","2","delay_template_6x6","","","","","","14",0
"lut_entry","2","delay_template_6x6","","","","","","15",0
"lut_entry","2","delay_template_6x6","","","","","","16",0
"lut_entry","2","delay_template_6x6","","","","","","17",0
"lut_entry","2","delay_template_6x6","","","","","","18",0
"lut_entry","2","delay_template_6x6","","","","","","19",0
"lut_entry","2","delay_template_6x6","","","","","","20",0
"lut_entry","2","delay_template_6x6","","","","","","21",0
"lut_entry","2","delay_template_6x6","","","","","","22",0
"lut_entry","2","delay_template_6x6","","","","","","23",0
"lut_entry","2","delay_template_6x6","","","","","","24",0
"lut_entry","2","delay_template_6x6","","","","","","25",0
"lut_entry","2","delay_template_6x6","","","","","","26",0
"lut_entry","2","delay_template_6x6","","","","","","27",0
"lut_entry","2","delay_template_6x6","","","","","","28",0
"lut_entry","2","delay_template_6x6","","","","","","29",0
"lut_entry","2","delay_template_6x6","","","","","","30",0
"lut_entry","2","delay_template_6x6","","","","","","31",0
"lut_entry","2","delay_template_6x6","","","","","","32",0
"lut_entry","2","delay_template_6x6","","","","","","33",0
"lut_entry","2","delay_template_6x6","","","","","","34",0
"lut_entry","2","delay_template_6x6","","","","","","35",0
"lut_entry","3","delay_template_6x6","","","","","","0",0
"lut_entry","3","delay_template_6x6","","","","","","1",0
"lut_entry","3","delay_template_6x6","","","","","","2",0
"lut_entry","3","delay_template_6x6","","","","","","3",0
"lut_entry","3","delay_template_6x6","","","","","","4",0
"lut_entry","3","delay_template_6x6","","","","","","5",0
"lut_entry","3","delay_template_6x6","","","","","","6",0
"lut_entry","3","delay_template_6x6","","","","","","7",0
"lut_entry","3","delay_template_6x6","","","","","","8",0
"lut_entry","3","delay_template_6x6","","","","","","9",0
"lut_entry","3","delay_template_6x6","","","","","","10",0
"lut_entry","3","delay_template_6x6","","","","","","11",0
"lut_entry","3","delay_template_6x6","","","","","","12",0
"lut_entry","3","delay_template_6x6","","","","","","13",0
"lut_entry","3","delay_template_6x6","","","","","","14",0
"lut_entry","3","delay_template_6x6","","","","","","15",0
"lut_entry","3","delay_template_6x6","","","","","","16",0
"lut_entry","3","delay_template_6x6","","","","","","17",0
"lut_entry","3","delay_template_6x6","","","","","","18",0
"lut_entry","3","delay_template_6x6","","","","","","19",0
"lut_entry","3","delay_template_6x6","","","","","","20",0
"lut_entry","3","delay_template_6x6","","","","","","21",0
"lut_entry","3","delay_template_6x6","","","","","","22",0
"lut_entry","3","delay_template_6x6","","","","","","23",0
"lut_entry","3","delay_template_6x6","","","","","","24",0
"lut_entry","3","delay_template_6x6","","","","","","25",0
"lut_entry","3","delay_template_6x6","","","","","","26",0
"lut_entry","3","delay_template_6x6","","","","","","27",0
"lut_entry","3","delay_template_6x6","","","","","","28",0
"lut_entry","3","delay_template_6x6","","","","","","29",0
"lut_entry","3","delay_template_6x6","","","","","","30",0
"lut_entry","3","delay_template_6x6","","","","","","31",0
"lut_entry","3","delay_template_6x6","","","","","","32",0
"lut_entry","3","delay_template_6x6","","","","","","33",0
"lut_entry","3","delay_template_6x6","","","","","","34",0
"lut_entry","3","delay_template_6x6","","","","","","35",0
"lut_entry","4","delay_template_6x6","","","","","","0",0
"lut_entry","4","delay_template_6x6","","","","","","1",0
"lut_entry","4","delay_template_6x6","","","","","","2",0
"lut_entry","4","delay_template_6x6","","","","","","3",0
"lut_entry","4","delay_template_6x6","","","","","","4",5.0352002851900037e-29
"lut_entry","4","delay_template_6x6","","","","","","5",-5.3691747300151697e-29
"lut_entry","4","delay_template_6x6","","","","","","6",0
"lut_entry","4","delay_template_6x6","","","","","","7",0
"lut_entry","4","delay_template_6x6","","","","","","8",0
"lut_entry","4","delay_template_6x6","","","","","","9",0
"lut_entry","4","delay_template_6x6","","","","","","10",-7.882415938052747e-31
"lut_entry","4","delay_template_6x6","","","","","","11",8.4052403219278494e-31
"lut_entry","4","delay_template_6x6","","","","","","12",0
"lut_entry","4","delay_template_6x6","","","","","","13",0
"lut_entry","4","delay_template_6x6","","","","","","14",0
"lut_entry","4","delay_template_6x6","","","","","","15",0
"lut_entry","4","delay_template_6x6","","","","","","16",0
"lut_entry","4","delay_template_6x6","","","","","","17",0
"lut_entry","4","delay_template_6x6","","","","","","18",0
"lut_entry","4","delay_template_6x6","","","","","","19",0
"lut_entry","4","delay_template_6x6","","","","","","20",0
"lut_entry","4","delay_template_6x6","","","","","","21",0
"lut_entry","4","delay_template_6x6","","","","","","22",0
"lut_entry","4","delay_template_6x6","","","","","","23",0
"lut_entry","4","delay_template_6x6","","","","","","24",0
"lut_entry","4","delay_template_6x6","","","","","","25",0
"lut_entry","4","delay_template_6x6","","","","","","26",0
"lut_entry","4","delay_template_6x6","","","","","","27",0
"lut_entry","4","delay_template_6x6","","","","","","28",0
"lut_entry","4","delay_template_6x6","","","","","","29",0
"lut_entry","4","delay_template_6x6","","","","","","30",0
"lut_entry","4","delay_template_6x6","","","","","","31",0
"lut_entry","4","delay_template_6x6","","","","","","32",0
"lut_entry","4","delay_template_6x6","","","","","","33",0
"lut_entry","4","delay_template_6x6","","","","","","34",0
"lut_entry","4","delay_template_6x6","","","","","","35",0
"lut_entry","5","delay_template_6x6","","","","","","0",0
"lut_entry","5","delay_template_6x6","","","","","","1",0
"lut_entry","5","delay_template_6x6","","","","","","2",0
"lut_entry","5","delay_template_6x6","","","","","","3",0
"lut_entry","5","delay_template_6x6","","","","","","4",0
"lut_entry","5","delay_template_6x6","","","","","","5",0
"lut_entry","5","delay_template_6x6","","","","","","6",0
"lut_entry","5","delay_template_6x6","","","","","","7",0
"lut_entry","5","delay_template_6x6","","","","","","8",0
"lut_entry","5","delay_template_6x6","","","","","","9",0
"lut_entry","5","delay_template_6x6","","","","","","10",0
"lut_entry","5","delay_template_6x6","","","","","","11",0
"lut_entry","5","delay_template_6x6","","","","","","12",0
"lut_entry","5","delay_template_6x6","","","","","","13",0
"lut_entry","5","delay_template_6x6","","","","","","14",0
"lut_entry","5","delay_template_6x6","","","","","","15",0
"lut_entry","5","delay_template_6x6","","","","","","16",0
"lut_entry","5","delay_template_6x6","","","","","","17",0
"lut_entry","5","delay_template_6x6","","","","","","18",0
"lut_entry","5","delay_template_6x6","","","","","","19",0
"lut_entry","5","delay_template_6x6","","","","","","20",0
"lut_entry","5","delay_template_6x6","","","","","","21",0
"lut_entry","5","delay_template_6x6","","","","","","22",0
"lut_entry","5","delay_template_6x6","","","","","","23",0
"lut_entry","5","delay_template_6x6","","","","","","24",0
"lut_entry","5","delay_template_6x6","","","","","","25",0
"lut_entry","5","delay_template_6x6","","","","","","26",0
"lut_entry","5","delay_template_6x6","","","","","","27",0
"lut_entry","5","delay_template_6x6","","","","","","28",0
"lut_entry","5","delay_template_6x6","","","","","","29",0
"lut_entry","5","delay_template_6x6","","","","","","30",0
"lut_entry","5","delay_template_6x6","","","","","","31",0
"lut_entry","5","delay_template_6x6","","","","","","32",0
"lut_entry","5","delay_template_6x6","","","","","","33",0
"lut_entry","5","delay_template_6x6","","","","","","34",0
"lut_entry","5","delay_template_6x6","","","","","","35",0
"lut_entry","6","delay_template_6x6","","","","","","0",0
"lut_entry","6","delay_template_6x6","","","","","","1",0
"lut_entry","6","delay_template_6x6","","","","","","2",0
"lut_entry","6","delay_template_6x6","","","","","","3",0
"lut_entry","6","delay_template_6x6","","","","","","4",0
"lut_entry","6","delay_template_6x6","","","","","","5",0
"lut_entry","6","delay_template_6x6","","","","","","6",0
"lut_entry","6","delay_template_6x6","","","","","","7",0
"lut_entry","6","delay_template_6x6","","","","","","8",0
"lut_entry","6","delay_template_6x6","","","","","","9",0
"lut_entry","6","delay_template_6x6","","","","","","10",0
"lut_entry","6","delay_template_6x6","","","","","","11",0
"lut_entry","6","delay_template_6x6","","","","","","12",0
"lut_entry","6","delay_template_6x6","","","","","","13",0
"lut_entry","6","delay_template_6x6","","","","","","14",0
"lut_entry","6","delay_template_6x6","","","","","","15",0
"lut_entry","6","delay_template_6x6","","","","","","16",0
"lut_entry","6","delay_template_6x6","","","","","","17",0
"lut_entry","6","delay_template_6x6","","","","","","18",0
"lut_entry","6","delay_template_6x6","","","","","","19",0
"lut_entry","6","delay_template_6x6","","","","","","20",0
"lut_entry","6","delay_template_6x6","","","","","","21",0
"lut_entry","6","delay_template_6x6","","","","","","22",0
"lut_entry","6","delay_template_6x6","","","","","","23",0
"lut_entry","6","delay_template_6x6","","","","","","24",0
"lut_entry","6","delay_template_6x6","","","","","","25",0
"lut_entry","6","delay_template_6x6","","","","","","26",0
"lut_entry","6","delay_template_6x6","","","","","","27",0
"lut_entry","6","delay_template_6x6","","","","","","28",0
"lut_entry","6","delay_template_6x6","","","","","","29",0
"lut_entry","6","delay_template_6x6","","","","","","30",0
"lut_entry","6","delay_template_6x6","","","","","","31",0
"lut_entry","6","delay_template_6x6","","","","","","32",0
"lut_entry","6","delay_template_6x6","","","","","","33",0
"lut_entry","6","delay_template_6x6","","","","","","34",0
"lut_entry","6","delay_template_6x6","","","","","","35",0
"lut_entry","7","delay_template_6x6","","","","","","0",0
"lut_entry","7","delay_template_6x6","","","","","","1",0
"lut_entry","7","delay_template_6x6","","","","","","2",0
"lut_entry","7","delay_template_6x6","","","","","","3",0
"lut_entry","7","delay_template_6x6","","","","","","4",0
"lut_entry","7","delay_template_6x6","","","","","","5",0
"lut_entry","7","delay_template_6x6","","","","","","6",0
"lut_entry","7","delay_template_6x6","","","","","","7",0
"lut_entry","7","delay_template_6x6","","","","","","8",0
"lut_entry","7","delay_template_6x6","","","","","","9",0
"lut_entry","7","delay_template_6x6","","","","","","10",0
"lut_entry","7","delay_template_6x6","","","","","","11",0
"lut_entry","7","delay_template_6x6","","","","","","12",0
"lut_entry","7","delay_template_6x6","","","","","","13",0
"lut_entry","7","delay_template_6x6","","","","","","14",0
"lut_entry","7","delay_template_6x6","","","","","","15",0
"lut_entry","7","delay_template_6x6","","","","","","16",0
"lut_entry","7","delay_template_6x6","","","","","","17",0
"lut_entry","7","delay_template_6x6","","","","","","18",0
"lut_entry","7","delay_template_6x6","","","","","","19",0
"lut_entry","7","delay_template_6x6","","","","","","20",0
"lut_entry","7","delay_template_6x6","","","","","","21",0
"lut_entry","7","delay_template_6x6","","","","","","22",0
"lut_entry","7","delay_template_6x6","","","","","","23",0
"lut_entry","7","delay_template_6x6","","","","","","24",0
"lut_entry","7","delay_template_6x6","","","","","","25",0
"lut_entry","7","delay_template_6x6","","","","","","26",0
"lut_entry","7","delay_template_6x6","","","","","","27",0
"lut_entry","7","delay_template_6x6","","","","","","28",0
"lut_entry","7","delay_template_6x6","","","","","","29",0
"lut_entry","7","delay_template_6x6","","","","","","30",0
"lut_entry","7","delay_template_6x6","","","","","","31",0
"lut_entry","7","delay_template_6x6","","","","","","32",0
"lut_entry","7","delay_template_6x6","","","","","","33",0
"lut_entry","7","delay_template_6x6","","","","","","34",0
"lut_entry","7","delay_template_6x6","","","","","","35",0
"lut_entry","8","delay_template_6x6","","","","","","0",0
"lut_entry","8","delay_template_6x6","","","","","","1",0
"lut_entry","8","delay_template_6x6","","","","","","2",0
"lut_entry","8","delay_template_6x6","","","","","","3",0
"lut_entry","8","delay_template_6x6","","","","","","4",98.748773075926962
"lut_entry","8","delay_template_6x6","","","","","","5",-99.352125972050885
"lut_entry","8","delay_template_6x6","","","","","","6",0
"lut_entry","8","delay_template_6x6","","","","","","7",0
"lut_entry","8","delay_template_6x6","","","","","","8",0
"lut_entry","8","delay_template_6x6","","","","","","9",0
"lut_entry","8","delay_template_6x6","","","","","","10",-1.5458892077818398
"lut_entry","8","delay_template_6x6","","","","","","11",1.5553345578509969
"lut_entry","8","delay_template_6x6","","","","","","12",0
"lut_entry","8","delay_template_6x6","","","","","","13",0
"lut_entry","8","delay_template_6x6","","","","","","14",0
"lut_entry","8","delay_template_6x6","","","","","","15",0
"lut_entry","8","delay_template_6x6","","","","","","16",0
"lut_entry","8","delay_template_6x6","","","","","","17",0
"lut_entry","8","delay_template_6x6","","","","","","18",0
"lut_entry","8","delay_template_6x6","","","","","","19",0
"lut_entry","8","delay_template_6x6","","","","","","20",0
"lut_entry","8","delay_template_6x6","","","","","","21",0
"lut_entry","8","delay_template_6x6","","","","","","22",0
"lut_entry","8","delay_template_6x6","","","","","","23",0
"lut_entry","8","delay_template_6x6","","","","","","24",0
"lut_entry","8","delay_template_6x6","","","","","","25",0
"lut_entry","8","delay_template_6x6","","","","","","26",0
"lut_entry","8","delay_template_6x6","","","","","","27",0
"lut_entry","8","delay_template_6x6","","","","","","28",0
"lut_entry","8","delay_template_6x6","","","","","","29",0
"lut_entry","8","delay_template_6x6","","","","","","30",0
"lut_entry","8","delay_template_6x6","","","","","","31",0
"lut_entry","8","delay_template_6x6","","","","","","32",0
"lut_entry","8","delay_template_6x6","","","","","","33",0
"lut_entry","8","delay_template_6x6","","","","","","34",0
"lut_entry","8","delay_template_6x6","","","","","","35",0
"lut_entry","9","delay_template_6x6","","","","","","0",0
"lut_entry","9","delay_template_6x6","","","","","","1",0
"lut_entry","9","delay_template_6x6","","","","","","2",0
"lut_entry","9","delay_template_6x6","","","","","","3",0
"lut_entry","9","delay_template_6x6","","","","","","4",0
"lut_entry","9","delay_template_6x6","","","","","","5",0
"lut_entry","9","delay_template_6x6","","","","","","6",0
"lut_entry","9","delay_template_6x6","","","","","","7",0
"lut_entry","9","delay_template_6x6","","","","","","8",0
"lut_entry","9","delay_template_6x6","","","","","","9",0
"lut_entry","9","delay_template_6x6","","","","","","10",0
"lut_entry","9","delay_template_6x6","","","","","","11",0
"lut_entry","9","delay_template_6x6","","","","","","12",0
"lut_entry","9","delay_template_6x6","","","","","","13",0
"lut_entry","9","delay_template_6x6","","","","","","14",0
"lut_entry","9","delay_template_6x6","","","","","","15",0
"lut_entry","9","delay_template_6x6","","","","","","16",0
"lut_entry","9","delay_template_6x6","","","","","","17",0
"lut_entry","9","delay_template_6x6","","","","","","18",0
"lut_entry","9","delay_template_6x6","","","","","","19",0
"lut_entry","9","delay_template_6x6","","","","","","20",0
"lut_entry","9","delay_template_6x6","","","","","","21",0
"lut_entry","9","delay_template_6x6","","","","","","22",0
"lut_entry","9","delay_template_6x6","","","","","","23",0
"lut_entry","9","delay_template_6x6","","","","","","24",0
"lut_entry","9","delay_template_6x6","","","","","","25",0
"lut_entry","9","delay_template_6x6","","","","","","26",0
"lut_entry","9","delay_template_6x6","","","","","","27",0
"lut_entry","9","delay_template_6x6","","","","","","28",0
"lut_entry","9","delay_template_6x6","","","","","","29",0
"lut_entry","9","delay_template_6x6","","","","","","30",0
"lut_entry","9","delay_template_6x6","","","","","","31",0
"lut_entry","9","delay_template_6x6","","","","","","32",0
"lut_entry","9","delay_template_6x6","","","","","","33",0
"lut_entry","9","delay_template_6x6","","","","","","34",0
"lut_entry","9","delay_template_6x6","","","","","","35",0
"lut_entry","10","delay_template_6x6","","","","","","0",0
"lut_entry","10","delay_template_6x6","","","","","","1",0
"lut_entry","10","delay_template_6x6","","","","","","2",0
"lut_entry","10","delay_template_6x6","","","","","","3",0
"lut_entry","10","delay_template_6x6","","","","","","4",0
"lut_entry","10","delay_template_6x6","","","","","","5",0
"lut_entry","10","delay_template_6x6","","","","","","6",0
"lut_entry","10","delay_template_6x6","","","","","","7",0
"lut_entry","10","delay_template_6x6","","","","","","8",0
"lut_entry","10","delay_template_6x6","","","","","","9",0
"lut_entry","10","delay_template_6x6","","","","","","10",0
"lut_entry","10","delay_template_6x6","","","","","","11",0
"lut_entry","10","delay_template_6x6","","","","","","12",0
"lut_entry","10","delay_template_6x6","","","","","","13",0
"lut_entry","10","delay_template_6x6","","","","","","14",0
"lut_entry","10","delay_template_6x6","","","","","","15",0
"lut_entry","10","delay_template_6x6","","","","","","16",0
"lut_entry","10","delay_template_6x6","","","","","","17",0
"lut_entry","10","delay_template_6x6","","","","","","18",0
"lut_entry","10","delay_template_6x6","","","","","","19",0
"lut_entry","10","delay_template_6x6","","","","","","20",0
"lut_entry","10","delay_template_6x6","","","","","","21",0
"lut_entry","10","delay_template_6x6","","","","","","22",0
"lut_entry","10","delay_template_6x6","","","","","","23",0
"lut_entry","10","delay_template_6x6","","","","","","24",0
"lut_entry","10","delay_template_6x6","","","","","","25",0
"lut_entry","10","delay_template_6x6","","","","","","26",0
"lut_entry","10","delay_template_6x6","","","","","","27",0
"lut_entry","10","delay_template_6x6","","","","","","28",0
"lut_entry","10","delay_template_6x6","","","","","","29",0
"lut_entry","10","delay_template_6x6","","","","","","30",0
"lut_entry","10","delay_template_6x6","","","","","","31",0
"lut_entry","10","delay_template_6x6","","","","","","32",0
"lut_entry","10","delay_template_6x6","","","","","","33",0
"lut_entry","10","delay_template_6x6","","","","","","34",0
"lut_entry","10","delay_template_6x6","","","","","","35",0
"lut_entry","11","delay_template_6x6","","","","","","0",0
"lut_entry","11","delay_template_6x6","","","","","","1",0
"lut_entry","11","delay_template_6x6","","","","","","2",0
"lut_entry","11","delay_template_6x6","","","","","","3",0
"lut_entry","11","delay_template_6x6","","","","","","4",0
"lut_entry","11","delay_template_6x6","","","","","","5",0
"lut_entry","11","delay_template_6x6","","","","","","6",0
"lut_entry","11","delay_template_6x6","","","","","","7",0
"lut_entry","11","delay_template_6x6","","","","","","8",0
"lut_entry","11","delay_template_6x6","","","","","","9",0
"lut_entry","11","delay_template_6x6","","","","","","10",0
"lut_entry","11","delay_template_6x6","","","","","","11",0
"lut_entry","11","delay_template_6x6","","","","","","12",0
"lut_entry","11","delay_template_6x6","","","","","","13",0
"lut_entry","11","delay_template_6x6","","","","","","14",0
"lut_entry","11","delay_template_6x6","","","","","","15",0
"lut_entry","11","delay_template_6x6","","","","","","16",0
"lut_entry","11","delay_template_6x6","","","","","","17",0
"lut_entry","11","delay_template_6x6","","","","","","18",0
"lut_entry","11","delay_template_6x6","","","","","","19",0
"lut_entry","11","delay_template_6x6","","","","","","20",0
"lut_entry","11","delay_template_6x6","","","","","","21",0
"lut_entry","11","delay_template_6x6","","","","","","22",0
"lut_entry","11","delay_template_6x6","","","","","","23",0
"lut_entry","11","delay_template_6x6","","","","","","24",0
"lut_entry","11","delay_template_6x6","","","","","","25",0
"lut_entry","11","delay_template_6x6","","","","","","26",0
"lut_entry","11","delay_template_6x6","","","","","","27",0
"lut_entry","11","delay_template_6x6","","","","","","28",0
"lut_entry","11","delay_template_6x6","","","","","","29",0
"lut_entry","11","delay_template_6x6","","","","","","30",0
"lut_entry","11","delay_template_6x6","","","","","","31",0
"lut_entry","11","delay_template_6x6","","","","","","32",0
"lut_entry","11","delay_template_6x6","","","","","","33",0
"lut_entry","11","delay_template_6x6","","","","","","34",0
"lut_entry","11","delay_template_6x6","","","","","","35",0
"lut_entry","12","delay_template_6x6","","","","","","0",0
"lut_entry","12","delay_template_6x6","","","","","","1",0
"lut_entry","12","delay_template_6x6","","","","","","2",0
"lut_entry","12","delay_template_6x6","","","","","","3",0
"lut_entry","12","delay_template_6x6","","","","","","4",0
"lut_entry","12","delay_template_6x6","","","","","","5",0
"lut_entry","12","delay_template_6x6","","","","","","6",0
"lut_entry","12","delay_template_6x6","","","","","","7",0
"lut_entry","12","delay_template_6x6","","","","","","8",0
"lut_entry","12","delay_template_6x6","","","","","","9",0
"lut_entry","12","delay_template_6x6","","","","","","10",0
"lut_entry","12","delay_template_6x6","","","","","","11",0
"lut_entry","12","delay_template_6x6","","","","","","12",0
"lut_entry","12","delay_template_6x6","","","","","","13",0
"lut_entry","12","delay_template_6x6","","","","","","14",0
"lut_entry","12","delay_template_6x6","","","","","","15",0
"lut_entry","12","delay_template_6x6","","","","","","16",0
"lut_entry","12","delay_template_6x6","","","","","","17",0
"lut_entry","12","delay_template_6x6","","","","","","18",0
"lut_entry","12","delay_template_6x6","","","","","","19",0
"lut_entry","12","delay_template_6x6","","","","","","20",0
"lut_entry","12","delay_template_6x6","","","","","","21",0
"lut_entry","12","delay_template_6x6","","","","","","22",0
"lut_entry","12","delay_template_6x6","","","","","","23",0
"lut_entry","12","delay_template_6x6","","","","","","24",0
"lut_entry","12","delay_template_6x6","","","","","","25",0
"lut_entry","12","delay_template_6x6","","","","","","26",0
"lut_entry","12","delay_template_6x6","","","","","","27",0
"lut_entry","12","delay_template_6x6","","","","","","28",0
"lut_entry","12","delay_template_6x6","","","","","","29",0
"lut_entry","12","delay_template_6x6","","","","","","30",0
"lut_entry","12","delay_template_6x6","","","","","","31",0
"lut_entry","12","delay_template_6x6","","","","","","32",0
"lut_entry","12","delay_template_6x6","","","","","","33",0
"lut_entry","12","delay_template_6x6","","","","","","34",0
"lut_entry","12","delay_template_6x6","","","","","","35",0
"lut_entry","13","delay_template_6x6","","","","","","0",0
"lut_entry","13","delay_template_6x6","","","","","","1",0
"lut_entry","13","delay_template_6x6","","","","","","2",0
"lut_entry","13","delay_template_6x6","","","","","","3",0
"lut_entry","13","delay_template_6x6","","","","","","4",0
"lut_entry","13","delay_template_6x6","","","","","","5",0
"lut_entry","13","delay_template_6x6","","","","","","6",0
"lut_entry","13","delay_template_6x6","","","","","","7",0
"lut_entry","13","delay_template_6x6","","","","","","8",0
"lut_entry","13","delay_template_6x6","","","","","","9",0
"lut_entry","13","delay_template_6x6","","","","","","10",0
"lut_entry","13","delay_template_6x6","","","","","","11",0
"lut_entry","13","delay_template_6x6","","","","","","12",0
"lut_entry","13","delay_template_6x6","","","","","","13",0
"lut_entry","13","delay_template_6x6","","","","","","14",0
"lut_entry","13","delay_template_6x6","","","","","","15",0
"lut_entry","13","delay_template_6x6","","","","","","16",0
"lut_entry","13","delay_template_6x6","","","","","","17",0
"lut_entry","13","delay_template_6x6","","","","","","18",0
"lut_entry","13","delay_template_6x6","","","","","","19",0
"lut_entry","13","delay_template_6x6","","","","","","20",0
"lut_entry","13","delay_template_6x6","","","","","","21",0
"lut_entry","13","delay_template_6x6","","","","","","22",0
"lut_entry","13","delay_template_6x6","","","","","","23",0
"lut_entry","13","delay_template_6x6","","","","","","24",0
"lut_entry","13","delay_template_6x6","","","","","","25",0
"lut_entry","13","delay_template_6x6","","","","","","26",0
"lut_entry","13","delay_template_6x6","","","","","","27",0
"lut_entry","13","delay_template_6x6","","","","","","28",0
"lut_entry","13","delay_template_6x6","","","","","","29",0
"lut_entry","13","delay_template_6x6","","","","","","30",0
"lut_entry","13","delay_template_6x6","","","","","","31",0
"lut_entry","13","delay_template_6x6","","","","","","32",0
"lut_entry","13","delay_template_6x6","","","","","","33",0
"lut_entry","13","delay_template_6x6","","","","","","34",0
"lut_entry","13","delay_template_6x6","","","","","","35",0
"lut_entry","14","delay_template_6x6","","","","","","0",0
"lut_entry","14","delay_template_6x6","","","","","","1",0
"lut_entry","14","delay_template_6x6","","","","","","2",0
"lut_entry","14","delay_template_6x6","","","","","","3",0
"lut_entry","14","delay_template_6x6","","","","","","4",0
"lut_entry","14","delay_template_6x6","","","","","","5",0
"lut_entry","14","delay_template_6x6","","","","","","6",0
"lut_entry","14","delay_template_6x6","","","","","","7",0
"lut_entry","14","delay_template_6x6","","","","","","8",0
"lut_entry","14","delay_template_6x6","","","","","","9",0
"lut_entry","14","delay_template_6x6","","","","","","10",0
"lut_entry","14","delay_template_6x6","","","","","","11",0
"lut_entry","14","delay_template_6x6","","","","","","12",0
"lut_entry","14","delay_template_6x6","","","","","","13",0
"lut_entry","14","delay_template_6x6","","","","","","14",0
"lut_entry","14","delay_template_6x6","","","","","","15",0
"lut_entry","14","delay_template_6x6","","","","","","16",0
"lut_entry","14","delay_template_6x6","","","","","","17",0
"lut_entry","14","delay_template_6x6","","","","","","18",0
"lut_entry","14","delay_template_6x6","","","","","","19",0
"lut_entry","14","delay_template_6x6","","","","","","20",0
"lut_entry","14","delay_template_6x6","","","","","","21",0
"lut_entry","14","delay_template_6x6","","","","","","22",0
"lut_entry","14","delay_template_6x6","","","","","","23",0
"lut_entry","14","delay_template_6x6","","","","","","24",0
"lut_entry","14","delay_template_6x6","","","","","","25",0
"lut_entry","14","delay_template_6x6","","","","","","26",0
"lut_entry","14","delay_template_6x6","","","","","","27",0
"lut_entry","14","delay_template_6x6","","","","","","28",0
"lut_entry","14","delay_template_6x6","","","","","","29",0
"lut_entry","14","delay_template_6x6","","","","","","30",0
"lut_entry","14","delay_template_6x6","","","","","","31",0
"lut_entry","14","delay_template_6x6","","","","","","32",0
"lut_entry","14","delay_template_6x6","","","","","","33",0
"lut_entry","14","delay_template_6x6","","","","","","34",0
"lut_entry","14","delay_template_6x6","","","","","","35",0
"lut_entry","15","delay_template_6x6","","","","","","0",0
"lut_entry","15","delay_template_6x6","","","","","","1",0
"lut_entry","15","delay_template_6x6","","","","","","2",0
"lut_entry","15","delay_template_6x6","","","","","","3",0
"lut_entry","15","delay_template_6x6","","","","","","4",0
"lut_entry","15","delay_template_6x6","","","","","","5",0
"lut_entry","15","delay_template_6x6","","","","","","6",0
"lut_entry","15","delay_template_6x6","","","","","","7",0
"lut_entry","15","delay_template_6x6","","","","","","8",0
"lut_entry","15","delay_template_6x6","","","","","","9",0
"lut_entry","15","delay_template_6x6","","","","","","10",0
"lut_entry","15","delay_template_6x6","","","","","","11",0
"lut_entry","15","delay_template_6x6","","","","","","12",0
"lut_entry","15","delay_template_6x6","","","","","","13",0
"lut_entry","15","delay_template_6x6","","","","","","14",0
"lut_entry","15","delay_template_6x6","","","","","","15",0
"lut_entry","15","delay_template_6x6","","","","","","16",0
"lut_entry","15","delay_template_6x6","","","","","","17",0
"lut_entry","15","delay_template_6x6","","","","","","18",0
"lut_entry","15","delay_template_6x6","","","","","","19",0
"lut_entry","15","delay_template_6x6","","","","","","20",0
"lut_entry","15","delay_template_6x6","","","","","","21",0
"lut_entry","15","delay_template_6x6","","","","","","22",0
"lut_entry","15","delay_template_6x6","","","","","","23",0
"lut_entry","15","delay_template_6x6","","","","","","24",0
"lut_entry","15","delay_template_6x6","","","","","","25",0
"lut_entry","15","delay_template_6x6","","","","","","26",0
"lut_entry","15","delay_template_6x6","","","","","","27",0
"lut_entry","15","delay_template_6x6","","","","","","28",0
"lut_entry","15","delay_template_6x6","","","","","","29",0
"lut_entry","15","delay_template_6x6","","","","","","30",0
"lut_entry","15","delay_template_6x6","","","","","","31",0
"lut_entry","15","delay_template_6x6","","","","","","32",0
"lut_entry","15","delay_template_6x6","","","","","","33",0
"lut_entry","15","delay_template_6x6","","","","","","34",0
"lut_entry","15","delay_template_6x6","","","","","","35",0
"lut_entry","16","delay_template_6x6","","","","","","0",0
"lut_entry","16","delay_template_6x6","","","","","","1",0
"lut_entry","16","delay_template_6x6","","","","","","2",0
"lut_entry","16","delay_template_6x6","","","","","","3",0
"lut_entry","16","delay_template_6x6","","","","","","4",0
"lut_entry","16","delay_template_6x6","","","","","","5",0
"lut_entry","16","delay_template_6x6","","","","","","6",0
"lut_entry","16","delay_template_6x6","","","","","","7",0
"lut_entry","16","delay_template_6x6","","","","","","8",0
"lut_entry","16","delay_template_6x6","","","","","","9",0
"lut_entry","16","delay_template_6x6","","","","","","10",0
"lut_entry","16","delay_template_6x6","","","","","","11",0
"lut_entry","16","delay_template_6x6","","","","","","12",0
"lut_entry","16","delay_template_6x6","","","","","","13",0
"lut_entry","16","delay_template_6x6","","","","","","14",0
"lut_entry","16","delay_template_6x6","","","","","","15",0
"lut_entry","16","delay_template_6x6","","","","","","16",0
"lut_entry","16","delay_template_6x6","","","","","","17",0
"lut_entry","16","delay_template_6x6","","","","","","18",0
"lut_entry","16","delay_template_6x6","","","","","","19",0
"lut_entry","16","delay_template_6x6","","","","","","20",0
"lut_entry","16","delay_template_6x6","","","","","","21",0
"lut_entry","16","delay_template_6x6","","","","","","22",0
"lut_entry","16","delay_template_6x6","","","","","","23",0
"lut_entry","16","delay_template_6x6","","","","","","24",0
"lut_entry","16","delay_template_6x6","","","","","","25",0
"lut_entry","16","delay_template_6x6","","","","","","26",0
"lut_entry","16","delay_template_6x6","","","","","","27",0
"lut_entry","16","delay_template_6x6","","","","","","28",0
"lut_entry","16","delay_template_6x6","","","","","","29",0
"lut_entry","16","delay_template_6x6","","","","","","30",0
"lut_entry","16","delay_template_6x6","","","","","","31",0
"lut_entry","16","delay_template_6x6","","","","","","32",0
"lut_entry","16","delay_template_6x6","","","","","","33",0
"lut_entry","16","delay_template_6x6","","","","","","34",0
"lut_entry","16","delay_template_6x6","","","","","","35",0
"lut_entry","17","delay_template_6x6","","","","","","0",0
"lut_entry","17","delay_template_6x6","","","","","","1",0
"lut_entry","17","delay_template_6x6","","","","","","2",0
"lut_entry","17","delay_template_6x6","","","","","","3",0
"lut_entry","17","delay_template_6x6","","","","","","4",0
"lut_entry","17","delay_template_6x6","","","","","","5",0
"lut_entry","17","delay_template_6x6","","","","","","6",0
"lut_entry","17","delay_template_6x6","","","","","","7",0
"lut_entry","17","delay_template_6x6","","","","","","8",0
"lut_entry","17","delay_template_6x6","","","","","","9",0
"lut_entry","17","delay_template_6x6","","","","","","10",0
"lut_entry","17","delay_template_6x6","","","","","","11",0
"lut_entry","17","delay_template_6x6","","","","","","12",0
"lut_entry","17","delay_template_6x6","","","","","","13",0
"lut_entry","17","delay_template_6x6","","","","","","14",0
"lut_entry","17","delay_template_6x6","","","","","","15",0
"lut_entry","17","delay_template_6x6","","","","","","16",0
"lut_entry","17","delay_template_6x6","","","","","","17",0
"lut_entry","17","delay_template_6x6","","","","","","18",0
"lut_entry","17","delay_template_6x6","","","","","","19",0
"lut_entry","17","delay_template_6x6","","","","","","20",0
"lut_entry","17","delay_template_6x6","","","","","","21",0
"lut_entry","17","delay_template_6x6","","","","","","22",0
"lut_entry","17","delay_template_6x6","","","","","","23",0
"lut_entry","17","delay_template_6x6","","","","","","24",0
"lut_entry","17","delay_template_6x6","","","","","","25",0
"lut_entry","17","delay_template_6x6","","","","","","26",0
"lut_entry","17","delay_template_6x6","","","","","","27",0
"lut_entry","17","delay_template_6x6","","","","","","28",0
"lut_entry","17","delay_template_6x6","","","","","","29",0
"lut_entry","17","delay_template_6x6","","","","","","30",0
"lut_entry","17","delay_template_6x6","","","","","","31",0
"lut_entry","17","delay_template_6x6","","","","","","32",0
"lut_entry","17","delay_template_6x6","","","","","","33",0
"lut_entry","17","delay_template_6x6","","","","","","34",0
"lut_entry","17","delay_template_6x6","","","","","","35",0
"lut_entry","18","delay_template_6x6","","","","","","0",0
"lut_entry","18","delay_template_6x6","","","","","","1",0
"lut_entry","18","delay_template_6x6","","","","","","2",0
"lut_entry","18","delay_template_6x6","","","","","","3",0
"lut_entry","18","delay_template_6x6","","","","","","4",0
"lut_entry","18","delay_template_6x6","","","","","","5",0
"lut_entry","18","delay_template_6x6","","","","","","6",0
"lut_entry","18","delay_template_6x6","","","","","","7",0
"lut_entry","18","delay_template_6x6","","","","","","8",0
"lut_entry","18","delay_template_6x6","","","","","","9",0
"lut_entry","18","delay_template_6x6","","","","","","10",0
"lut_entry","18","delay_template_6x6","","","","","","11",0
"lut_entry","18","delay_template_6x6","","","","","","12",0
"lut_entry","18","delay_template_6x6","","","","","","13",0
"lut_entry","18","delay_template_6x6","","","","","","14",0
"lut_entry","18","delay_template_6x6","","","","","","15",0
"lut_entry","18","delay_template_6x6","","","","","","16",0
"lut_entry","18","delay_template_6x6","","","","","","17",0
"lut_entry","18","delay_template_6x6","","","","","","18",0
"lut_entry","18","delay_template_6x6","","","","","","19",0
"lut_entry","18","delay_template_6x6","","","","","","20",0
"lut_entry","18","delay_template_6x6","","","","","","21",0
"lut_entry","18","delay_template_6x6","","","","","","22",0
"lut_entry","18","delay_template_6x6","","","","","","23",0
"lut_entry","18","delay_template_6x6","","","","","","24",0
"lut_entry","18","delay_template_6x6","","","","","","25",0
"lut_entry","18","delay_template_6x6","","","","","","26",0
"lut_entry","18","delay_template_6x6","","","","","","27",0
"lut_entry","18","delay_template_6x6","","","","","","28",0
"lut_entry","18","delay_template_6x6","","","","","","29",0
"lut_entry","18","delay_template_6x6","","","","","","30",0
"lut_entry","18","delay_template_6x6","","","","","","31",0
"lut_entry","18","delay_template_6x6","","","","","","32",0
"lut_entry","18","delay_template_6x6","","","","","","33",0
"lut_entry","18","delay_template_6x6","","","","","","34",0
"lut_entry","18","delay_template_6x6","","","","","","35",0
"lut_entry","19","delay_template_6x6","","","","","","0",0
"lut_entry","19","delay_template_6x6","","","","","","1",0
"lut_entry","19","delay_template_6x6","","","","","","2",0
"lut_entry","19","delay_template_6x6","","","","","","3",0
"lut_entry","19","delay_template_6x6","","","","","","4",0
"lut_entry","19","delay_template_6x6","","","","","","5",0
"lut_entry","19","delay_template_6x6","","","","","","6",0
"lut_entry","19","delay_template_6x6","","","","","","7",0
"lut_entry","19","delay_template_6x6","","","","","","8",0
"lut_entry","19","delay_template_6x6","","","","","","9",0
"lut_entry","19","delay_template_6x6","","","","","","10",0
"lut_entry","19","delay_template_6x6","","","","","","11",0
"lut_entry","19","delay_template_6x6","","","","","","12",0
"lut_entry","19","delay_template_6x6","","","","","","13",0
"lut_entry","19","delay_template_6x6","","","","","","14",0
"lut_entry","19","delay_template_6x6","","","","","","15",0
"lut_entry","19","delay_template_6x6","","","","","","16",0
"lut_entry","19","delay_template_6x6","","","","","","17",0
"lut_entry","19","delay_template_6x6","","","","","","18",0
"lut_entry","19","delay_template_6x6","","","","","","19",0
"lut_entry","19","delay_template_6x6","","","","","","20",0
"lut_entry","19","delay_template_6x6","","","","","","21",0
"lut_entry","19","delay_template_6x6","","","","","","22",0
"lut_entry","19","delay_template_6x6","","","","","","23",0
"lut_entry","19","delay_template_6x6","","","","","","24",0
"lut_entry","19","delay_template_6x6","","","","","","25",0
"lut_entry","19","delay_template_6x6","","","","","","26",0
"lut_entry","19","delay_template_6x6","","","","","","27",0
"lut_entry","19","delay_template_6x6","","","","","","28",0
"lut_entry","19","delay_template_6x6","","","","","","29",0
"lut_entry","19","delay_template_6x6","","","","","","30",0
"lut_entry","19","delay_template_6x6","","","","","","31",0
"lut_entry","19","delay_template_6x6","","","","","","32",0
"lut_entry","19","delay_template_6x6","","","","","","33",0
"lut_entry","19","delay_template_6x6","","","","","","34",0
"lut_entry","19","delay_template_6x6","","","","","","35",0
"lut_entry","20","delay_template_5x5","","","","","","0",0
"lut_entry","20","delay_template_5x5","","","","","","1",0
"lut_entry","20","delay_template_5x5","","","","","","2",0
"lut_entry","20","delay_template_5x5","","","","","","3",0
"lut_entry","20","delay_template_5x5","","","","","","4",0
"lut_entry","20","delay_template_5x5","","","","","","5",0
"lut_entry","20","delay_template_5x5","","","","","","6",0
"lut_entry","20","delay_template_5x5","","","","","","7",0
"lut_entry","20","delay_template_5x5","","","","","","8",0
"lut_entry","20","delay_template_5x5","","","","","","9",0
"lut_entry","20","delay_template_5x5","","","","","","10",0
"lut_entry","20","delay_template_5x5","","","","","","11",0
"lut_entry","20","delay_template_5x5","","","","","","12",0
"lut_entry","20","delay_template_5x5","","","","","","13",0
"lut_entry","20","delay_template_5x5","","","","","","14",0
"lut_entry","20","delay_template_5x5","","","","","","15",0
"lut_entry","20","delay_template_5x5","","","","","","16",1.1374208095696554e-18
"lut_entry","20","delay_template_5x5","","","","","","17",58.733406637040297
"lut_entry","20","delay_template_5x5","","","","","","18",5.9332573805311419
"lut_entry","20","delay_template_5x5","","","","","","19",0
"lut_entry","20","delay_template_5x5","","","","","","20",0
"lut_entry","20","delay_template_5x5","","","","","","21",-1.1550097918814781e-18
"lut_entry","20","delay_template_5x5","","","","","","22",-59.641655230489953
"lut_entry","20","delay_template_5x5","","","","","","23",-6.0250087870814939
"lut_entry","20","delay_template_5x5","","","","","","24",0
"lut_entry","21","delay_template_5x5","","","","","","0",0
"lut_entry","21","delay_template_5x5","","","","","","1",0
"lut_entry","21","delay_template_5x5","","","","","","2",0
"lut_entry","21","delay_template_5x5","","","","","","3",0
"lut_entry","21","delay_template_5x5","","","","","","4",0
"lut_entry","21","delay_template_5x5","","","","","","5",0
"lut_entry","21","delay_template_5x5","","","","","","6",0
"lut_entry","21","delay_template_5x5","","","","","","7",0
"lut_entry","21","delay_template_5x5","","","","","","8",0
"lut_entry","21","delay_template_5x5","","","","","","9",0
"lut_entry","21","delay_template_5x5","","","","","","10",0
"lut_entry","21","delay_template_5x5","","","","","","11",0
"lut_entry","21","delay_template_5x5","","","","","","12",0
"lut_entry","21","delay_template_5x5","","","","","","13",0
"lut_entry","21","delay_template_5x5","","","","","","14",0
"lut_entry","21","delay_template_5x5","","","","","","15",0
"lut_entry","21","delay_template_5x5","","","","","","16",0
"lut_entry","21","delay_template_5x5","","","","","","17",0
"lut_entry","21","delay_template_5x5","","","","","","18",0
"lut_entry","21","delay_template_5x5","","","","","","19",0
"lut_entry","21","delay_template_5x5","","","","","","20",0
"lut_entry","21","delay_template_5x5","","","","","","21",0
"lut_entry","21","delay_template_5x5","","","","","","22",0
"lut_entry","21","delay_template_5x5","","","","","","23",0
"lut_entry","21","delay_template_5x5","","","","","","24",0
"lut_entry","22","delay_template_5x5","","","","","","0",0
"lut_entry","22","delay_template_5x5","","","","","","1",0
"lut_entry","22","delay_template_5x5","","","","","","2",0
"lut_entry","22","delay_template_5x5","","","","","","3",0
"lut_entry","22","delay_template_5x5","","","","","","4",0
"lut_entry","22","delay_template_5x5","","","","","","5",0
"lut_entry","22","delay_template_5x5","","","","","","6",0
"lut_entry","22","delay_template_5x5","","","","","","7",0
"lut_entry","22","delay_template_5x5","","","","","","8",0
"lut_entry","22","delay_template_5x5","","","","","","9",0
"lut_entry","22","delay_template_5x5","","","","","","10",0
"lut_entry","22","delay_template_5x5","","","","","","11",0
"lut_entry","22","delay_template_5x5","","","","","","12",0
"lut_entry","22","delay_template_5x5","","","","","","13",0
"lut_entry","22","delay_template_5x5","","","","","","14",0
"lut_entry","22","delay_template_5x5","","","","","","15",0
"lut_entry","22","delay_template_5x5","","","","","","16",0
"lut_entry","22","delay_template_5x5","","","","","","17",0
"lut_entry","22","delay_template_5x5","","","","","","18",0
"lut_entry","22","delay_template_5x5","","","","","","19",0
"lut_entry","22","delay_template_5x5","","","","","","20",0
"lut_entry","22","delay_template_5x5","","","","","","21",0
"lut_entry","22","delay_template_5x5","","","","","","22",0
"lut_entry","22","delay_template_5x5","","","","","","23",0
"lut_entry","22","delay_template_5x5","","","","","","24",0
"lut_entry","23","delay_template_5x5","","","","","","0",0
"lut_entry","23","delay_template_5x5","","","","","","1",0
"lut_entry","23","delay_template_5x5","","","","","","2",0
"lut_entry","23","delay_template_5x5","","","","","","3",0
"lut_entry","23","delay_template_5x5","","","","","","4",0
"lut_entry","23","delay_template_5x5","","","","","","5",0
"lut_entry","23","delay_template_5x5","","","","","","6",0
"lut_entry","23","delay_template_5x5","","","","","","7",0
"lut_entry","23","delay_template_5x5","","","","","","8",0
"lut_entry","23","delay_template_5x5","","","","","","9",0
"lut_entry","23","delay_template_5x5","","","","","","10",0
"lut_entry","23","delay_template_5x5","","","","","","11",0
"lut_entry","23","delay_template_5x5","","","","","","12",0
"lut_entry","23","delay_template_5x5","","","","","","13",0
"lut_entry","23","delay_template_5x5","","","","","","14",0
"lut_entry","23","delay_template_5x5","","","","","","15",0
"lut_entry","23","delay_template_5x5","","","","","","16",0
"lut_entry","23","delay_template_5x5","","","","","","17",0
"lut_entry","23","delay_template_5x5","","","","","","18",0
"lut_entry","23","delay_template_5x5","","","","","","19",0
"lut_entry","23","delay_template_5x5","","","","","","20",0
"lut_entry","23","delay_template_5x5","","","","","","21",0
"lut_entry","23","delay_template_5x5","","","","","","22",0
"lut_entry","23","delay_template_5x5","","","","","","23",0
"lut_entry","23","delay_template_5x5","","","","","","24",0
"lut_entry","24","delay_template_5x5","","","","","","0",0
"lut_entry","24","delay_template_5x5","","","","","","1",0
"lut_entry","24","delay_template_5x5","","","","","","2",0
"lut_entry","24","delay_template_5x5","","","","","","3",0
"lut_entry","24","delay_template_5x5","","","","","","4",0
"lut_entry","24","delay_template_5x5","","","","","","5",0
"lut_entry","24","delay_template_5x5","","","","","","6",0
"lut_entry","24","delay_template_5x5","","","","","","7",0
"lut_entry","24","delay_template_5x5","","","","","","8",0
"lut_entry","24","delay_template_5x5","","","","","","9",0
"lut_entry","24","delay_template_5x5","","","","","","10",0
"lut_entry","24","delay_template_5x5","","","","","","11",0
"lut_entry","24","delay_template_5x5","","","","","","12",0
"lut_entry","24","delay_template_5x5","","","","","","13",0
"lut_entry","24","delay_template_5x5","","","","","","14",0
"lut_entry","24","delay_template_5x5","","","","","","15",0
"lut_entry","24","delay_template_5x5","","","","","","16",0
"lut_entry","24","delay_template_5x5","","","","","","17",0
"lut_entry","24","delay_template_5x5","","","","","","18",0
"lut_entry","24","delay_template_5x5","","","","","","19",0
"lut_entry","24","delay_template_5x5","","","","","","20",0
"lut_entry","24","delay_template_5x5","","","","","","21",0
"lut_entry","24","delay_template_5x5","","","","","","22",0
"lut_entry","24","delay_template_5x5","","","","","","23",0
"lut_entry","24","delay_template_5x5","","","","","","24",0
"lut_entry","25","delay_template_5x5","","","","","","0",0
"lut_entry","25","delay_template_5x5","","","","","","1",0
"lut_entry","25","delay_template_5x5","","","","","","2",0
"lut_entry","25","delay_template_5x5","","","","","","3",0
"lut_entry","25","delay_template_5x5","","","","","","4",0
"lut_entry","25","delay_template_5x5","","","","","","5",0
"lut_entry","25","delay_template_5x5","","","","","","6",0
"lut_entry","25","delay_template_5x5","","","","","","7",0
"lut_entry","25","delay_template_5x5","","","","","","8",0
"lut_entry","25","delay_template_5x5","","","","","","9",0
"lut_entry","25","delay_template_5x5","","","","","","10",0
"lut_entry","25","delay_template_5x5","","","","","","11",0
"lut_entry","25","delay_template_5x5","","","","","","12",0
"lut_entry","25","delay_template_5x5","","","","","","13",0
"lut_entry","25","delay_template_5x5","","","","","","14",0
"lut_entry","25","delay_template_5x5","","","","","","15",0
"lut_entry","25","delay_template_5x5","","","","","","16",0
"lut_entry","25","delay_template_5x5","","","","","","17",0
"lut_entry","25","delay_template_5x5","","","","","","18",0
"lut_entry","25","delay_template_5x5","","","","","","19",0
"lut_entry","25","delay_template_5x5","","","","","","20",0
"lut_entry","25","delay_template_5x5","","","","","","21",0
"lut_entry","25","delay_template_5x5","","","","","","22",0
"lut_entry","25","delay_template_5x5","","","","","","23",0
"lut_entry","25","delay_template_5x5","","","","","","24",0
"lut_entry","26","delay_template_5x5","","","","","","0",0
"lut_entry","26","delay_template_5x5","","","","","","1",0
"lut_entry","26","delay_template_5x5","","","","","","2",0
"lut_entry","26","delay_template_5x5","","","","","","3",0
"lut_entry","26","delay_template_5x5","","","","","","4",0
"lut_entry","26","delay_template_5x5","","","","","","5",0
"lut_entry","26","delay_template_5x5","","","","","","6",0
"lut_entry","26","delay_template_5x5","","","","","","7",0
"lut_entry","26","delay_template_5x5","","","","","","8",0
"lut_entry","26","delay_template_5x5","","","","","","9",0
"lut_entry","26","delay_template_5x5","","","","","","10",0
"lut_entry","26","delay_template_5x5","","","","","","11",0
"lut_entry","26","delay_template_5x5","","","","","","12",0
"lut_entry","26","delay_template_5x5","","","","","","13",0
"lut_entry","26","delay_template_5x5","","","","","","14",0
"lut_entry","26","delay_template_5x5","","","","","","15",0
"lut_entry","26","delay_template_5x5","","","","","","16",0
"lut_entry","26","delay_template_5x5","","","","","","17",0
"lut_entry","26","delay_template_5x5","","","","","","18",0
"lut_entry","26","delay_template_5x5","","","","","","19",0
"lut_entry","26","delay_template_5x5","","","","","","20",0
"lut_entry","26","delay_template_5x5","","","","","","21",0
"lut_entry","26","delay_template_5x5","","","","","","22",0
"lut_entry","26","delay_template_5x5","","","","","","23",0
"lut_entry","26","delay_template_5x5","","","","","","24",0
"lut_entry","27","delay_template_5x5","","","","","","0",0
"lut_entry","27","delay_template_5x5","","","","","","1",0
"lut_entry","27","delay_template_5x5","","","","","","2",0
"lut_entry","27","delay_template_5x5","","","","","","3",0
"lut_entry","27","delay_template_5x5","","","","","","4",0
"lut_entry","27","delay_template_5x5","","","","","","5",0
"lut_entry","27","delay_template_5x5","","","","","","6",0
"lut_entry","27","delay_template_5x5","","","","","","7",0
"lut_entry","27","delay_template_5x5","","","","","","8",0
"lut_entry","27","delay_template_5x5","","","","","","9",0
"lut_entry","27","delay_template_5x5","","","","","","10",0
"lut_entry","27","delay_template_5x5","","","","","","11",0
"lut_entry","27","delay_template_5x5","","","","","","12",0
"lut_entry","27","delay_template_5x5","","","","","","13",0
"lut_entry","27","delay_template_5x5","","","","","","14",0
"lut_entry","27","delay_template_5x5","","","","","","15",0
"lut_entry","27","delay_template_5x5","","","","","","16",0
"lut_entry","27","delay_template_5x5","","","","","","17",0
"lut_entry","27","delay_template_5x5","","","","","","18",0
"lut_entry","27","delay_template_5x5","","","","","","19",0
"lut_entry","27","delay_template_5x5","","","","","","20",0
"lut_entry","27","delay_template_5x5","","","","","","21",0
"lut_entry","27","delay_template_5x5","","","","","","22",0
"lut_entry","27","delay_template_5x5","","","","","","23",0
"lut_entry","27","delay_template_5x5","","","","","","24",0
"lut_entry","28","delay_template_5x5","","","","","","0",0
"lut_entry","28","delay_template_5x5","","","","","","1",0
"lut_entry","28","delay_template_5x5","","","","","","2",0
"lut_entry","28","delay_template_5x5","","","","","","3",0
"lut_entry","28","delay_template_5x5","","","","","","4",0
"lut_entry","28","delay_template_5x5","","","","","","5",0
"lut_entry","28","delay_template_5x5","","","","","","6",0
"lut_entry","28","delay_template_5x5","","","","","","7",0
"lut_entry","28","delay_template_5x5","","","","","","8",0
"lut_entry","28","delay_template_5x5","","","","","","9",0
"lut_entry","28","delay_template_5x5","","","","","","10",0
"lut_entry","28","delay_template_5x5","","","","","","11",0
"lut_entry","28","delay_template_5x5","","","","","","12",0
"lut_entry","28","delay_template_5x5","","","","","","13",163.00418820770577
"lut_entry","28","delay_template_5x5","","","","","","14",-163.99409222448864
"lut_entry","28","delay_template_5x5","","","","","","15",0
"lut_entry","28","delay_template_5x5","","","","","","16",0
"lut_entry","28","delay_template_5x5","","","","","","17",0
"lut_entry","28","delay_template_5x5","","","","","","18",1.6624718362228801
"lut_entry","28","delay_template_5x5","","","","","","19",-1.6725678194400011
"lut_entry","28","delay_template_5x5","","","","","","20",0
"lut_entry","28","delay_template_5x5","","","","","","21",0
"lut_entry","28","delay_template_5x5","","","","","","22",0
"lut_entry","28","delay_template_5x5","","","","","","23",0
"lut_entry","28","delay_template_5x5","","","","","","24",0
"lut_entry","29","delay_template_5x5","","","","","","0",0
"lut_entry","29","delay_template_5x5","","","","","","1",0
"lut_entry","29","delay_template_5x5","","","","","","2",0
"lut_entry","29","delay_template_5x5","","","","","","3",0
"lut_entry","29","delay_template_5x5","","","","","","4",0
"lut_entry","29","delay_template_5x5","","","","","","5",0
"lut_entry","29","delay_template_5x5","","","","","","6",0
"lut_entry","29","delay_template_5x5","","","","","","7",0
"lut_entry","29","delay_template_5x5","","","","","","8",0
"lut_entry","29","delay_template_5x5","","","","","","9",0
"lut_entry","29","delay_template_5x5","","","","","","10",0
"lut_entry","29","delay_template_5x5","","","","","","11",0
"lut_entry","29","delay_template_5x5","","","","","","12",0
"lut_entry","29","delay_template_5x5","","","","","","13",0
"lut_entry","29","delay_template_5x5","","","","","","14",0
"lut_entry","29","delay_template_5x5","","","","","","15",0
"lut_entry","29","delay_template_5x5","","","","","","16",0
"lut_entry","29","delay_template_5x5","","","","","","17",0
"lut_entry","29","delay_template_5x5","","","","","","18",0
"lut_entry","29","delay_template_5x5","","","","","","19",0
"lut_entry","29","delay_template_5x5","","","","","","20",0
"lut_entry","29","delay_template_5x5","","","","","","21",0
"lut_entry","29","delay_template_5x5","","","","","","22",0
"lut_entry","29","delay_template_5x5","","","","","","23",0
"lut_entry","29","delay_template_5x5","","","","","","24",0
"lut_entry","30","delay_template_5x5","","","","","","0",0
"lut_entry","30","delay_template_5x5","","","","","","1",0
"lut_entry","30","delay_template_5x5","","","","","","2",0
"lut_entry","30","delay_template_5x5","","","","","","3",0
"lut_entry","30","delay_template_5x5","","","","","","4",0
"lut_entry","30","delay_template_5x5","","","","","","5",0
"lut_entry","30","delay_template_5x5","","","","","","6",0
"lut_entry","30","delay_template_5x5","","","","","","7",0
"lut_entry","30","delay_template_5x5","","","","","","8",0
"lut_entry","30","delay_template_5x5","","","","","","9",0
"lut_entry","30","delay_template_5x5","","","","","","10",0
"lut_entry","30","delay_template_5x5","","","","","","11",0
"lut_entry","30","delay_template_5x5","","","","","","12",0
"lut_entry","30","delay_template_5x5","","","","","","13",-6.4642765689253485
"lut_entry","30","delay_template_5x5","","","","","","14",6.5035333108013349
"lut_entry","30","delay_template_5x5","","","","","","15",0
"lut_entry","30","delay_template_5x5","","","","","","16",0
"lut_entry","30","delay_template_5x5","","","","","","17",0
"lut_entry","30","delay_template_5x5","","","","","","18",-0.065928844255830177
"lut_entry","30","delay_template_5x5","","","","","","19",0.066329221868628302
"lut_entry","30","delay_template_5x5","","","","","","20",0
"lut_entry","30","delay_template_5x5","","","","","","21",0
"lut_entry","30","delay_template_5x5","","","","","","22",0
"lut_entry","30","delay_template_5x5","","","","","","23",0
"lut_entry","30","delay_template_5x5","","","","","","24",0
"lut_entry","31","delay_template_5x5","","","","","","0",0
"lut_entry","31","delay_template_5x5","","","","","","1",0
"lut_entry","31","delay_template_5x5","","","","","","2",0
"lut_entry","31","delay_template_5x5","","","","","","3",0
"lut_entry","31","delay_template_5x5","","","","","","4",0
"lut_entry","31","delay_template_5x5","","","","","","5",0
"lut_entry","31","delay_template_5x5","","","","","","6",0
"lut_entry","31","delay_template_5x5","","","","","","7",0
"lut_entry","31","delay_template_5x5","","","","","","8",0
"lut_entry","31","delay_template_5x5","","","","","","9",0
"lut_entry","31","delay_template_5x5","","","","","","10",0
"lut_entry","31","delay_template_5x5","","","","","","11",0
"lut_entry","31","delay_template_5x5","","","","","","12",0
"lut_entry","31","delay_template_5x5","","","","","","13",0
"lut_entry","31","delay_template_5x5","","","","","","14",0
"lut_entry","31","delay_template_5x5","","","","","","15",0
"lut_entry","31","delay_template_5x5","","","","","","16",0
"lut_entry","31","delay_template_5x5","","","","","","17",0
"lut_entry","31","delay_template_5x5","","","","","","18",0
"lut_entry","31","delay_template_5x5","","","","","","19",0
"lut_entry","31","delay_template_5x5","","","","","","20",0
"lut_entry","31","delay_template_5x5","","","","","","21",0
"lut_entry","31","delay_template_5x5","","","","","","22",0
"lut_entry","31","delay_template_5x5","","","","","","23",0
"lut_entry","31","delay_template_5x5","","","","","","24",0
"lut_entry","32","delay_template_5x5","","","","","","0",0
"lut_entry","32","delay_template_5x5","","","","","","1",0
"lut_entry","32","delay_template_5x5","","","","","","2",0
"lut_entry","32","delay_template_5x5","","","","","","3",0
"lut_entry","32","delay_template_5x5","","","","","","4",0
"lut_entry","32","delay_template_5x5","","","","","","5",0
"lut_entry","32","delay_template_5x5","","","","","","6",0
"lut_entry","32","delay_template_5x5","","","","","","7",0
"lut_entry","32","delay_template_5x5","","","","","","8",0
"lut_entry","32","delay_template_5x5","","","","","","9",0
"lut_entry","32","delay_template_5x5","","","","","","10",0
"lut_entry","32","delay_template_5x5","","","","","","11",0
"lut_entry","32","delay_template_5x5","","","","","","12",0
"lut_entry","32","delay_template_5x5","","","","","","13",0
"lut_entry","32","delay_template_5x5","","","","","","14",0
"lut_entry","32","delay_template_5x5","","","","","","15",0
"lut_entry","32","delay_template_5x5","","","","","","16",0
"lut_entry","32","delay_template_5x5","","","","","","17",0
"lut_entry","32","delay_template_5x5","","","","","","18",0
"lut_entry","32","delay_template_5x5","","","","","","19",0
"lut_entry","32","delay_template_5x5","","","","","","20",0
"lut_entry","32","delay_template_5x5","","","","","","21",0
"lut_entry","32","delay_template_5x5","","","","","","22",0
"lut_entry","32","delay_template_5x5","","","","","","23",0
"lut_entry","32","delay_template_5x5","","","","","","24",0
"lut_entry","33","delay_template_5x5","","","","","","0",0
"lut_entry","33","delay_template_5x5","","","","","","1",0
"lut_entry","33","delay_template_5x5","","","","","","2",0
"lut_entry","33","delay_template_5x5","","","","","","3",0
"lut_entry","33","delay_template_5x5","","","","","","4",0
"lut_entry","33","delay_template_5x5","","","","","","5",0
"lut_entry","33","delay_template_5x5","","","","","","6",0
"lut_entry","33","delay_template_5x5","","","","","","7",0
"lut_entry","33","delay_template_5x5","","","","","","8",0
"lut_entry","33","delay_template_5x5","","","","","","9",0
"lut_entry","33","delay_template_5x5","","","","","","10",0
"lut_entry","33","delay_template_5x5","","","","","","11",0
"lut_entry","33","delay_template_5x5","","","","","","12",0
"lut_entry","33","delay_template_5x5","","","","","","13",0
"lut_entry","33","delay_template_5x5","","","","","","14",0
"lut_entry","33","delay_template_5x5","","","","","","15",0
"lut_entry","33","delay_template_5x5","","","","","","16",0
"lut_entry","33","delay_template_5x5","","","","","","17",0
"lut_entry","33","delay_template_5x5","","","","","","18",0
"lut_entry","33","delay_template_5x5","","","","","","19",0
"lut_entry","33","delay_template_5x5","","","","","","20",0
"lut_entry","33","delay_template_5x5","","","","","","21",0
"lut_entry","33","delay_template_5x5","","","","","","22",0
"lut_entry","33","delay_template_5x5","","","","","","23",0
"lut_entry","33","delay_template_5x5","","","","","","24",0
"lut_entry","34","delay_template_5x5","","","","","","0",0
"lut_entry","34","delay_template_5x5","","","","","","1",0
"lut_entry","34","delay_template_5x5","","","","","","2",0
"lut_entry","34","delay_template_5x5","","","","","","3",0
"lut_entry","34","delay_template_5x5","","","","","","4",0
"lut_entry","34","delay_template_5x5","","","","","","5",0
"lut_entry","34","delay_template_5x5","","","","","","6",0
"lut_entry","34","delay_template_5x5","","","","","","7",0
"lut_entry","34","delay_template_5x5","","","","","","8",0
"lut_entry","34","delay_template_5x5","","","","","","9",0
"lut_entry","34","delay_template_5x5","","","","","","10",0
"lut_entry","34","delay_template_5x5","","","","","","11",0
"lut_entry","34","delay_template_5x5","","","","","","12",0
"lut_entry","34","delay_template_5x5","","","","","","13",0
"lut_entry","34","delay_template_5x5","","","","","","14",0
"lut_entry","34","delay_template_5x5","","","","","","15",0
"lut_entry","34","delay_template_5x5","","","","","","16",0
"lut_entry","34","delay_template_5x5","","","","","","17",0
"lut_entry","34","delay_template_5x5","","","","","","18",0
"lut_entry","34","delay_template_5x5","","","","","","19",0
"lut_entry","34","delay_template_5x5","","","","","","20",0
"lut_entry","34","delay_template_5x5","","","","","","21",0
"lut_entry","34","delay_template_5x5","","","","","","22",0
"lut_entry","34","delay_template_5x5","","","","","","23",0
"lut_entry","34","delay_template_5x5","","","","","","24",0
"lut_entry","35","delay_template_5x5","","","","","","0",0
"lut_entry","35","delay_template_5x5","","","","","","1",0
"lut_entry","35","delay_template_5x5","","","","","","2",0
"lut_entry","35","delay_template_5x5","","","","","","3",0
"lut_entry","35","delay_template_5x5","","","","","","4",0
"lut_entry","35","delay_template_5x5","","","","","","5",0
"lut_entry","35","delay_template_5x5","","","","","","6",0
"lut_entry","35","delay_template_5x5","","","","","","7",0
"lut_entry","35","delay_template_5x5","","","","","","8",0
"lut_entry","35","delay_template_5x5","","","","","","9",0
"lut_entry","35","delay_template_5x5","","","","","","10",0
"lut_entry","35","delay_template_5x5","","","","","","11",0
"lut_entry","35","delay_template_5x5","","","","","","12",0
"lut_entry","35","delay_template_5x5","","","","","","13",0
"lut_entry","35","delay_template_5x5","","","","","","14",0
"lut_entry","35","delay_template_5x5","","","","","","15",0
"lut_entry","35","delay_template_5x5","","","","","","16",0
"lut_entry","35","delay_template_5x5","","","","","","17",0
"lut_entry","35","delay_template_5x5","","","","","","18",0
"lut_entry","35","delay_template_5x5","","","","","","19",0
"lut_entry","35","delay_template_5x5","","","","","","20",0
"lut_entry","35","delay_template_5x5","","","","","","21",0
"lut_entry","35","delay_template_5x5","","","","","","22",0
"lut_entry","35","delay_template_5x5","","","","","","23",0
"lut_entry","35","delay_template_5x5","","","","","","24",0
"lut_entry","36","delay_template_5x5","","","","","","0",0
"lut_entry","36","delay_template_5x5","","","","","","1",0
"lut_entry","36","delay_template_5x5","","","","","","2",0
"lut_entry","36","delay_template_5x5","","","","","","3",0
"lut_entry","36","delay_template_5x5","","","","","","4",0
"lut_entry","36","delay_template_5x5","","","","","","5",0
"lut_entry","36","delay_template_5x5","","","","","","6",0
"lut_entry","36","delay_template_5x5","","","","","","7",0
"lut_entry","36","delay_template_5x5","","","","","","8",0
"lut_entry","36","delay_template_5x5","","","","","","9",0
"lut_entry","36","delay_template_5x5","","","","","","10",0
"lut_entry","36","delay_template_5x5","","","","","","11",0
"lut_entry","36","delay_template_5x5","","","","","","12",0
"lut_entry","36","delay_template_5x5","","","","","","13",0
"lut_entry","36","delay_template_5x5","","","","","","14",0
"lut_entry","36","delay_template_5x5","","","","","","15",0
"lut_entry","36","delay_template_5x5","","","","","","16",0
"lut_entry","36","delay_template_5x5","","","","","","17",0
"lut_entry","36","delay_template_5x5","","","","","","18",0
"lut_entry","36","delay_template_5x5","","","","","","19",0
"lut_entry","36","delay_template_5x5","","","","","","20",0
"lut_entry","36","delay_template_5x5","","","","","","21",0
"lut_entry","36","delay_template_5x5","","","","","","22",0
"lut_entry","36","delay_template_5x5","","","","","","23",0
"lut_entry","36","delay_template_5x5","","","","","","24",0
"lut_entry","37","delay_template_5x5","","","","","","0",0
"lut_entry","37","delay_template_5x5","","","","","","1",0
"lut_entry","37","delay_template_5x5","","","","","","2",0
"lut_entry","37","delay_template_5x5","","","","","","3",0
"lut_entry","37","delay_template_5x5","","","","","","4",0
"lut_entry","37","delay_template_5x5","","","","","","5",0
"lut_entry","37","delay_template_5x5","","","","","","6",0
"lut_entry","37","delay_template_5x5","","","","","","7",0
"lut_entry","37","delay_template_5x5","","","","","","8",0
"lut_entry","37","delay_template_5x5","","","","","","9",0
"lut_entry","37","delay_template_5x5","","","","","","10",0
"lut_entry","37","delay_template_5x5","","","","","","11",0
"lut_entry","37","delay_template_5x5","","","","","","12",0
"lut_entry","37","delay_template_5x5","","","","","","13",0
"lut_entry","37","delay_template_5x5","","","","","","14",0
"lut_entry","37","delay_template_5x5","","","","","","15",0
"lut_entry","37","delay_template_5x5","","","","","","16",0
"lut_entry","37","delay_template_5x5","","","","","","17",0
"lut_entry","37","delay_template_5x5","","","","","","18",0
"lut_entry","37","delay_template_5x5","","","","","","19",0
"lut_entry","37","delay_template_5x5","","","","","","20",0
"lut_entry","37","delay_template_5x5","","","","","","21",0
"lut_entry","37","delay_template_5x5","","","","","","22",0
"lut_entry","37","delay_template_5x5","","","","","","23",0
"lut_entry","37","delay_template_5x5","","","","","","24",0
"lut_entry","38","delay_template_5x5","","","","","","0",0
"lut_entry","38","delay_template_5x5","","","","","","1",0
"lut_entry","38","delay_template_5x5","","","","","","2",0
"lut_entry","38","delay_template_5x5","","","","","","3",0
"lut_entry","38","delay_template_5x5","","","","","","4",0
"lut_entry","38","delay_template_5x5","","","","","","5",0
"lut_entry","38","delay_template_5x5","","","","","","6",0
"lut_entry","38","delay_template_5x5","","","","","","7",0
"lut_entry","38","delay_template_5x5","","","","","","8",0
"lut_entry","38","delay_template_5x5","","","","","","9",0
"lut_entry","38","delay_template_5x5","","","","","","10",0
"lut_entry","38","delay_template_5x5","","","","","","11",0
"lut_entry","38","delay_template_5x5","","","","","","12",0
"lut_entry","38","delay_template_5x5","","","","","","13",0
"lut_entry","38","delay_template_5x5","","","","","","14",0
"lut_entry","38","delay_template_5x5","","","","","","15",0
"lut_entry","38","delay_template_5x5","","","","","","16",0
"lut_entry","38","delay_template_5x5","","","","","","17",0
"lut_entry","38","delay_template_5x5","","","","","","18",0
"lut_entry","38","delay_template_5x5","","","","","","19",0
"lut_entry","38","delay_template_5x5","","","","","","20",0
"lut_entry","38","delay_template_5x5","","","","","","21",0
"lut_entry","38","delay_template_5x5","","","","","","22",0
"lut_entry","38","delay_template_5x5","","","","","","23",0
"lut_entry","38","delay_template_5x5","","","","","","24",0
"lut_entry","39","delay_template_5x5","","","","","","0",0
"lut_entry","39","delay_template_5x5","","","","","","1",0
"lut_entry","39","delay_template_5x5","","","","","","2",0
"lut_entry","39","delay_template_5x5","","","","","","3",0
"lut_entry","39","delay_template_5x5","","","","","","4",0
"lut_entry","39","delay_template_5x5","","","","","","5",0
"lut_entry","39","delay_template_5x5","","","","","","6",0
"lut_entry","39","delay_template_5x5","","","","","","7",0
"lut_entry","39","delay_template_5x5","","","","","","8",0
"lut_entry","39","delay_template_5x5","","","","","","9",0
"lut_entry","39","delay_template_5x5","","","","","","10",0
"lut_entry","39","delay_template_5x5","","","","","","11",0
"lut_entry","39","delay_template_5x5","","","","","","12",0
"lut_entry","39","delay_template_5x5","","","","","","13",0
"lut_entry","39","delay_template_5x5","","","","","","14",0
"lut_entry","39","delay_template_5x5","","","","","","15",0
"lut_entry","39","delay_template_5x5","","","","","","16",0
"lut_entry","39","delay_template_5x5","","","","","","17",0
"lut_entry","39","delay_template_5x5","","","","","","18",0
"lut_entry","39","delay_template_5x5","","","","","","19",0
"lut_entry","39","delay_template_5x5","","","","","","20",0
"lut_entry","39","delay_template_5x5","","","","","","21",0
"lut_entry","39","delay_template_5x5","","","","","","22",0
"lut_entry","39","delay_template_5x5","","","","","","23",0
"lut_entry","39","delay_template_5x5","","","","","","24",0
"lut_entry","40","delay_template_5x5","","","","","","0",0
"lut_entry","40","delay_template_5x5","","","","","","1",0
"lut_entry","40","delay_template_5x5","","","","","","2",0
"lut_entry","40","delay_template_5x5","","","","","","3",0
"lut_entry","40","delay_template_5x5","","","","","","4",0
"lut_entry","40","delay_template_5x5","","","","","","5",0
"lut_entry","40","delay_template_5x5","","","","","","6",0
"lut_entry","40","delay_template_5x5","","","","","","7",0
"lut_entry","40","delay_template_5x5","","","","","","8",0
"lut_entry","40","delay_template_5x5","","","","","","9",0
"lut_entry","40","delay_template_5x5","","","","","","10",0
"lut_entry","40","delay_template_5x5","","","","","","11",0
"lut_entry","40","delay_template_5x5","","","","","","12",0
"lut_entry","40","delay_template_5x5","","","","","","13",0
"lut_entry","40","delay_template_5x5","","","","","","14",0
"lut_entry","40","delay_template_5x5","","","","","","15",0
"lut_entry","40","delay_template_5x5","","","","","","16",0
"lut_entry","40","delay_template_5x5","","","","","","17",0
"lut_entry","40","delay_template_5x5","","","","","","18",0
"lut_entry","40","delay_template_5x5","","","","","","19",0
"lut_entry","40","delay_template_5x5","","","","","","20",0
"lut_entry","40","delay_template_5x5","","","","","","21",0
"lut_entry","40","delay_template_5x5","","","","","","22",0
"lut_entry","40","delay_template_5x5","","","","","","23",0
"lut_entry","40","delay_template_5x5","","","","","","24",0
"lut_entry","41","delay_template_5x5","","","","","","0",0
"lut_entry","41","delay_template_5x5","","","","","","1",0
"lut_entry","41","delay_template_5x5","","","","","","2",0
"lut_entry","41","delay_template_5x5","","","","","","3",0
"lut_entry","41","delay_template_5x5","","","","","","4",0
"lut_entry","41","delay_template_5x5","","","","","","5",0
"lut_entry","41","delay_template_5x5","","","","","","6",0
"lut_entry","41","delay_template_5x5","","","","","","7",0
"lut_entry","41","delay_template_5x5","","","","","","8",0
"lut_entry","41","delay_template_5x5","","","","","","9",0
"lut_entry","41","delay_template_5x5","","","","","","10",0
"lut_entry","41","delay_template_5x5","","","","","","11",0
"lut_entry","41","delay_template_5x5","","","","","","12",0
"lut_entry","41","delay_template_5x5","","","","","","13",0
"lut_entry","41","delay_template_5x5","","","","","","14",0
"lut_entry","41","delay_template_5x5","","","","","","15",0
"lut_entry","41","delay_template_5x5","","","","","","16",0
"lut_entry","41","delay_template_5x5","","","","","","17",0
"lut_entry","41","delay_template_5x5","","","","","","18",0
"lut_entry","41","delay_template_5x5","","","","","","19",0
"lut_entry","41","delay_template_5x5","","","","","","20",0
"lut_entry","41","delay_template_5x5","","","","","","21",0
"lut_entry","41","delay_template_5x5","","","","","","22",0
"lut_entry","41","delay_template_5x5","","","","","","23",0
"lut_entry","41","delay_template_5x5","","","","","","24",0
"lut_entry","42","delay_template_5x5","","","","","","0",0
"lut_entry","42","delay_template_5x5","","","","","","1",0
"lut_entry","42","delay_template_5x5","","","","","","2",0
"lut_entry","42","delay_template_5x5","","","","","","3",0
"lut_entry","42","delay_template_5x5","","","","","","4",0
"lut_entry","42","delay_template_5x5","","","","","","5",0
"lut_entry","42","delay_template_5x5","","","","","","6",0
"lut_entry","42","delay_template_5x5","","","","","","7",0
"lut_entry","42","delay_template_5x5","","","","","","8",0
"lut_entry","42","delay_template_5x5","","","","","","9",0
"lut_entry","42","delay_template_5x5","","","","","","10",0
"lut_entry","42","delay_template_5x5","","","","","","11",0
"lut_entry","42","delay_template_5x5","","","","","","12",0
"lut_entry","42","delay_template_5x5","","","","","","13",0
"lut_entry","42","delay_template_5x5","","","","","","14",0
"lut_entry","42","delay_template_5x5","","","","","","15",0
"lut_entry","42","delay_template_5x5","","","","","","16",0
"lut_entry","42","delay_template_5x5","","","","","","17",0
"lut_entry","42","delay_template_5x5","","","","","","18",0
"lut_entry","42","delay_template_5x5","","","","","","19",0
"lut_entry","42","delay_template_5x5","","","","","","20",0
"lut_entry","42","delay_template_5x5","","","","","","21",0
"lut_entry","42","delay_template_5x5","","","","","","22",0
"lut_entry","42","delay_template_5x5","","","","","","23",0
"lut_entry","42","delay_template_5x5","","","","","","24",0
"lut_entry","43","delay_template_5x5","","","","","","0",0
"lut_entry","43","delay_template_5x5","","","","","","1",0
"lut_entry","43","delay_template_5x5","","","","","","2",0
"lut_entry","43","delay_template_5x5","","","","","","3",0
"lut_entry","43","delay_template_5x5","","","","","","4",0
"lut_entry","43","delay_template_5x5","","","","","","5",0
"lut_entry","43","delay_template_5x5","","","","","","6",0
"lut_entry","43","delay_template_5x5","","","","","","7",0
"lut_entry","43","delay_template_5x5","","","","","","8",0
"lut_entry","43","delay_template_5x5","","","","","","9",0
"lut_entry","43","delay_template_5x5","","","","","","10",0
"lut_entry","43","delay_template_5x5","","","","","","11",0
"lut_entry","43","delay_template_5x5","","","","","","12",0
"lut_entry","43","delay_template_5x5","","","","","","13",0
"lut_entry","43","delay_template_5x5","","","","","","14",0
"lut_entry","43","delay_template_5x5","","","","","","15",0
"lut_entry","43","delay_template_5x5","","","","","","16",0
"lut_entry","43","delay_template_5x5","","","","","","17",0
"lut_entry","43","delay_template_5x5","","","","","","18",0
"lut_entry","43","delay_template_5x5","","","","","","19",0
"lut_entry","43","delay_template_5x5","","","","","","20",0
"lut_entry","43","delay_template_5x5","","","","","","21",0
"lut_entry","43","delay_template_5x5","","","","","","22",0
"lut_entry","43","delay_template_5x5","","","","","","23",0
"lut_entry","43","delay_template_5x5","","","","","","24",0
"lut_entry","44","delay_template_5x5","","","","","","0",0
"lut_entry","44","delay_template_5x5","","","","","","1",0
"lut_entry","44","delay_template_5x5","","","","","","2",0
"lut_entry","44","delay_template_5x5","","","","","","3",0
"lut_entry","44","delay_template_5x5","","","","","","4",0
"lut_entry","44","delay_template_5x5","","","","","","5",0
"lut_entry","44","delay_template_5x5","","","","","","6",0
"lut_entry","44","delay_template_5x5","","","","","","7",0
"lut_entry","44","delay_template_5x5","","","","","","8",0
"lut_entry","44","delay_template_5x5","","","","","","9",0
"lut_entry","44","delay_template_5x5","","","","","","10",0
"lut_entry","44","delay_template_5x5","","","","","","11",0
"lut_entry","44","delay_template_5x5","","","","","","12",0
"lut_entry","44","delay_template_5x5","","","","","","13",0
"lut_entry","44","delay_template_5x5","","","","","","14",0
"lut_entry","44","delay_template_5x5","","","","","","15",0
"lut_entry","44","delay_template_5x5","","","","","","16",0
"lut_entry","44","delay_template_5x5","","","","","","17",0
"lut_entry","44","delay_template_5x5","","","","","","18",0
"lut_entry","44","delay_template_5x5","","","","","","19",0
"lut_entry","44","delay_template_5x5","","","","","","20",0
"lut_entry","44","delay_template_5x5","","","","","","21",0
"lut_entry","44","delay_template_5x5","","","","","","22",0
"lut_entry","44","delay_template_5x5","","","","","","23",0
"lut_entry","44","delay_template_5x5","","","","","","24",0
"lut_entry","45","delay_template_5x5","","","","","","0",0
"lut_entry","45","delay_template_5x5","","","","","","1",0
"lut_entry","45","delay_template_5x5","","","","","","2",0
"lut_entry","45","delay_template_5x5","","","","","","3",0
"lut_entry","45","delay_template_5x5","","","","","","4",0
"lut_entry","45","delay_template_5x5","","","","","","5",0
"lut_entry","45","delay_template_5x5","","","","","","6",0
"lut_entry","45","delay_template_5x5","","","","","","7",0
"lut_entry","45","delay_template_5x5","","","","","","8",0
"lut_entry","45","delay_template_5x5","","","","","","9",0
"lut_entry","45","delay_template_5x5","","","","","","10",0
"lut_entry","45","delay_template_5x5","","","","","","11",0
"lut_entry","45","delay_template_5x5","","","","","","12",0
"lut_entry","45","delay_template_5x5","","","","","","13",0
"lut_entry","45","delay_template_5x5","","","","","","14",0
"lut_entry","45","delay_template_5x5","","","","","","15",0
"lut_entry","45","delay_template_5x5","","","","","","16",0
"lut_entry","45","delay_template_5x5","","","","","","17",0
"lut_entry","45","delay_template_5x5","","","","","","18",0
"lut_entry","45","delay_template_5x5","","","","","","19",0
"lut_entry","45","delay_template_5x5","","","","","","20",0
"lut_entry","45","delay_template_5x5","","","","","","21",0
"lut_entry","45","delay_template_5x5","","","","","","22",0
"lut_entry","45","delay_template_5x5","","","","","","23",0
"lut_entry","45","delay_template_5x5","","","","","","24",0
"lut_entry","46","delay_template_5x5","","","","","","0",0
"lut_entry","46","delay_template_5x5","","","","","","1",0
"lut_entry","46","delay_template_5x5","","","","","","2",0
"lut_entry","46","delay_template_5x5","","","","","","3",0
"lut_entry","46","delay_template_5x5","","","","","","4",0
"lut_entry","46","delay_template_5x5","","","","","","5",0
"lut_entry","46","delay_template_5x5","","","","","","6",0
"lut_entry","46","delay_template_5x5","","","","","","7",0
"lut_entry","46","delay_template_5x5","","","","","","8",0
"lut_entry","46","delay_template_5x5","","","","","","9",0
"lut_entry","46","delay_template_5x5","","","","","","10",0
"lut_entry","46","delay_template_5x5","","","","","","11",0
"lut_entry","46","delay_template_5x5","","","","","","12",0
"lut_entry","46","delay_template_5x5","","","","","","13",0
"lut_entry","46","delay_template_5x5","","","","","","14",0
"lut_entry","46","delay_template_5x5","","","","","","15",0
"lut_entry","46","delay_template_5x5","","","","","","16",0
"lut_entry","46","delay_template_5x5","","","","","","17",0
"lut_entry","46","delay_template_5x5","","","","","","18",0
"lut_entry","46","delay_template_5x5","","","","","","19",0
"lut_entry","46","delay_template_5x5","","","","","","20",0
"lut_entry","46","delay_template_5x5","","","","","","21",0
"lut_entry","46","delay_template_5x5","","","","","","22",0
"lut_entry","46","delay_template_5x5","","","","","","23",0
"lut_entry","46","delay_template_5x5","","","","","","24",0
"lut_entry","47","delay_template_5x5","","","","","","0",0
"lut_entry","47","delay_template_5x5","","","","","","1",0
"lut_entry","47","delay_template_5x5","","","","","","2",0
"lut_entry","47","delay_template_5x5","","","","","","3",0
"lut_entry","47","delay_template_5x5","","","","","","4",0
"lut_entry","47","delay_template_5x5","","","","","","5",0
"lut_entry","47","delay_template_5x5","","","","","","6",0
"lut_entry","47","delay_template_5x5","","","","","","7",0
"lut_entry","47","delay_template_5x5","","","","","","8",0
"lut_entry","47","delay_template_5x5","","","","","","9",0
"lut_entry","47","delay_template_5x5","","","","","","10",0
"lut_entry","47","delay_template_5x5","","","","","","11",0
"lut_entry","47","delay_template_5x5","","","","","","12",0
"lut_entry","47","delay_template_5x5","","","","","","13",0
"lut_entry","47","delay_template_5x5","","","","","","14",0
"lut_entry","47","delay_template_5x5","","","","","","15",0
"lut_entry","47","delay_template_5x5","","","","","","16",0
"lut_entry","47","delay_template_5x5","","","","","","17",0
"lut_entry","47","delay_template_5x5","","","","","","18",0
"lut_entry","47","delay_template_5x5","","","","","","19",0
"lut_entry","47","delay_template_5x5","","","","","","20",0
"lut_entry","47","delay_template_5x5","","","","","","21",0
"lut_entry","47","delay_template_5x5","","","","","","22",0
"lut_entry","47","delay_template_5x5","","","","","","23",0
"lut_entry","47","delay_template_5x5","","","","","","24",0
"lut_entry","48","delay_template_5x5","","","","","","0",0
"lut_entry","48","delay_template_5x5","","","","","","1",0
"lut_entry","48","delay_template_5x5","","","","","","2",0
"lut_entry","48","delay_template_5x5","","","","","","3",0
"lut_entry","48","delay_template_5x5","","","","","","4",0
"lut_entry","48","delay_template_5x5","","","","","","5",0
"lut_entry","48","delay_template_5x5","","","","","","6",0
"lut_entry","48","delay_template_5x5","","","","","","7",0
"lut_entry","48","delay_template_5x5","","","","","","8",0
"lut_entry","48","delay_template_5x5","","","","","","9",0
"lut_entry","48","delay_template_5x5","","","","","","10",0
"lut_entry","48","delay_template_5x5","","","","","","11",0
"lut_entry","48","delay_template_5x5","","","","","","12",0
"lut_entry","48","delay_template_5x5","","","","","","13",0
"lut_entry","48","delay_template_5x5","","","","","","14",0
"lut_entry","48","delay_template_5x5","","","","","","15",0
"lut_entry","48","delay_template_5x5","","","","","","16",0
"lut_entry","48","delay_template_5x5","","","","","","17",0
"lut_entry","48","delay_template_5x5","","","","","","18",0
"lut_entry","48","delay_template_5x5","","","","","","19",0
"lut_entry","48","delay_template_5x5","","","","","","20",0
"lut_entry","48","delay_template_5x5","","","","","","21",0
"lut_entry","48","delay_template_5x5","","","","","","22",0
"lut_entry","48","delay_template_5x5","","","","","","23",0
"lut_entry","48","delay_template_5x5","","","","","","24",0
"lut_entry","49","delay_template_5x5","","","","","","0",0
"lut_entry","49","delay_template_5x5","","","","","","1",0
"lut_entry","49","delay_template_5x5","","","","","","2",0
"lut_entry","49","delay_template_5x5","","","","","","3",0
"lut_entry","49","delay_template_5x5","","","","","","4",0
"lut_entry","49","delay_template_5x5","","","","","","5",0
"lut_entry","49","delay_template_5x5","","","","","","6",0
"lut_entry","49","delay_template_5x5","","","","","","7",0
"lut_entry","49","delay_template_5x5","","","","","","8",0
"lut_entry","49","delay_template_5x5","","","","","","9",0
"lut_entry","49","delay_template_5x5","","","","","","10",0
"lut_entry","49","delay_template_5x5","","","","","","11",0
"lut_entry","49","delay_template_5x5","","","","","","12",0
"lut_entry","49","delay_template_5x5","","","","","","13",0
"lut_entry","49","delay_template_5x5","","","","","","14",0
"lut_entry","49","delay_template_5x5","","","","","","15",0
"lut_entry","49","delay_template_5x5","","","","","","16",0
"lut_entry","49","delay_template_5x5","","","","","","17",0
"lut_entry","49","delay_template_5x5","","","","","","18",0
"lut_entry","49","delay_template_5x5","","","","","","19",0
"lut_entry","49","delay_template_5x5","","","","","","20",0
"lut_entry","49","delay_template_5x5","","","","","","21",0
"lut_entry","49","delay_template_5x5","","","","","","22",0
"lut_entry","49","delay_template_5x5","","","","","","23",0
"lut_entry","49","delay_template_5x5","","","","","","24",0
"lut_entry","50","delay_template_5x5","","","","","","0",0
"lut_entry","50","delay_template_5x5","","","","","","1",0
"lut_entry","50","delay_template_5x5","","","","","","2",0
"lut_entry","50","delay_template_5x5","","","","","","3",0
"lut_entry","50","delay_template_5x5","","","","","","4",0
"lut_entry","50","delay_template_5x5","","","","","","5",0
"lut_entry","50","delay_template_5x5","","","","","","6",0
"lut_entry","50","delay_template_5x5","","","","","","7",0
"lut_entry","50","delay_template_5x5","","","","","","8",0
"lut_entry","50","delay_template_5x5","","","","","","9",0
"lut_entry","50","delay_template_5x5","","","","","","10",0
"lut_entry","50","delay_template_5x5","","","","","","11",0
"lut_entry","50","delay_template_5x5","","","","","","12",0
"lut_entry","50","delay_template_5x5","","","","","","13",0
"lut_entry","50","delay_template_5x5","","","","","","14",0
"lut_entry","50","delay_template_5x5","","","","","","15",0
"lut_entry","50","delay_template_5x5","","","","","","16",0
"lut_entry","50","delay_template_5x5","","","","","","17",0
"lut_entry","50","delay_template_5x5","","","","","","18",0
"lut_entry","50","delay_template_5x5","","","","","","19",0
"lut_entry","50","delay_template_5x5","","","","","","20",0
"lut_entry","50","delay_template_5x5","","","","","","21",0
"lut_entry","50","delay_template_5x5","","","","","","22",0
"lut_entry","50","delay_template_5x5","","","","","","23",0
"lut_entry","50","delay_template_5x5","","","","","","24",0
"lut_entry","51","delay_template_5x5","","","","","","0",0
"lut_entry","51","delay_template_5x5","","","","","","1",0
"lut_entry","51","delay_template_5x5","","","","","","2",0
"lut_entry","51","delay_template_5x5","","","","","","3",0
"lut_entry","51","delay_template_5x5","","","","","","4",0
"lut_entry","51","delay_template_5x5","","","","","","5",0
"lut_entry","51","delay_template_5x5","","","","","","6",0
"lut_entry","51","delay_template_5x5","","","","","","7",0
"lut_entry","51","delay_template_5x5","","","","","","8",0
"lut_entry","51","delay_template_5x5","","","","","","9",0
"lut_entry","51","delay_template_5x5","","","","","","10",0
"lut_entry","51","delay_template_5x5","","","","","","11",0
"lut_entry","51","delay_template_5x5","","","","","","12",0
"lut_entry","51","delay_template_5x5","","","","","","13",0
"lut_entry","51","delay_template_5x5","","","","","","14",0
"lut_entry","51","delay_template_5x5","","","","","","15",0
"lut_entry","51","delay_template_5x5","","","","","","16",0
"lut_entry","51","delay_template_5x5","","","","","","17",0
"lut_entry","51","delay_template_5x5","","","","","","18",0
"lut_entry","51","delay_template_5x5","","","","","","19",0
"lut_entry","51","delay_template_5x5","","","","","","20",0
"lut_entry","51","delay_template_5x5","","","","","","21",0
"lut_entry","51","delay_template_5x5","","","","","","22",0
"lut_entry","51","delay_template_5x5","","","","","","23",0
"lut_entry","51","delay_template_5x5","","","","","","24",0
"lut_entry","52","delay_template_5x5","","","","","","0",0
"lut_entry","52","delay_template_5x5","","","","","","1",0
"lut_entry","52","delay_template_5x5","","","","","","2",0
"lut_entry","52","delay_template_5x5","","","","","","3",0
"lut_entry","52","delay_template_5x5","","","","","","4",0
"lut_entry","52","delay_template_5x5","","","","","","5",0
"lut_entry","52","delay_template_5x5","","","","","","6",0
"lut_entry","52","delay_template_5x5","","","","","","7",0
"lut_entry","52","delay_template_5x5","","","","","","8",0
"lut_entry","52","delay_template_5x5","","","","","","9",0
"lut_entry","52","delay_template_5x5","","","","","","10",0
"lut_entry","52","delay_template_5x5","","","","","","11",0
"lut_entry","52","delay_template_5x5","","","","","","12",0
"lut_entry","52","delay_template_5x5","","","","","","13",0
"lut_entry","52","delay_template_5x5","","","","","","14",0
"lut_entry","52","delay_template_5x5","","","","","","15",0
"lut_entry","52","delay_template_5x5","","","","","","16",0
"lut_entry","52","delay_template_5x5","","","","","","17",0
"lut_entry","52","delay_template_5x5","","","","","","18",0
"lut_entry","52","delay_template_5x5","","","","","","19",0
"lut_entry","52","delay_template_5x5","","","","","","20",0
"lut_entry","52","delay_template_5x5","","","","","","21",0
"lut_entry","52","delay_template_5x5","","","","","","22",0
"lut_entry","52","delay_template_5x5","","","","","","23",0
"lut_entry","52","delay_template_5x5","","","","","","24",0
"lut_entry","53","delay_template_5x5","","","","","","0",0
"lut_entry","53","delay_template_5x5","","","","","","1",0
"lut_entry","53","delay_template_5x5","","","","","","2",0
"lut_entry","53","delay_template_5x5","","","","","","3",0
"lut_entry","53","delay_template_5x5","","","","","","4",0
"lut_entry","53","delay_template_5x5","","","","","","5",0
"lut_entry","53","delay_template_5x5","","","","","","6",0
"lut_entry","53","delay_template_5x5","","","","","","7",0
"lut_entry","53","delay_template_5x5","","","","","","8",0
"lut_entry","53","delay_template_5x5","","","","","","9",0
"lut_entry","53","delay_template_5x5","","","","","","10",0
"lut_entry","53","delay_template_5x5","","","","","","11",0
"lut_entry","53","delay_template_5x5","","","","","","12",0
"lut_entry","53","delay_template_5x5","","","","","","13",0
"lut_entry","53","delay_template_5x5","","","","","","14",0
"lut_entry","53","delay_template_5x5","","","","","","15",0
"lut_entry","53","delay_template_5x5","","","","","","16",0
"lut_entry","53","delay_template_5x5","","","","","","17",0
"lut_entry","53","delay_template_5x5","","","","","","18",0
"lut_entry","53","delay_template_5x5","","","","","","19",0
"lut_entry","53","delay_template_5x5","","","","","","20",0
"lut_entry","53","delay_template_5x5","","","","","","21",0
"lut_entry","53","delay_template_5x5","","","","","","22",0
"lut_entry","53","delay_template_5x5","","","","","","23",0
"lut_entry","53","delay_template_5x5","","","","","","24",0
"lut_entry","54","delay_template_5x5","","","","","","0",0
"lut_entry","54","delay_template_5x5","","","","","","1",0
"lut_entry","54","delay_template_5x5","","","","","","2",0
"lut_entry","54","delay_template_5x5","","","","","","3",0
"lut_entry","54","delay_template_5x5","","","","","","4",0
"lut_entry","54","delay_template_5x5","","","","","","5",0
"lut_entry","54","delay_template_5x5","","","","","","6",0
"lut_entry","54","delay_template_5x5","","","","","","7",0
"lut_entry","54","delay_template_5x5","","","","","","8",0
"lut_entry","54","delay_template_5x5","","","","","","9",0
"lut_entry","54","delay_template_5x5","","","","","","10",0
"lut_entry","54","delay_template_5x5","","","","","","11",0
"lut_entry","54","delay_template_5x5","","","","","","12",0
"lut_entry","54","delay_template_5x5","","","","","","13",0
"lut_entry","54","delay_template_5x5","","","","","","14",0
"lut_entry","54","delay_template_5x5","","","","","","15",0
"lut_entry","54","delay_template_5x5","","","","","","16",0
"lut_entry","54","delay_template_5x5","","","","","","17",0
"lut_entry","54","delay_template_5x5","","","","","","18",0
"lut_entry","54","delay_template_5x5","","","","","","19",0
"lut_entry","54","delay_template_5x5","","","","","","20",0
"lut_entry","54","delay_template_5x5","","","","","","21",0
"lut_entry","54","delay_template_5x5","","","","","","22",0
"lut_entry","54","delay_template_5x5","","","","","","23",0
"lut_entry","54","delay_template_5x5","","","","","","24",0
"lut_entry","55","delay_template_5x5","","","","","","0",0
"lut_entry","55","delay_template_5x5","","","","","","1",0
"lut_entry","55","delay_template_5x5","","","","","","2",0
"lut_entry","55","delay_template_5x5","","","","","","3",0
"lut_entry","55","delay_template_5x5","","","","","","4",0
"lut_entry","55","delay_template_5x5","","","","","","5",0
"lut_entry","55","delay_template_5x5","","","","","","6",0
"lut_entry","55","delay_template_5x5","","","","","","7",0
"lut_entry","55","delay_template_5x5","","","","","","8",0
"lut_entry","55","delay_template_5x5","","","","","","9",0
"lut_entry","55","delay_template_5x5","","","","","","10",0
"lut_entry","55","delay_template_5x5","","","","","","11",0
"lut_entry","55","delay_template_5x5","","","","","","12",0
"lut_entry","55","delay_template_5x5","","","","","","13",0
"lut_entry","55","delay_template_5x5","","","","","","14",0
"lut_entry","55","delay_template_5x5","","","","","","15",0
"lut_entry","55","delay_template_5x5","","","","","","16",0
"lut_entry","55","delay_template_5x5","","","","","","17",0
"lut_entry","55","delay_template_5x5","","","","","","18",0
"lut_entry","55","delay_template_5x5","","","","","","19",0
"lut_entry","55","delay_template_5x5","","","","","","20",0
"lut_entry","55","delay_template_5x5","","","","","","21",0
"lut_entry","55","delay_template_5x5","","","","","","22",0
"lut_entry","55","delay_template_5x5","","","","","","23",0
"lut_entry","55","delay_template_5x5","","","","","","24",0
"lut_entry","56","delay_template_5x5","","","","","","0",0
"lut_entry","56","delay_template_5x5","","","","","","1",0
"lut_entry","56","delay_template_5x5","","","","","","2",0
"lut_entry","56","delay_template_5x5","","","","","","3",0
"lut_entry","56","delay_template_5x5","","","","","","4",0
"lut_entry","56","delay_template_5x5","","","","","","5",0
"lut_entry","56","delay_template_5x5","","","","","","6",0
"lut_entry","56","delay_template_5x5","","","","","","7",0
"lut_entry","56","delay_template_5x5","","","","","","8",0
"lut_entry","56","delay_template_5x5","","","","","","9",0
"lut_entry","56","delay_template_5x5","","","","","","10",0
"lut_entry","56","delay_template_5x5","","","","","","11",0
"lut_entry","56","delay_template_5x5","","","","","","12",0
"lut_entry","56","delay_template_5x5","","","","","","13",0
"lut_entry","56","delay_template_5x5","","","","","","14",0
"lut_entry","56","delay_template_5x5","","","","","","15",0
"lut_entry","56","delay_template_5x5","","","","","","16",0
"lut_entry","56","delay_template_5x5","","","","","","17",0
"lut_entry","56","delay_template_5x5","","","","","","18",0
"lut_entry","56","delay_template_5x5","","","","","","19",0
"lut_entry","56","delay_template_5x5","","","","","","20",0
"lut_entry","56","delay_template_5x5","","","","","","21",0
"lut_entry","56","delay_template_5x5","","","","","","22",0
"lut_entry","56","delay_template_5x5","","","","","","23",0
"lut_entry","56","delay_template_5x5","","","","","","24",0
"lut_entry","57","delay_template_5x5","","","","","","0",0
"lut_entry","57","delay_template_5x5","","","","","","1",0
"lut_entry","57","delay_template_5x5","","","","","","2",0
"lut_entry","57","delay_template_5x5","","","","","","3",0
"lut_entry","57","delay_template_5x5","","","","","","4",0
"lut_entry","57","delay_template_5x5","","","","","","5",0
"lut_entry","57","delay_template_5x5","","","","","","6",0
"lut_entry","57","delay_template_5x5","","","","","","7",0
"lut_entry","57","delay_template_5x5","","","","","","8",0
"lut_entry","57","delay_template_5x5","","","","","","9",0
"lut_entry","57","delay_template_5x5","","","","","","10",0
"lut_entry","57","delay_template_5x5","","","","","","11",0
"lut_entry","57","delay_template_5x5","","","","","","12",0
"lut_entry","57","delay_template_5x5","","","","","","13",0
"lut_entry","57","delay_template_5x5","","","","","","14",0
"lut_entry","57","delay_template_5x5","","","","","","15",0
"lut_entry","57","delay_template_5x5","","","","","","16",0
"lut_entry","57","delay_template_5x5","","","","","","17",0
"lut_entry","57","delay_template_5x5","","","","","","18",0
"lut_entry","57","delay_template_5x5","","","","","","19",0
"lut_entry","57","delay_template_5x5","","","","","","20",0
"lut_entry","57","delay_template_5x5","","","","","","21",0
"lut_entry","57","delay_template_5x5","","","","","","22",0
"lut_entry","57","delay_template_5x5","","","","","","23",0
"lut_entry","57","delay_template_5x5","","","","","","24",0
"lut_entry","58","delay_template_5x5","","","","","","0",0
"lut_entry","58","delay_template_5x5","","","","","","1",0
"lut_entry","58","delay_template_5x5","","","","","","2",0
"lut_entry","58","delay_template_5x5","","","","","","3",0
"lut_entry","58","delay_template_5x5","","","","","","4",0
"lut_entry","58","delay_template_5x5","","","","","","5",0
"lut_entry","58","delay_template_5x5","","","","","","6",0
"lut_entry","58","delay_template_5x5","","","","","","7",0
"lut_entry","58","delay_template_5x5","","","","","","8",0
"lut_entry","58","delay_template_5x5","","","","","","9",0
"lut_entry","58","delay_template_5x5","","","","","","10",0
"lut_entry","58","delay_template_5x5","","","","","","11",0
"lut_entry","58","delay_template_5x5","","","","","","12",0
"lut_entry","58","delay_template_5x5","","","","","","13",0
"lut_entry","58","delay_template_5x5","","","","","","14",0
"lut_entry","58","delay_template_5x5","","","","","","15",0
"lut_entry","58","delay_template_5x5","","","","","","16",0
"lut_entry","58","delay_template_5x5","","","","","","17",0
"lut_entry","58","delay_template_5x5","","","","","","18",0
"lut_entry","58","delay_template_5x5","","","","","","19",0
"lut_entry","58","delay_template_5x5","","","","","","20",0
"lut_entry","58","delay_template_5x5","","","","","","21",0
"lut_entry","58","delay_template_5x5","","","","","","22",0
"lut_entry","58","delay_template_5x5","","","","","","23",0
"lut_entry","58","delay_template_5x5","","","","","","24",0
"lut_entry","59","delay_template_5x5","","","","","","0",0
"lut_entry","59","delay_template_5x5","","","","","","1",0
"lut_entry","59","delay_template_5x5","","","","","","2",0
"lut_entry","59","delay_template_5x5","","","","","","3",0
"lut_entry","59","delay_template_5x5","","","","","","4",0
"lut_entry","59","delay_template_5x5","","","","","","5",0
"lut_entry","59","delay_template_5x5","","","","","","6",0
"lut_entry","59","delay_template_5x5","","","","","","7",0
"lut_entry","59","delay_template_5x5","","","","","","8",0
"lut_entry","59","delay_template_5x5","","","","","","9",0
"lut_entry","59","delay_template_5x5","","","","","","10",0
"lut_entry","59","delay_template_5x5","","","","","","11",0
"lut_entry","59","delay_template_5x5","","","","","","12",0
"lut_entry","59","delay_template_5x5","","","","","","13",0
"lut_entry","59","delay_template_5x5","","","","","","14",0
"lut_entry","59","delay_template_5x5","","","","","","15",0
"lut_entry","59","delay_template_5x5","","","","","","16",0
"lut_entry","59","delay_template_5x5","","","","","","17",0
"lut_entry","59","delay_template_5x5","","","","","","18",0
"lut_entry","59","delay_template_5x5","","","","","","19",0
"lut_entry","59","delay_template_5x5","","","","","","20",0
"lut_entry","59","delay_template_5x5","","","","","","21",0
"lut_entry","59","delay_template_5x5","","","","","","22",0
"lut_entry","59","delay_template_5x5","","","","","","23",0
"lut_entry","59","delay_template_5x5","","","","","","24",0
"lut_entry","60","delay_template_5x5","","","","","","0",0
"lut_entry","60","delay_template_5x5","","","","","","1",0
"lut_entry","60","delay_template_5x5","","","","","","2",0
"lut_entry","60","delay_template_5x5","","","","","","3",0
"lut_entry","60","delay_template_5x5","","","","","","4",0
"lut_entry","60","delay_template_5x5","","","","","","5",0
"lut_entry","60","delay_template_5x5","","","","","","6",0
"lut_entry","60","delay_template_5x5","","","","","","7",0
"lut_entry","60","delay_template_5x5","","","","","","8",0
"lut_entry","60","delay_template_5x5","","","","","","9",0
"lut_entry","60","delay_template_5x5","","","","","","10",0
"lut_entry","60","delay_template_5x5","","","","","","11",0
"lut_entry","60","delay_template_5x5","","","","","","12",0
"lut_entry","60","delay_template_5x5","","","","","","13",0
"lut_entry","60","delay_template_5x5","","","","","","14",0
"lut_entry","60","delay_template_5x5","","","","","","15",0
"lut_entry","60","delay_template_5x5","","","","","","16",0
"lut_entry","60","delay_template_5x5","","","","","","17",0
"lut_entry","60","delay_template_5x5","","","","","","18",0
"lut_entry","60","delay_template_5x5","","","","","","19",0
"lut_entry","60","delay_template_5x5","","","","","","20",0
"lut_entry","60","delay_template_5x5","","","","","","21",0
"lut_entry","60","delay_template_5x5","","","","","","22",0
"lut_entry","60","delay_template_5x5","","","","","","23",0
"lut_entry","60","delay_template_5x5","","","","","","24",0
"lut_entry","61","delay_template_5x5","","","","","","0",0
"lut_entry","61","delay_template_5x5","","","","","","1",0
"lut_entry","61","delay_template_5x5","","","","","","2",0
"lut_entry","61","delay_template_5x5","","","","","","3",0
"lut_entry","61","delay_template_5x5","","","","","","4",0
"lut_entry","61","delay_template_5x5","","","","","","5",0
"lut_entry","61","delay_template_5x5","","","","","","6",0
"lut_entry","61","delay_template_5x5","","","","","","7",0
"lut_entry","61","delay_template_5x5","","","","","","8",0
"lut_entry","61","delay_template_5x5","","","","","","9",0
"lut_entry","61","delay_template_5x5","","","","","","10",0
"lut_entry","61","delay_template_5x5","","","","","","11",0
"lut_entry","61","delay_template_5x5","","","","","","12",0
"lut_entry","61","delay_template_5x5","","","","","","13",0
"lut_entry","61","delay_template_5x5","","","","","","14",0
"lut_entry","61","delay_template_5x5","","","","","","15",0
"lut_entry","61","delay_template_5x5","","","","","","16",0
"lut_entry","61","delay_template_5x5","","","","","","17",0
"lut_entry","61","delay_template_5x5","","","","","","18",0
"lut_entry","61","delay_template_5x5","","","","","","19",0
"lut_entry","61","delay_template_5x5","","","","","","20",0
"lut_entry","61","delay_template_5x5","","","","","","21",0
"lut_entry","61","delay_template_5x5","","","","","","22",0
"lut_entry","61","delay_template_5x5","","","","","","23",0
"lut_entry","61","delay_template_5x5","","","","","","24",0
"lut_entry","62","delay_template_5x5","","","","","","0",0
"lut_entry","62","delay_template_5x5","","","","","","1",0
"lut_entry","62","delay_template_5x5","","","","","","2",0
"lut_entry","62","delay_template_5x5","","","","","","3",0
"lut_entry","62","delay_template_5x5","","","","","","4",0
"lut_entry","62","delay_template_5x5","","","","","","5",0
"lut_entry","62","delay_template_5x5","","","","","","6",0
"lut_entry","62","delay_template_5x5","","","","","","7",0
"lut_entry","62","delay_template_5x5","","","","","","8",0
"lut_entry","62","delay_template_5x5","","","","","","9",0
"lut_entry","62","delay_template_5x5","","","","","","10",0
"lut_entry","62","delay_template_5x5","","","","","","11",0
"lut_entry","62","delay_template_5x5","","","","","","12",0
"lut_entry","62","delay_template_5x5","","","","","","13",0
"lut_entry","62","delay_template_5x5","","","","","","14",0
"lut_entry","62","delay_template_5x5","","","","","","15",0
"lut_entry","62","delay_template_5x5","","","","","","16",0
"lut_entry","62","delay_template_5x5","","","","","","17",0
"lut_entry","62","delay_template_5x5","","","","","","18",0
"lut_entry","62","delay_template_5x5","","","","","","19",0
"lut_entry","62","delay_template_5x5","","","","","","20",0
"lut_entry","62","delay_template_5x5","","","","","","21",0
"lut_entry","62","delay_template_5x5","","","","","","22",0
"lut_entry","62","delay_template_5x5","","","","","","23",0
"lut_entry","62","delay_template_5x5","","","","","","24",0
"lut_entry","63","delay_template_5x5","","","","","","0",0
"lut_entry","63","delay_template_5x5","","","","","","1",0
"lut_entry","63","delay_template_5x5","","","","","","2",0
"lut_entry","63","delay_template_5x5","","","","","","3",0
"lut_entry","63","delay_template_5x5","","","","","","4",0
"lut_entry","63","delay_template_5x5","","","","","","5",0
"lut_entry","63","delay_template_5x5","","","","","","6",0
"lut_entry","63","delay_template_5x5","","","","","","7",0
"lut_entry","63","delay_template_5x5","","","","","","8",0
"lut_entry","63","delay_template_5x5","","","","","","9",0
"lut_entry","63","delay_template_5x5","","","","","","10",0
"lut_entry","63","delay_template_5x5","","","","","","11",0
"lut_entry","63","delay_template_5x5","","","","","","12",0
"lut_entry","63","delay_template_5x5","","","","","","13",0
"lut_entry","63","delay_template_5x5","","","","","","14",0
"lut_entry","63","delay_template_5x5","","","","","","15",0
"lut_entry","63","delay_template_5x5","","","","","","16",0
"lut_entry","63","delay_template_5x5","","","","","","17",0
"lut_entry","63","delay_template_5x5","","","","","","18",0
"lut_entry","63","delay_template_5x5","","","","","","19",0
"lut_entry","63","delay_template_5x5","","","","","","20",0
"lut_entry","63","delay_template_5x5","","","","","","21",0
"lut_entry","63","delay_template_5x5","","","","","","22",0
"lut_entry","63","delay_template_5x5","","","","","","23",0
"lut_entry","63","delay_template_5x5","","","","","","24",0
"lut_entry","64","delay_template_5x5","","","","","","0",0
"lut_entry","64","delay_template_5x5","","","","","","1",0
"lut_entry","64","delay_template_5x5","","","","","","2",0
"lut_entry","64","delay_template_5x5","","","","","","3",0
"lut_entry","64","delay_template_5x5","","","","","","4",0
"lut_entry","64","delay_template_5x5","","","","","","5",0
"lut_entry","64","delay_template_5x5","","","","","","6",0
"lut_entry","64","delay_template_5x5","","","","","","7",0
"lut_entry","64","delay_template_5x5","","","","","","8",0
"lut_entry","64","delay_template_5x5","","","","","","9",0
"lut_entry","64","delay_template_5x5","","","","","","10",0
"lut_entry","64","delay_template_5x5","","","","","","11",0
"lut_entry","64","delay_template_5x5","","","","","","12",0
"lut_entry","64","delay_template_5x5","","","","","","13",0
"lut_entry","64","delay_template_5x5","","","","","","14",0
"lut_entry","64","delay_template_5x5","","","","","","15",0
"lut_entry","64","delay_template_5x5","","","","","","16",0
"lut_entry","64","delay_template_5x5","","","","","","17",0
"lut_entry","64","delay_template_5x5","","","","","","18",0
"lut_entry","64","delay_template_5x5","","","","","","19",0
"lut_entry","64","delay_template_5x5","","","","","","20",0
"lut_entry","64","delay_template_5x5","","","","","","21",0
"lut_entry","64","delay_template_5x5","","","","","","22",0
"lut_entry","64","delay_template_5x5","","","","","","23",0
"lut_entry","64","delay_template_5x5","","","","","","24",0
"lut_entry","65","delay_template_5x5","","","","","","0",0
"lut_entry","65","delay_template_5x5","","","","","","1",0
"lut_entry","65","delay_template_5x5","","","","","","2",0
"lut_entry","65","delay_template_5x5","","","","","","3",0
"lut_entry","65","delay_template_5x5","","","","","","4",0
"lut_entry","65","delay_template_5x5","","","","","","5",0
"lut_entry","65","delay_template_5x5","","","","","","6",0
"lut_entry","65","delay_template_5x5","","","","","","7",0
"lut_entry","65","delay_template_5x5","","","","","","8",0
"lut_entry","65","delay_template_5x5","","","","","","9",0
"lut_entry","65","delay_template_5x5","","","","","","10",0
"lut_entry","65","delay_template_5x5","","","","","","11",0
"lut_entry","65","delay_template_5x5","","","","","","12",0
"lut_entry","65","delay_template_5x5","","","","","","13",0
"lut_entry","65","delay_template_5x5","","","","","","14",0
"lut_entry","65","delay_template_5x5","","","","","","15",0
"lut_entry","65","delay_template_5x5","","","","","","16",0
"lut_entry","65","delay_template_5x5","","","","","","17",0
"lut_entry","65","delay_template_5x5","","","","","","18",0
"lut_entry","65","delay_template_5x5","","","","","","19",0
"lut_entry","65","delay_template_5x5","","","","","","20",0
"lut_entry","65","delay_template_5x5","","","","","","21",0
"lut_entry","65","delay_template_5x5","","","","","","22",0
"lut_entry","65","delay_template_5x5","","","","","","23",0
"lut_entry","65","delay_template_5x5","","","","","","24",0
"lut_entry","66","delay_template_5x5","","","","","","0",0
"lut_entry","66","delay_template_5x5","","","","","","1",0
"lut_entry","66","delay_template_5x5","","","","","","2",0
"lut_entry","66","delay_template_5x5","","","","","","3",0
"lut_entry","66","delay_template_5x5","","","","","","4",0
"lut_entry","66","delay_template_5x5","","","","","","5",0
"lut_entry","66","delay_template_5x5","","","","","","6",0
"lut_entry","66","delay_template_5x5","","","","","","7",0
"lut_entry","66","delay_template_5x5","","","","","","8",0
"lut_entry","66","delay_template_5x5","","","","","","9",0
"lut_entry","66","delay_template_5x5","","","","","","10",0
"lut_entry","66","delay_template_5x5","","","","","","11",0
"lut_entry","66","delay_template_5x5","","","","","","12",0
"lut_entry","66","delay_template_5x5","","","","","","13",0
"lut_entry","66","delay_template_5x5","","","","","","14",0
"lut_entry","66","delay_template_5x5","","","","","","15",0
"lut_entry","66","delay_template_5x5","","","","","","16",0
"lut_entry","66","delay_template_5x5","","","","","","17",0
"lut_entry","66","delay_template_5x5","","","","","","18",0
"lut_entry","66","delay_template_5x5","","","","","","19",0
"lut_entry","66","delay_template_5x5","","","","","","20",0
"lut_entry","66","delay_template_5x5","","","","","","21",0
"lut_entry","66","delay_template_5x5","","","","","","22",0
"lut_entry","66","delay_template_5x5","","","","","","23",0
"lut_entry","66","delay_template_5x5","","","","","","24",0
"lut_entry","67","delay_template_5x5","","","","","","0",0
"lut_entry","67","delay_template_5x5","","","","","","1",0
"lut_entry","67","delay_template_5x5","","","","","","2",0
"lut_entry","67","delay_template_5x5","","","","","","3",0
"lut_entry","67","delay_template_5x5","","","","","","4",0
"lut_entry","67","delay_template_5x5","","","","","","5",0
"lut_entry","67","delay_template_5x5","","","","","","6",0
"lut_entry","67","delay_template_5x5","","","","","","7",0
"lut_entry","67","delay_template_5x5","","","","","","8",0
"lut_entry","67","delay_template_5x5","","","","","","9",0
"lut_entry","67","delay_template_5x5","","","","","","10",0
"lut_entry","67","delay_template_5x5","","","","","","11",0
"lut_entry","67","delay_template_5x5","","","","","","12",0
"lut_entry","67","delay_template_5x5","","","","","","13",0
"lut_entry","67","delay_template_5x5","","","","","","14",0
"lut_entry","67","delay_template_5x5","","","","","","15",0
"lut_entry","67","delay_template_5x5","","","","","","16",0
"lut_entry","67","delay_template_5x5","","","","","","17",0
"lut_entry","67","delay_template_5x5","","","","","","18",0
"lut_entry","67","delay_template_5x5","","","","","","19",0
"lut_entry","67","delay_template_5x5","","","","","","20",0
"lut_entry","67","delay_template_5x5","","","","","","21",0
"lut_entry","67","delay_template_5x5","","","","","","22",0
"lut_entry","67","delay_template_5x5","","","","","","23",0
"lut_entry","67","delay_template_5x5","","","","","","24",0
"lut_entry","68","delay_template_5x5","","","","","","0",0
"lut_entry","68","delay_template_5x5","","","","","","1",0
"lut_entry","68","delay_template_5x5","","","","","","2",0
"lut_entry","68","delay_template_5x5","","","","","","3",0
"lut_entry","68","delay_template_5x5","","","","","","4",0
"lut_entry","68","delay_template_5x5","","","","","","5",0
"lut_entry","68","delay_template_5x5","","","","","","6",0
"lut_entry","68","delay_template_5x5","","","","","","7",0
"lut_entry","68","delay_template_5x5","","","","","","8",0
"lut_entry","68","delay_template_5x5","","","","","","9",0
"lut_entry","68","delay_template_5x5","","","","","","10",0
"lut_entry","68","delay_template_5x5","","","","","","11",0
"lut_entry","68","delay_template_5x5","","","","","","12",0
"lut_entry","68","delay_template_5x5","","","","","","13",0
"lut_entry","68","delay_template_5x5","","","","","","14",0
"lut_entry","68","delay_template_5x5","","","","","","15",0
"lut_entry","68","delay_template_5x5","","","","","","16",0
"lut_entry","68","delay_template_5x5","","","","","","17",0
"lut_entry","68","delay_template_5x5","","","","","","18",0
"lut_entry","68","delay_template_5x5","","","","","","19",0
"lut_entry","68","delay_template_5x5","","","","","","20",0
"lut_entry","68","delay_template_5x5","","","","","","21",0
"lut_entry","68","delay_template_5x5","","","","","","22",0
"lut_entry","68","delay_template_5x5","","","","","","23",0
"lut_entry","68","delay_template_5x5","","","","","","24",0
"lut_entry","69","delay_template_5x5","","","","","","0",0
"lut_entry","69","delay_template_5x5","","","","","","1",0
"lut_entry","69","delay_template_5x5","","","","","","2",0
"lut_entry","69","delay_template_5x5","","","","","","3",0
"lut_entry","69","delay_template_5x5","","","","","","4",0
"lut_entry","69","delay_template_5x5","","","","","","5",0
"lut_entry","69","delay_template_5x5","","","","","","6",0
"lut_entry","69","delay_template_5x5","","","","","","7",0
"lut_entry","69","delay_template_5x5","","","","","","8",0
"lut_entry","69","delay_template_5x5","","","","","","9",0
"lut_entry","69","delay_template_5x5","","","","","","10",0
"lut_entry","69","delay_template_5x5","","","","","","11",0
"lut_entry","69","delay_template_5x5","","","","","","12",0
"lut_entry","69","delay_template_5x5","","","","","","13",0
"lut_entry","69","delay_template_5x5","","","","","","14",0
"lut_entry","69","delay_template_5x5","","","","","","15",0
"lut_entry","69","delay_template_5x5","","","","","","16",0
"lut_entry","69","delay_template_5x5","","","","","","17",0
"lut_entry","69","delay_template_5x5","","","","","","18",0
"lut_entry","69","delay_template_5x5","","","","","","19",0
"lut_entry","69","delay_template_5x5","","","","","","20",0
"lut_entry","69","delay_template_5x5","","","","","","21",0
"lut_entry","69","delay_template_5x5","","","","","","22",0
"lut_entry","69","delay_template_5x5","","","","","","23",0
"lut_entry","69","delay_template_5x5","","","","","","24",0
"lut_entry","70","delay_template_5x5","","","","","","0",0
"lut_entry","70","delay_template_5x5","","","","","","1",0
"lut_entry","70","delay_template_5x5","","","","","","2",0
"lut_entry","70","delay_template_5x5","","","","","","3",0
"lut_entry","70","delay_template_5x5","","","","","","4",0
"lut_entry","70","delay_template_5x5","","","","","","5",0
"lut_entry","70","delay_template_5x5","","","","","","6",0
"lut_entry","70","delay_template_5x5","","","","","","7",0
"lut_entry","70","delay_template_5x5","","","","","","8",0
"lut_entry","70","delay_template_5x5","","","","","","9",0
"lut_entry","70","delay_template_5x5","","","","","","10",0
"lut_entry","70","delay_template_5x5","","","","","","11",0
"lut_entry","70","delay_template_5x5","","","","","","12",0
"lut_entry","70","delay_template_5x5","","","","","","13",0
"lut_entry","70","delay_template_5x5","","","","","","14",0
"lut_entry","70","delay_template_5x5","","","","","","15",0
"lut_entry","70","delay_template_5x5","","","","","","16",0
"lut_entry","70","delay_template_5x5","","","","","","17",0
"lut_entry","70","delay_template_5x5","","","","","","18",0
"lut_entry","70","delay_template_5x5","","","","","","19",0
"lut_entry","70","delay_template_5x5","","","","","","20",0
"lut_entry","70","delay_template_5x5","","","","","","21",0
"lut_entry","70","delay_template_5x5","","","","","","22",0
"lut_entry","70","delay_template_5x5","","","","","","23",0
"lut_entry","70","delay_template_5x5","","","","","","24",0
"lut_entry","71","delay_template_5x5","","","","","","0",0
"lut_entry","71","delay_template_5x5","","","","","","1",0
"lut_entry","71","delay_template_5x5","","","","","","2",0
"lut_entry","71","delay_template_5x5","","","","","","3",0
"lut_entry","71","delay_template_5x5","","","","","","4",0
"lut_entry","71","delay_template_5x5","","","","","","5",0
"lut_entry","71","delay_template_5x5","","","","","","6",0
"lut_entry","71","delay_template_5x5","","","","","","7",0
"lut_entry","71","delay_template_5x5","","","","","","8",0
"lut_entry","71","delay_template_5x5","","","","","","9",0
"lut_entry","71","delay_template_5x5","","","","","","10",0
"lut_entry","71","delay_template_5x5","","","","","","11",0
"lut_entry","71","delay_template_5x5","","","","","","12",0
"lut_entry","71","delay_template_5x5","","","","","","13",0
"lut_entry","71","delay_template_5x5","","","","","","14",0
"lut_entry","71","delay_template_5x5","","","","","","15",0
"lut_entry","71","delay_template_5x5","","","","","","16",0
"lut_entry","71","delay_template_5x5","","","","","","17",0
"lut_entry","71","delay_template_5x5","","","","","","18",0
"lut_entry","71","delay_template_5x5","","","","","","19",0
"lut_entry","71","delay_template_5x5","","","","","","20",0
"lut_entry","71","delay_template_5x5","","","","","","21",0
"lut_entry","71","delay_template_5x5","","","","","","22",0
"lut_entry","71","delay_template_5x5","","","","","","23",0
"lut_entry","71","delay_template_5x5","","","","","","24",0
"lut_entry","72","delay_template_5x5","","","","","","0",0
"lut_entry","72","delay_template_5x5","","","","","","1",0
"lut_entry","72","delay_template_5x5","","","","","","2",0
"lut_entry","72","delay_template_5x5","","","","","","3",0
"lut_entry","72","delay_template_5x5","","","","","","4",0
"lut_entry","72","delay_template_5x5","","","","","","5",0
"lut_entry","72","delay_template_5x5","","","","","","6",0
"lut_entry","72","delay_template_5x5","","","","","","7",0
"lut_entry","72","delay_template_5x5","","","","","","8",0
"lut_entry","72","delay_template_5x5","","","","","","9",0
"lut_entry","72","delay_template_5x5","","","","","","10",0
"lut_entry","72","delay_template_5x5","","","","","","11",0
"lut_entry","72","delay_template_5x5","","","","","","12",0
"lut_entry","72","delay_template_5x5","","","","","","13",0
"lut_entry","72","delay_template_5x5","","","","","","14",0
"lut_entry","72","delay_template_5x5","","","","","","15",0
"lut_entry","72","delay_template_5x5","","","","","","16",0
"lut_entry","72","delay_template_5x5","","","","","","17",0
"lut_entry","72","delay_template_5x5","","","","","","18",0
"lut_entry","72","delay_template_5x5","","","","","","19",0
"lut_entry","72","delay_template_5x5","","","","","","20",0
"lut_entry","72","delay_template_5x5","","","","","","21",0
"lut_entry","72","delay_template_5x5","","","","","","22",0
"lut_entry","72","delay_template_5x5","","","","","","23",0
"lut_entry","72","delay_template_5x5","","","","","","24",0
"lut_entry","73","delay_template_5x5","","","","","","0",0
"lut_entry","73","delay_template_5x5","","","","","","1",0
"lut_entry","73","delay_template_5x5","","","","","","2",0
"lut_entry","73","delay_template_5x5","","","","","","3",0
"lut_entry","73","delay_template_5x5","","","","","","4",0
"lut_entry","73","delay_template_5x5","","","","","","5",0
"lut_entry","73","delay_template_5x5","","","","","","6",0
"lut_entry","73","delay_template_5x5","","","","","","7",0
"lut_entry","73","delay_template_5x5","","","","","","8",0
"lut_entry","73","delay_template_5x5","","","","","","9",0
"lut_entry","73","delay_template_5x5","","","","","","10",0
"lut_entry","73","delay_template_5x5","","","","","","11",0
"lut_entry","73","delay_template_5x5","","","","","","12",0
"lut_entry","73","delay_template_5x5","","","","","","13",0
"lut_entry","73","delay_template_5x5","","","","","","14",0
"lut_entry","73","delay_template_5x5","","","","","","15",0
"lut_entry","73","delay_template_5x5","","","","","","16",0
"lut_entry","73","delay_template_5x5","","","","","","17",0
"lut_entry","73","delay_template_5x5","","","","","","18",0
"lut_entry","73","delay_template_5x5","","","","","","19",0
"lut_entry","73","delay_template_5x5","","","","","","20",0
"lut_entry","73","delay_template_5x5","","","","","","21",0
"lut_entry","73","delay_template_5x5","","","","","","22",0
"lut_entry","73","delay_template_5x5","","","","","","23",0
"lut_entry","73","delay_template_5x5","","","","","","24",0
"lut_entry","74","delay_template_5x5","","","","","","0",0
"lut_entry","74","delay_template_5x5","","","","","","1",0
"lut_entry","74","delay_template_5x5","","","","","","2",0
"lut_entry","74","delay_template_5x5","","","","","","3",0
"lut_entry","74","delay_template_5x5","","","","","","4",0
"lut_entry","74","delay_template_5x5","","","","","","5",0
"lut_entry","74","delay_template_5x5","","","","","","6",0
"lut_entry","74","delay_template_5x5","","","","","","7",0
"lut_entry","74","delay_template_5x5","","","","","","8",0
"lut_entry","74","delay_template_5x5","","","","","","9",0
"lut_entry","74","delay_template_5x5","","","","","","10",0
"lut_entry","74","delay_template_5x5","","","","","","11",0
"lut_entry","74","delay_template_5x5","","","","","","12",0
"lut_entry","74","delay_template_5x5","","","","","","13",0
"lut_entry","74","delay_template_5x5","","","","","","14",0
"lut_entry","74","delay_template_5x5","","","","","","15",0
"lut_entry","74","delay_template_5x5","","","","","","16",0
"lut_entry","74","delay_template_5x5","","","","","","17",0
"lut_entry","74","delay_template_5x5","","","","","","18",0
"lut_entry","74","delay_template_5x5","","","","","","19",0
"lut_entry","74","delay_template_5x5","","","","","","20",0
"lut_entry","74","delay_template_5x5","","","","","","21",0
"lut_entry","74","delay_template_5x5","","","","","","22",0
"lut_entry","74","delay_template_5x5","","","","","","23",0
"lut_entry","74","delay_template_5x5","","","","","","24",0
"lut_entry","75","delay_template_5x5","","","","","","0",0
"lut_entry","75","delay_template_5x5","","","","","","1",0
"lut_entry","75","delay_template_5x5","","","","","","2",0
"lut_entry","75","delay_template_5x5","","","","","","3",0
"lut_entry","75","delay_template_5x5","","","","","","4",0
"lut_entry","75","delay_template_5x5","","","","","","5",0
"lut_entry","75","delay_template_5x5","","","","","","6",0
"lut_entry","75","delay_template_5x5","","","","","","7",0
"lut_entry","75","delay_template_5x5","","","","","","8",0
"lut_entry","75","delay_template_5x5","","","","","","9",0
"lut_entry","75","delay_template_5x5","","","","","","10",0
"lut_entry","75","delay_template_5x5","","","","","","11",0
"lut_entry","75","delay_template_5x5","","","","","","12",0
"lut_entry","75","delay_template_5x5","","","","","","13",0
"lut_entry","75","delay_template_5x5","","","","","","14",0
"lut_entry","75","delay_template_5x5","","","","","","15",0
"lut_entry","75","delay_template_5x5","","","","","","16",0
"lut_entry","75","delay_template_5x5","","","","","","17",0
"lut_entry","75","delay_template_5x5","","","","","","18",0
"lut_entry","75","delay_template_5x5","","","","","","19",0
"lut_entry","75","delay_template_5x5","","","","","","20",0
"lut_entry","75","delay_template_5x5","","","","","","21",0
"lut_entry","75","delay_template_5x5","","","","","","22",0
"lut_entry","75","delay_template_5x5","","","","","","23",0
"lut_entry","75","delay_template_5x5","","","","","","24",0
"lut_entry","76","delay_template_5x5","","","","","","0",0
"lut_entry","76","delay_template_5x5","","","","","","1",0
"lut_entry","76","delay_template_5x5","","","","","","2",0
"lut_entry","76","delay_template_5x5","","","","","","3",0
"lut_entry","76","delay_template_5x5","","","","","","4",0
"lut_entry","76","delay_template_5x5","","","","","","5",0
"lut_entry","76","delay_template_5x5","","","","","","6",0
"lut_entry","76","delay_template_5x5","","","","","","7",0
"lut_entry","76","delay_template_5x5","","","","","","8",0
"lut_entry","76","delay_template_5x5","","","","","","9",0
"lut_entry","76","delay_template_5x5","","","","","","10",0
"lut_entry","76","delay_template_5x5","","","","","","11",0
"lut_entry","76","delay_template_5x5","","","","","","12",0
"lut_entry","76","delay_template_5x5","","","","","","13",0
"lut_entry","76","delay_template_5x5","","","","","","14",0
"lut_entry","76","delay_template_5x5","","","","","","15",0
"lut_entry","76","delay_template_5x5","","","","","","16",0
"lut_entry","76","delay_template_5x5","","","","","","17",0
"lut_entry","76","delay_template_5x5","","","","","","18",0
"lut_entry","76","delay_template_5x5","","","","","","19",0
"lut_entry","76","delay_template_5x5","","","","","","20",0
"lut_entry","76","delay_template_5x5","","","","","","21",0
"lut_entry","76","delay_template_5x5","","","","","","22",0
"lut_entry","76","delay_template_5x5","","","","","","23",0
"lut_entry","76","delay_template_5x5","","","","","","24",0
"lut_entry","77","delay_template_5x5","","","","","","0",0
"lut_entry","77","delay_template_5x5","","","","","","1",0
"lut_entry","77","delay_template_5x5","","","","","","2",0
"lut_entry","77","delay_template_5x5","","","","","","3",0
"lut_entry","77","delay_template_5x5","","","","","","4",0
"lut_entry","77","delay_template_5x5","","","","","","5",0
"lut_entry","77","delay_template_5x5","","","","","","6",0
"lut_entry","77","delay_template_5x5","","","","","","7",0
"lut_entry","77","delay_template_5x5","","","","","","8",0
"lut_entry","77","delay_template_5x5","","","","","","9",0
"lut_entry","77","delay_template_5x5","","","","","","10",0
"lut_entry","77","delay_template_5x5","","","","","","11",0
"lut_entry","77","delay_template_5x5","","","","","","12",0
"lut_entry","77","delay_template_5x5","","","","","","13",0
"lut_entry","77","delay_template_5x5","","","","","","14",0
"lut_entry","77","delay_template_5x5","","","","","","15",0
"lut_entry","77","delay_template_5x5","","","","","","16",0
"lut_entry","77","delay_template_5x5","","","","","","17",0
"lut_entry","77","delay_template_5x5","","","","","","18",0
"lut_entry","77","delay_template_5x5","","","","","","19",0
"lut_entry","77","delay_template_5x5","","","","","","20",0
"lut_entry","77","delay_template_5x5","","","","","","21",0
"lut_entry","77","delay_template_5x5","","","","","","22",0
"lut_entry","77","delay_template_5x5","","","","","","23",0
"lut_entry","77","delay_template_5x5","","","","","","24",0
"lut_entry","78","delay_template_5x5","","","","","","0",0
"lut_entry","78","delay_template_5x5","","","","","","1",0
"lut_entry","78","delay_template_5x5","","","","","","2",0
"lut_entry","78","delay_template_5x5","","","","","","3",0
"lut_entry","78","delay_template_5x5","","","","","","4",0
"lut_entry","78","delay_template_5x5","","","","","","5",0
"lut_entry","78","delay_template_5x5","","","","","","6",0
"lut_entry","78","delay_template_5x5","","","","","","7",0
"lut_entry","78","delay_template_5x5","","","","","","8",0
"lut_entry","78","delay_template_5x5","","","","","","9",0
"lut_entry","78","delay_template_5x5","","","","","","10",0
"lut_entry","78","delay_template_5x5","","","","","","11",0
"lut_entry","78","delay_template_5x5","","","","","","12",0
"lut_entry","78","delay_template_5x5","","","","","","13",0
"lut_entry","78","delay_template_5x5","","","","","","14",0
"lut_entry","78","delay_template_5x5","","","","","","15",0
"lut_entry","78","delay_template_5x5","","","","","","16",0
"lut_entry","78","delay_template_5x5","","","","","","17",0
"lut_entry","78","delay_template_5x5","","","","","","18",0
"lut_entry","78","delay_template_5x5","","","","","","19",0
"lut_entry","78","delay_template_5x5","","","","","","20",0
"lut_entry","78","delay_template_5x5","","","","","","21",0
"lut_entry","78","delay_template_5x5","","","","","","22",0
"lut_entry","78","delay_template_5x5","","","","","","23",0
"lut_entry","78","delay_template_5x5","","","","","","24",0
"lut_entry","79","delay_template_5x5","","","","","","0",0
"lut_entry","79","delay_template_5x5","","","","","","1",0
"lut_entry","79","delay_template_5x5","","","","","","2",0
"lut_entry","79","delay_template_5x5","","","","","","3",0
"lut_entry","79","delay_template_5x5","","","","","","4",0
"lut_entry","79","delay_template_5x5","","","","","","5",0
"lut_entry","79","delay_template_5x5","","","","","","6",0
"lut_entry","79","delay_template_5x5","","","","","","7",0
"lut_entry","79","delay_template_5x5","","","","","","8",0
"lut_entry","79","delay_template_5x5","","","","","","9",0
"lut_entry","79","delay_template_5x5","","","","","","10",0
"lut_entry","79","delay_template_5x5","","","","","","11",0
"lut_entry","79","delay_template_5x5","","","","","","12",0
"lut_entry","79","delay_template_5x5","","","","","","13",0
"lut_entry","79","delay_template_5x5","","","","","","14",0
"lut_entry","79","delay_template_5x5","","","","","","15",0
"lut_entry","79","delay_template_5x5","","","","","","16",0
"lut_entry","79","delay_template_5x5","","","","","","17",0
"lut_entry","79","delay_template_5x5","","","","","","18",0
"lut_entry","79","delay_template_5x5","","","","","","19",0
"lut_entry","79","delay_template_5x5","","","","","","20",0
"lut_entry","79","delay_template_5x5","","","","","","21",0
"lut_entry","79","delay_template_5x5","","","","","","22",0
"lut_entry","79","delay_template_5x5","","","","","","23",0
"lut_entry","79","delay_template_5x5","","","","","","24",0
"lut_entry","80","delay_template_5x5","","","","","","0",0
"lut_entry","80","delay_template_5x5","","","","","","1",0
"lut_entry","80","delay_template_5x5","","","","","","2",0
"lut_entry","80","delay_template_5x5","","","","","","3",0
"lut_entry","80","delay_template_5x5","","","","","","4",0
"lut_entry","80","delay_template_5x5","","","","","","5",0
"lut_entry","80","delay_template_5x5","","","","","","6",0
"lut_entry","80","delay_template_5x5","","","","","","7",0
"lut_entry","80","delay_template_5x5","","","","","","8",0
"lut_entry","80","delay_template_5x5","","","","","","9",0
"lut_entry","80","delay_template_5x5","","","","","","10",0
"lut_entry","80","delay_template_5x5","","","","","","11",0
"lut_entry","80","delay_template_5x5","","","","","","12",0
"lut_entry","80","delay_template_5x5","","","","","","13",0
"lut_entry","80","delay_template_5x5","","","","","","14",0
"lut_entry","80","delay_template_5x5","","","","","","15",0
"lut_entry","80","delay_template_5x5","","","","","","16",0
"lut_entry","80","delay_template_5x5","","","","","","17",0
"lut_entry","80","delay_template_5x5","","","","","","18",0
"lut_entry","80","delay_template_5x5","","","","","","19",0
"lut_entry","80","delay_template_5x5","","","","","","20",0
"lut_entry","80","delay_template_5x5","","","","","","21",0
"lut_entry","80","delay_template_5x5","","","","","","22",0
"lut_entry","80","delay_template_5x5","","","","","","23",0
"lut_entry","80","delay_template_5x5","","","","","","24",0
"lut_entry","81","delay_template_5x5","","","","","","0",0
"lut_entry","81","delay_template_5x5","","","","","","1",0
"lut_entry","81","delay_template_5x5","","","","","","2",0
"lut_entry","81","delay_template_5x5","","","","","","3",0
"lut_entry","81","delay_template_5x5","","","","","","4",0
"lut_entry","81","delay_template_5x5","","","","","","5",0
"lut_entry","81","delay_template_5x5","","","","","","6",0
"lut_entry","81","delay_template_5x5","","","","","","7",0
"lut_entry","81","delay_template_5x5","","","","","","8",0
"lut_entry","81","delay_template_5x5","","","","","","9",0
"lut_entry","81","delay_template_5x5","","","","","","10",0
"lut_entry","81","delay_template_5x5","","","","","","11",0
"lut_entry","81","delay_template_5x5","","","","","","12",0
"lut_entry","81","delay_template_5x5","","","","","","13",0
"lut_entry","81","delay_template_5x5","","","","","","14",0
"lut_entry","81","delay_template_5x5","","","","","","15",0
"lut_entry","81","delay_template_5x5","","","","","","16",0
"lut_entry","81","delay_template_5x5","","","","","","17",0
"lut_entry","81","delay_template_5x5","","","","","","18",0
"lut_entry","81","delay_template_5x5","","","","","","19",0
"lut_entry","81","delay_template_5x5","","","","","","20",0
"lut_entry","81","delay_template_5x5","","","","","","21",0
"lut_entry","81","delay_template_5x5","","","","","","22",0
"lut_entry","81","delay_template_5x5","","","","","","23",0
"lut_entry","81","delay_template_5x5","","","","","","24",0
"lut_entry","82","delay_template_5x5","","","","","","0",0
"lut_entry","82","delay_template_5x5","","","","","","1",0
"lut_entry","82","delay_template_5x5","","","","","","2",0
"lut_entry","82","delay_template_5x5","","","","","","3",0
"lut_entry","82","delay_template_5x5","","","","","","4",0
"lut_entry","82","delay_template_5x5","","","","","","5",0
"lut_entry","82","delay_template_5x5","","","","","","6",0
"lut_entry","82","delay_template_5x5","","","","","","7",0
"lut_entry","82","delay_template_5x5","","","","","","8",0
"lut_entry","82","delay_template_5x5","","","","","","9",0
"lut_entry","82","delay_template_5x5","","","","","","10",0
"lut_entry","82","delay_template_5x5","","","","","","11",0
"lut_entry","82","delay_template_5x5","","","","","","12",0
"lut_entry","82","delay_template_5x5","","","","","","13",0
"lut_entry","82","delay_template_5x5","","","","","","14",0
"lut_entry","82","delay_template_5x5","","","","","","15",0
"lut_entry","82","delay_template_5x5","","","","","","16",0
"lut_entry","82","delay_template_5x5","","","","","","17",0
"lut_entry","82","delay_template_5x5","","","","","","18",0
"lut_entry","82","delay_template_5x5","","","","","","19",0
"lut_entry","82","delay_template_5x5","","","","","","20",0
"lut_entry","82","delay_template_5x5","","","","","","21",0
"lut_entry","82","delay_template_5x5","","","","","","22",0
"lut_entry","82","delay_template_5x5","","","","","","23",0
"lut_entry","82","delay_template_5x5","","","","","","24",0
"lut_entry","83","delay_template_5x5","","","","","","0",0
"lut_entry","83","delay_template_5x5","","","","","","1",0
"lut_entry","83","delay_template_5x5","","","","","","2",0
"lut_entry","83","delay_template_5x5","","","","","","3",0
"lut_entry","83","delay_template_5x5","","","","","","4",0
"lut_entry","83","delay_template_5x5","","","","","","5",0
"lut_entry","83","delay_template_5x5","","","","","","6",0
"lut_entry","83","delay_template_5x5","","","","","","7",0
"lut_entry","83","delay_template_5x5","","","","","","8",0
"lut_entry","83","delay_template_5x5","","","","","","9",0
"lut_entry","83","delay_template_5x5","","","","","","10",0
"lut_entry","83","delay_template_5x5","","","","","","11",0
"lut_entry","83","delay_template_5x5","","","","","","12",0
"lut_entry","83","delay_template_5x5","","","","","","13",0
"lut_entry","83","delay_template_5x5","","","","","","14",0
"lut_entry","83","delay_template_5x5","","","","","","15",0
"lut_entry","83","delay_template_5x5","","","","","","16",0
"lut_entry","83","delay_template_5x5","","","","","","17",0
"lut_entry","83","delay_template_5x5","","","","","","18",0
"lut_entry","83","delay_template_5x5","","","","","","19",0
"lut_entry","83","delay_template_5x5","","","","","","20",0
"lut_entry","83","delay_template_5x5","","","","","","21",0
"lut_entry","83","delay_template_5x5","","","","","","22",0
"lut_entry","83","delay_template_5x5","","","","","","23",0
"lut_entry","83","delay_template_5x5","","","","","","24",0
"lut_entry","84","delay_template_5x5","","","","","","0",0
"lut_entry","84","delay_template_5x5","","","","","","1",0
"lut_entry","84","delay_template_5x5","","","","","","2",0
"lut_entry","84","delay_template_5x5","","","","","","3",0
"lut_entry","84","delay_template_5x5","","","","","","4",0
"lut_entry","84","delay_template_5x5","","","","","","5",0
"lut_entry","84","delay_template_5x5","","","","","","6",0
"lut_entry","84","delay_template_5x5","","","","","","7",0
"lut_entry","84","delay_template_5x5","","","","","","8",0
"lut_entry","84","delay_template_5x5","","","","","","9",0
"lut_entry","84","delay_template_5x5","","","","","","10",0
"lut_entry","84","delay_template_5x5","","","","","","11",0
"lut_entry","84","delay_template_5x5","","","","","","12",0
"lut_entry","84","delay_template_5x5","","","","","","13",0
"lut_entry","84","delay_template_5x5","","","","","","14",0
"lut_entry","84","delay_template_5x5","","","","","","15",0
"lut_entry","84","delay_template_5x5","","","","","","16",0
"lut_entry","84","delay_template_5x5","","","","","","17",0
"lut_entry","84","delay_template_5x5","","","","","","18",0
"lut_entry","84","delay_template_5x5","","","","","","19",0
"lut_entry","84","delay_template_5x5","","","","","","20",0
"lut_entry","84","delay_template_5x5","","","","","","21",0
"lut_entry","84","delay_template_5x5","","","","","","22",0
"lut_entry","84","delay_template_5x5","","","","","","23",0
"lut_entry","84","delay_template_5x5","","","","","","24",0
"lut_entry","85","delay_template_5x5","","","","","","0",0
"lut_entry","85","delay_template_5x5","","","","","","1",0
"lut_entry","85","delay_template_5x5","","","","","","2",0
"lut_entry","85","delay_template_5x5","","","","","","3",0
"lut_entry","85","delay_template_5x5","","","","","","4",0
"lut_entry","85","delay_template_5x5","","","","","","5",0
"lut_entry","85","delay_template_5x5","","","","","","6",0
"lut_entry","85","delay_template_5x5","","","","","","7",0
"lut_entry","85","delay_template_5x5","","","","","","8",0
"lut_entry","85","delay_template_5x5","","","","","","9",0
"lut_entry","85","delay_template_5x5","","","","","","10",0
"lut_entry","85","delay_template_5x5","","","","","","11",0
"lut_entry","85","delay_template_5x5","","","","","","12",0
"lut_entry","85","delay_template_5x5","","","","","","13",0
"lut_entry","85","delay_template_5x5","","","","","","14",0
"lut_entry","85","delay_template_5x5","","","","","","15",0
"lut_entry","85","delay_template_5x5","","","","","","16",0
"lut_entry","85","delay_template_5x5","","","","","","17",0
"lut_entry","85","delay_template_5x5","","","","","","18",0
"lut_entry","85","delay_template_5x5","","","","","","19",0
"lut_entry","85","delay_template_5x5","","","","","","20",0
"lut_entry","85","delay_template_5x5","","","","","","21",0
"lut_entry","85","delay_template_5x5","","","","","","22",0
"lut_entry","85","delay_template_5x5","","","","","","23",0
"lut_entry","85","delay_template_5x5","","","","","","24",0
"lut_entry","86","delay_template_5x5","","","","","","0",0
"lut_entry","86","delay_template_5x5","","","","","","1",0
"lut_entry","86","delay_template_5x5","","","","","","2",0
"lut_entry","86","delay_template_5x5","","","","","","3",0
"lut_entry","86","delay_template_5x5","","","","","","4",0
"lut_entry","86","delay_template_5x5","","","","","","5",0
"lut_entry","86","delay_template_5x5","","","","","","6",0
"lut_entry","86","delay_template_5x5","","","","","","7",0
"lut_entry","86","delay_template_5x5","","","","","","8",0
"lut_entry","86","delay_template_5x5","","","","","","9",0
"lut_entry","86","delay_template_5x5","","","","","","10",0
"lut_entry","86","delay_template_5x5","","","","","","11",0
"lut_entry","86","delay_template_5x5","","","","","","12",0
"lut_entry","86","delay_template_5x5","","","","","","13",0
"lut_entry","86","delay_template_5x5","","","","","","14",0
"lut_entry","86","delay_template_5x5","","","","","","15",0
"lut_entry","86","delay_template_5x5","","","","","","16",0
"lut_entry","86","delay_template_5x5","","","","","","17",0
"lut_entry","86","delay_template_5x5","","","","","","18",0
"lut_entry","86","delay_template_5x5","","","","","","19",0
"lut_entry","86","delay_template_5x5","","","","","","20",0
"lut_entry","86","delay_template_5x5","","","","","","21",0
"lut_entry","86","delay_template_5x5","","","","","","22",0
"lut_entry","86","delay_template_5x5","","","","","","23",0
"lut_entry","86","delay_template_5x5","","","","","","24",0
"lut_entry","87","delay_template_5x5","","","","","","0",0
"lut_entry","87","delay_template_5x5","","","","","","1",0
"lut_entry","87","delay_template_5x5","","","","","","2",0
"lut_entry","87","delay_template_5x5","","","","","","3",0
"lut_entry","87","delay_template_5x5","","","","","","4",0
"lut_entry","87","delay_template_5x5","","","","","","5",0
"lut_entry","87","delay_template_5x5","","","","","","6",0
"lut_entry","87","delay_template_5x5","","","","","","7",0
"lut_entry","87","delay_template_5x5","","","","","","8",0
"lut_entry","87","delay_template_5x5","","","","","","9",0
"lut_entry","87","delay_template_5x5","","","","","","10",0
"lut_entry","87","delay_template_5x5","","","","","","11",0
"lut_entry","87","delay_template_5x5","","","","","","12",0
"lut_entry","87","delay_template_5x5","","","","","","13",0
"lut_entry","87","delay_template_5x5","","","","","","14",0
"lut_entry","87","delay_template_5x5","","","","","","15",0
"lut_entry","87","delay_template_5x5","","","","","","16",0
"lut_entry","87","delay_template_5x5","","","","","","17",0
"lut_entry","87","delay_template_5x5","","","","","","18",0
"lut_entry","87","delay_template_5x5","","","","","","19",0
"lut_entry","87","delay_template_5x5","","","","","","20",0
"lut_entry","87","delay_template_5x5","","","","","","21",0
"lut_entry","87","delay_template_5x5","","","","","","22",0
"lut_entry","87","delay_template_5x5","","","","","","23",0
"lut_entry","87","delay_template_5x5","","","","","","24",0
"lut_entry","88","delay_template_5x5","","","","","","0",0
"lut_entry","88","delay_template_5x5","","","","","","1",0
"lut_entry","88","delay_template_5x5","","","","","","2",0
"lut_entry","88","delay_template_5x5","","","","","","3",0
"lut_entry","88","delay_template_5x5","","","","","","4",0
"lut_entry","88","delay_template_5x5","","","","","","5",0
"lut_entry","88","delay_template_5x5","","","","","","6",0
"lut_entry","88","delay_template_5x5","","","","","","7",0
"lut_entry","88","delay_template_5x5","","","","","","8",0
"lut_entry","88","delay_template_5x5","","","","","","9",0
"lut_entry","88","delay_template_5x5","","","","","","10",0
"lut_entry","88","delay_template_5x5","","","","","","11",0
"lut_entry","88","delay_template_5x5","","","","","","12",0
"lut_entry","88","delay_template_5x5","","","","","","13",0
"lut_entry","88","delay_template_5x5","","","","","","14",0
"lut_entry","88","delay_template_5x5","","","","","","15",0
"lut_entry","88","delay_template_5x5","","","","","","16",0
"lut_entry","88","delay_template_5x5","","","","","","17",0
"lut_entry","88","delay_template_5x5","","","","","","18",0
"lut_entry","88","delay_template_5x5","","","","","","19",0
"lut_entry","88","delay_template_5x5","","","","","","20",0
"lut_entry","88","delay_template_5x5","","","","","","21",0
"lut_entry","88","delay_template_5x5","","","","","","22",0
"lut_entry","88","delay_template_5x5","","","","","","23",0
"lut_entry","88","delay_template_5x5","","","","","","24",0
"lut_entry","89","delay_template_5x5","","","","","","0",0
"lut_entry","89","delay_template_5x5","","","","","","1",0
"lut_entry","89","delay_template_5x5","","","","","","2",0
"lut_entry","89","delay_template_5x5","","","","","","3",0
"lut_entry","89","delay_template_5x5","","","","","","4",0
"lut_entry","89","delay_template_5x5","","","","","","5",0
"lut_entry","89","delay_template_5x5","","","","","","6",0
"lut_entry","89","delay_template_5x5","","","","","","7",0
"lut_entry","89","delay_template_5x5","","","","","","8",0
"lut_entry","89","delay_template_5x5","","","","","","9",0
"lut_entry","89","delay_template_5x5","","","","","","10",0
"lut_entry","89","delay_template_5x5","","","","","","11",0
"lut_entry","89","delay_template_5x5","","","","","","12",0
"lut_entry","89","delay_template_5x5","","","","","","13",0
"lut_entry","89","delay_template_5x5","","","","","","14",0
"lut_entry","89","delay_template_5x5","","","","","","15",0
"lut_entry","89","delay_template_5x5","","","","","","16",0
"lut_entry","89","delay_template_5x5","","","","","","17",0
"lut_entry","89","delay_template_5x5","","","","","","18",0
"lut_entry","89","delay_template_5x5","","","","","","19",0
"lut_entry","89","delay_template_5x5","","","","","","20",0
"lut_entry","89","delay_template_5x5","","","","","","21",0
"lut_entry","89","delay_template_5x5","","","","","","22",0
"lut_entry","89","delay_template_5x5","","","","","","23",0
"lut_entry","89","delay_template_5x5","","","","","","24",0
"lut_entry","90","delay_template_5x5","","","","","","0",0
"lut_entry","90","delay_template_5x5","","","","","","1",0
"lut_entry","90","delay_template_5x5","","","","","","2",0
"lut_entry","90","delay_template_5x5","","","","","","3",0
"lut_entry","90","delay_template_5x5","","","","","","4",0
"lut_entry","90","delay_template_5x5","","","","","","5",0
"lut_entry","90","delay_template_5x5","","","","","","6",0
"lut_entry","90","delay_template_5x5","","","","","","7",0
"lut_entry","90","delay_template_5x5","","","","","","8",0
"lut_entry","90","delay_template_5x5","","","","","","9",0
"lut_entry","90","delay_template_5x5","","","","","","10",0
"lut_entry","90","delay_template_5x5","","","","","","11",0
"lut_entry","90","delay_template_5x5","","","","","","12",0
"lut_entry","90","delay_template_5x5","","","","","","13",0
"lut_entry","90","delay_template_5x5","","","","","","14",0
"lut_entry","90","delay_template_5x5","","","","","","15",0
"lut_entry","90","delay_template_5x5","","","","","","16",0
"lut_entry","90","delay_template_5x5","","","","","","17",0
"lut_entry","90","delay_template_5x5","","","","","","18",0
"lut_entry","90","delay_template_5x5","","","","","","19",0
"lut_entry","90","delay_template_5x5","","","","","","20",0
"lut_entry","90","delay_template_5x5","","","","","","21",0
"lut_entry","90","delay_template_5x5","","","","","","22",0
"lut_entry","90","delay_template_5x5","","","","","","23",0
"lut_entry","90","delay_template_5x5","","","","","","24",0
"lut_entry","91","delay_template_5x5","","","","","","0",0
"lut_entry","91","delay_template_5x5","","","","","","1",0
"lut_entry","91","delay_template_5x5","","","","","","2",0
"lut_entry","91","delay_template_5x5","","","","","","3",0
"lut_entry","91","delay_template_5x5","","","","","","4",0
"lut_entry","91","delay_template_5x5","","","","","","5",0
"lut_entry","91","delay_template_5x5","","","","","","6",0
"lut_entry","91","delay_template_5x5","","","","","","7",0
"lut_entry","91","delay_template_5x5","","","","","","8",0
"lut_entry","91","delay_template_5x5","","","","","","9",0
"lut_entry","91","delay_template_5x5","","","","","","10",0
"lut_entry","91","delay_template_5x5","","","","","","11",0
"lut_entry","91","delay_template_5x5","","","","","","12",0
"lut_entry","91","delay_template_5x5","","","","","","13",0
"lut_entry","91","delay_template_5x5","","","","","","14",0
"lut_entry","91","delay_template_5x5","","","","","","15",0
"lut_entry","91","delay_template_5x5","","","","","","16",0
"lut_entry","91","delay_template_5x5","","","","","","17",0
"lut_entry","91","delay_template_5x5","","","","","","18",0
"lut_entry","91","delay_template_5x5","","","","","","19",0
"lut_entry","91","delay_template_5x5","","","","","","20",0
"lut_entry","91","delay_template_5x5","","","","","","21",0
"lut_entry","91","delay_template_5x5","","","","","","22",0
"lut_entry","91","delay_template_5x5","","","","","","23",0
"lut_entry","91","delay_template_5x5","","","","","","24",0
"lut_entry","92","delay_template_5x5","","","","","","0",0
"lut_entry","92","delay_template_5x5","","","","","","1",0
"lut_entry","92","delay_template_5x5","","","","","","2",0
"lut_entry","92","delay_template_5x5","","","","","","3",0
"lut_entry","92","delay_template_5x5","","","","","","4",0
"lut_entry","92","delay_template_5x5","","","","","","5",0
"lut_entry","92","delay_template_5x5","","","","","","6",0
"lut_entry","92","delay_template_5x5","","","","","","7",0
"lut_entry","92","delay_template_5x5","","","","","","8",0
"lut_entry","92","delay_template_5x5","","","","","","9",0
"lut_entry","92","delay_template_5x5","","","","","","10",0
"lut_entry","92","delay_template_5x5","","","","","","11",0
"lut_entry","92","delay_template_5x5","","","","","","12",0
"lut_entry","92","delay_template_5x5","","","","","","13",0
"lut_entry","92","delay_template_5x5","","","","","","14",0
"lut_entry","92","delay_template_5x5","","","","","","15",0
"lut_entry","92","delay_template_5x5","","","","","","16",0
"lut_entry","92","delay_template_5x5","","","","","","17",0
"lut_entry","92","delay_template_5x5","","","","","","18",0
"lut_entry","92","delay_template_5x5","","","","","","19",0
"lut_entry","92","delay_template_5x5","","","","","","20",0
"lut_entry","92","delay_template_5x5","","","","","","21",0
"lut_entry","92","delay_template_5x5","","","","","","22",0
"lut_entry","92","delay_template_5x5","","","","","","23",0
"lut_entry","92","delay_template_5x5","","","","","","24",0
"lut_entry","93","delay_template_5x5","","","","","","0",0
"lut_entry","93","delay_template_5x5","","","","","","1",0
"lut_entry","93","delay_template_5x5","","","","","","2",0
"lut_entry","93","delay_template_5x5","","","","","","3",0
"lut_entry","93","delay_template_5x5","","","","","","4",0
"lut_entry","93","delay_template_5x5","","","","","","5",0
"lut_entry","93","delay_template_5x5","","","","","","6",0
"lut_entry","93","delay_template_5x5","","","","","","7",0
"lut_entry","93","delay_template_5x5","","","","","","8",0
"lut_entry","93","delay_template_5x5","","","","","","9",0
"lut_entry","93","delay_template_5x5","","","","","","10",0
"lut_entry","93","delay_template_5x5","","","","","","11",0
"lut_entry","93","delay_template_5x5","","","","","","12",0
"lut_entry","93","delay_template_5x5","","","","","","13",0
"lut_entry","93","delay_template_5x5","","","","","","14",0
"lut_entry","93","delay_template_5x5","","","","","","15",0
"lut_entry","93","delay_template_5x5","","","","","","16",0
"lut_entry","93","delay_template_5x5","","","","","","17",0
"lut_entry","93","delay_template_5x5","","","","","","18",0
"lut_entry","93","delay_template_5x5","","","","","","19",0
"lut_entry","93","delay_template_5x5","","","","","","20",0
"lut_entry","93","delay_template_5x5","","","","","","21",0
"lut_entry","93","delay_template_5x5","","","","","","22",0
"lut_entry","93","delay_template_5x5","","","","","","23",0
"lut_entry","93","delay_template_5x5","","","","","","24",0
"lut_entry","94","delay_template_5x5","","","","","","0",0
"lut_entry","94","delay_template_5x5","","","","","","1",0
"lut_entry","94","delay_template_5x5","","","","","","2",0
"lut_entry","94","delay_template_5x5","","","","","","3",0
"lut_entry","94","delay_template_5x5","","","","","","4",0
"lut_entry","94","delay_template_5x5","","","","","","5",0
"lut_entry","94","delay_template_5x5","","","","","","6",0
"lut_entry","94","delay_template_5x5","","","","","","7",0
"lut_entry","94","delay_template_5x5","","","","","","8",0
"lut_entry","94","delay_template_5x5","","","","","","9",0
"lut_entry","94","delay_template_5x5","","","","","","10",0
"lut_entry","94","delay_template_5x5","","","","","","11",0
"lut_entry","94","delay_template_5x5","","","","","","12",0
"lut_entry","94","delay_template_5x5","","","","","","13",0
"lut_entry","94","delay_template_5x5","","","","","","14",0
"lut_entry","94","delay_template_5x5","","","","","","15",0
"lut_entry","94","delay_template_5x5","","","","","","16",0
"lut_entry","94","delay_template_5x5","","","","","","17",0
"lut_entry","94","delay_template_5x5","","","","","","18",0
"lut_entry","94","delay_template_5x5","","","","","","19",0
"lut_entry","94","delay_template_5x5","","","","","","20",0
"lut_entry","94","delay_template_5x5","","","","","","21",0
"lut_entry","94","delay_template_5x5","","","","","","22",0
"lut_entry","94","delay_template_5x5","","","","","","23",0
"lut_entry","94","delay_template_5x5","","","","","","24",0
"lut_entry","95","delay_template_5x5","","","","","","0",0
"lut_entry","95","delay_template_5x5","","","","","","1",0
"lut_entry","95","delay_template_5x5","","","","","","2",0
"lut_entry","95","delay_template_5x5","","","","","","3",0
"lut_entry","95","delay_template_5x5","","","","","","4",0
"lut_entry","95","delay_template_5x5","","","","","","5",0
"lut_entry","95","delay_template_5x5","","","","","","6",0
"lut_entry","95","delay_template_5x5","","","","","","7",0
"lut_entry","95","delay_template_5x5","","","","","","8",0
"lut_entry","95","delay_template_5x5","","","","","","9",0
"lut_entry","95","delay_template_5x5","","","","","","10",0
"lut_entry","95","delay_template_5x5","","","","","","11",0
"lut_entry","95","delay_template_5x5","","","","","","12",0
"lut_entry","95","delay_template_5x5","","","","","","13",0
"lut_entry","95","delay_template_5x5","","","","","","14",0
"lut_entry","95","delay_template_5x5","","","","","","15",0
"lut_entry","95","delay_template_5x5","","","","","","16",0
"lut_entry","95","delay_template_5x5","","","","","","17",0
"lut_entry","95","delay_template_5x5","","","","","","18",0
"lut_entry","95","delay_template_5x5","","","","","","19",0
"lut_entry","95","delay_template_5x5","","","","","","20",0
"lut_entry","95","delay_template_5x5","","","","","","21",0
"lut_entry","95","delay_template_5x5","","","","","","22",0
"lut_entry","95","delay_template_5x5","","","","","","23",0
"lut_entry","95","delay_template_5x5","","","","","","24",0
"lut_entry","96","delay_template_5x5","","","","","","0",0
"lut_entry","96","delay_template_5x5","","","","","","1",0
"lut_entry","96","delay_template_5x5","","","","","","2",0
"lut_entry","96","delay_template_5x5","","","","","","3",0
"lut_entry","96","delay_template_5x5","","","","","","4",0
"lut_entry","96","delay_template_5x5","","","","","","5",0
"lut_entry","96","delay_template_5x5","","","","","","6",0
"lut_entry","96","delay_template_5x5","","","","","","7",0
"lut_entry","96","delay_template_5x5","","","","","","8",0
"lut_entry","96","delay_template_5x5","","","","","","9",0
"lut_entry","96","delay_template_5x5","","","","","","10",0
"lut_entry","96","delay_template_5x5","","","","","","11",0
"lut_entry","96","delay_template_5x5","","","","","","12",0
"lut_entry","96","delay_template_5x5","","","","","","13",0
"lut_entry","96","delay_template_5x5","","","","","","14",0
"lut_entry","96","delay_template_5x5","","","","","","15",0
"lut_entry","96","delay_template_5x5","","","","","","16",0
"lut_entry","96","delay_template_5x5","","","","","","17",0
"lut_entry","96","delay_template_5x5","","","","","","18",0
"lut_entry","96","delay_template_5x5","","","","","","19",0
"lut_entry","96","delay_template_5x5","","","","","","20",0
"lut_entry","96","delay_template_5x5","","","","","","21",0
"lut_entry","96","delay_template_5x5","","","","","","22",0
"lut_entry","96","delay_template_5x5","","","","","","23",0
"lut_entry","96","delay_template_5x5","","","","","","24",0
"lut_entry","97","delay_template_5x5","","","","","","0",0
"lut_entry","97","delay_template_5x5","","","","","","1",0
"lut_entry","97","delay_template_5x5","","","","","","2",0
"lut_entry","97","delay_template_5x5","","","","","","3",0
"lut_entry","97","delay_template_5x5","","","","","","4",0
"lut_entry","97","delay_template_5x5","","","","","","5",0
"lut_entry","97","delay_template_5x5","","","","","","6",0
"lut_entry","97","delay_template_5x5","","","","","","7",0
"lut_entry","97","delay_template_5x5","","","","","","8",0
"lut_entry","97","delay_template_5x5","","","","","","9",0
"lut_entry","97","delay_template_5x5","","","","","","10",0
"lut_entry","97","delay_template_5x5","","","","","","11",0
"lut_entry","97","delay_template_5x5","","","","","","12",0
"lut_entry","97","delay_template_5x5","","","","","","13",0
"lut_entry","97","delay_template_5x5","","","","","","14",0
"lut_entry","97","delay_template_5x5","","","","","","15",0
"lut_entry","97","delay_template_5x5","","","","","","16",0
"lut_entry","97","delay_template_5x5","","","","","","17",0
"lut_entry","97","delay_template_5x5","","","","","","18",0
"lut_entry","97","delay_template_5x5","","","","","","19",0
"lut_entry","97","delay_template_5x5","","","","","","20",0
"lut_entry","97","delay_template_5x5","","","","","","21",0
"lut_entry","97","delay_template_5x5","","","","","","22",0
"lut_entry","97","delay_template_5x5","","","","","","23",0
"lut_entry","97","delay_template_5x5","","","","","","24",0
"lut_entry","98","delay_template_5x5","","","","","","0",0
"lut_entry","98","delay_template_5x5","","","","","","1",0
"lut_entry","98","delay_template_5x5","","","","","","2",0
"lut_entry","98","delay_template_5x5","","","","","","3",0
"lut_entry","98","delay_template_5x5","","","","","","4",0
"lut_entry","98","delay_template_5x5","","","","","","5",0
"lut_entry","98","delay_template_5x5","","","","","","6",0
"lut_entry","98","delay_template_5x5","","","","","","7",0
"lut_entry","98","delay_template_5x5","","","","","","8",0
"lut_entry","98","delay_template_5x5","","","","","","9",0
"lut_entry","98","delay_template_5x5","","","","","","10",0
"lut_entry","98","delay_template_5x5","","","","","","11",0
"lut_entry","98","delay_template_5x5","","","","","","12",0
"lut_entry","98","delay_template_5x5","","","","","","13",0
"lut_entry","98","delay_template_5x5","","","","","","14",0
"lut_entry","98","delay_template_5x5","","","","","","15",0
"lut_entry","98","delay_template_5x5","","","","","","16",0
"lut_entry","98","delay_template_5x5","","","","","","17",0
"lut_entry","98","delay_template_5x5","","","","","","18",0
"lut_entry","98","delay_template_5x5","","","","","","19",0
"lut_entry","98","delay_template_5x5","","","","","","20",0
"lut_entry","98","delay_template_5x5","","","","","","21",0
"lut_entry","98","delay_template_5x5","","","","","","22",0
"lut_entry","98","delay_template_5x5","","","","","","23",0
"lut_entry","98","delay_template_5x5","","","","","","24",0
"lut_entry","99","delay_template_5x5","","","","","","0",0
"lut_entry","99","delay_template_5x5","","","","","","1",0
"lut_entry","99","delay_template_5x5","","","","","","2",0
"lut_entry","99","delay_template_5x5","","","","","","3",0
"lut_entry","99","delay_template_5x5","","","","","","4",0
"lut_entry","99","delay_template_5x5","","","","","","5",0
"lut_entry","99","delay_template_5x5","","","","","","6",0
"lut_entry","99","delay_template_5x5","","","","","","7",0
"lut_entry","99","delay_template_5x5","","","","","","8",0
"lut_entry","99","delay_template_5x5","","","","","","9",0
"lut_entry","99","delay_template_5x5","","","","","","10",0
"lut_entry","99","delay_template_5x5","","","","","","11",0
"lut_entry","99","delay_template_5x5","","","","","","12",0
"lut_entry","99","delay_template_5x5","","","","","","13",0
"lut_entry","99","delay_template_5x5","","","","","","14",0
"lut_entry","99","delay_template_5x5","","","","","","15",0
"lut_entry","99","delay_template_5x5","","","","","","16",0
"lut_entry","99","delay_template_5x5","","","","","","17",0
"lut_entry","99","delay_template_5x5","","","","","","18",0
"lut_entry","99","delay_template_5x5","","","","","","19",0
"lut_entry","99","delay_template_5x5","","","","","","20",0
"lut_entry","99","delay_template_5x5","","","","","","21",0
"lut_entry","99","delay_template_5x5","","","","","","22",0
"lut_entry","99","delay_template_5x5","","","","","","23",0
"lut_entry","99","delay_template_5x5","","","","","","24",0
"lut_entry","100","delay_template_5x5","","","","","","0",0
"lut_entry","100","delay_template_5x5","","","","","","1",0
"lut_entry","100","delay_template_5x5","","","","","","2",0
"lut_entry","100","delay_template_5x5","","","","","","3",0
"lut_entry","100","delay_template_5x5","","","","","","4",0
"lut_entry","100","delay_template_5x5","","","","","","5",0
"lut_entry","100","delay_template_5x5","","","","","","6",0
"lut_entry","100","delay_template_5x5","","","","","","7",0
"lut_entry","100","delay_template_5x5","","","","","","8",0
"lut_entry","100","delay_template_5x5","","","","","","9",0
"lut_entry","100","delay_template_5x5","","","","","","10",0
"lut_entry","100","delay_template_5x5","","","","","","11",0
"lut_entry","100","delay_template_5x5","","","","","","12",0
"lut_entry","100","delay_template_5x5","","","","","","13",0
"lut_entry","100","delay_template_5x5","","","","","","14",0
"lut_entry","100","delay_template_5x5","","","","","","15",0
"lut_entry","100","delay_template_5x5","","","","","","16",0
"lut_entry","100","delay_template_5x5","","","","","","17",0
"lut_entry","100","delay_template_5x5","","","","","","18",0
"lut_entry","100","delay_template_5x5","","","","","","19",0
"lut_entry","100","delay_template_5x5","","","","","","20",0
"lut_entry","100","delay_template_5x5","","","","","","21",0
"lut_entry","100","delay_template_5x5","","","","","","22",0
"lut_entry","100","delay_template_5x5","","","","","","23",0
"lut_entry","100","delay_template_5x5","","","","","","24",0
"lut_entry","101","delay_template_5x5","","","","","","0",0
"lut_entry","101","delay_template_5x5","","","","","","1",0
"lut_entry","101","delay_template_5x5","","","","","","2",0
"lut_entry","101","delay_template_5x5","","","","","","3",0
"lut_entry","101","delay_template_5x5","","","","","","4",0
"lut_entry","101","delay_template_5x5","","","","","","5",0
"lut_entry","101","delay_template_5x5","","","","","","6",0
"lut_entry","101","delay_template_5x5","","","","","","7",0
"lut_entry","101","delay_template_5x5","","","","","","8",0
"lut_entry","101","delay_template_5x5","","","","","","9",0
"lut_entry","101","delay_template_5x5","","","","","","10",0
"lut_entry","101","delay_template_5x5","","","","","","11",0
"lut_entry","101","delay_template_5x5","","","","","","12",0
"lut_entry","101","delay_template_5x5","","","","","","13",0
"lut_entry","101","delay_template_5x5","","","","","","14",0
"lut_entry","101","delay_template_5x5","","","","","","15",0
"lut_entry","101","delay_template_5x5","","","","","","16",0
"lut_entry","101","delay_template_5x5","","","","","","17",0
"lut_entry","101","delay_template_5x5","","","","","","18",0
"lut_entry","101","delay_template_5x5","","","","","","19",0
"lut_entry","101","delay_template_5x5","","","","","","20",0
"lut_entry","101","delay_template_5x5","","","","","","21",0
"lut_entry","101","delay_template_5x5","","","","","","22",0
"lut_entry","101","delay_template_5x5","","","","","","23",0
"lut_entry","101","delay_template_5x5","","","","","","24",0
"lut_entry","102","delay_template_5x5","","","","","","0",0
"lut_entry","102","delay_template_5x5","","","","","","1",0
"lut_entry","102","delay_template_5x5","","","","","","2",0
"lut_entry","102","delay_template_5x5","","","","","","3",0
"lut_entry","102","delay_template_5x5","","","","","","4",0
"lut_entry","102","delay_template_5x5","","","","","","5",0
"lut_entry","102","delay_template_5x5","","","","","","6",0
"lut_entry","102","delay_template_5x5","","","","","","7",0
"lut_entry","102","delay_template_5x5","","","","","","8",0
"lut_entry","102","delay_template_5x5","","","","","","9",0
"lut_entry","102","delay_template_5x5","","","","","","10",0
"lut_entry","102","delay_template_5x5","","","","","","11",0
"lut_entry","102","delay_template_5x5","","","","","","12",0
"lut_entry","102","delay_template_5x5","","","","","","13",0
"lut_entry","102","delay_template_5x5","","","","","","14",0
"lut_entry","102","delay_template_5x5","","","","","","15",0
"lut_entry","102","delay_template_5x5","","","","","","16",0
"lut_entry","102","delay_template_5x5","","","","","","17",0
"lut_entry","102","delay_template_5x5","","","","","","18",0
"lut_entry","102","delay_template_5x5","","","","","","19",0
"lut_entry","102","delay_template_5x5","","","","","","20",0
"lut_entry","102","delay_template_5x5","","","","","","21",0
"lut_entry","102","delay_template_5x5","","","","","","22",0
"lut_entry","102","delay_template_5x5","","","","","","23",0
"lut_entry","102","delay_template_5x5","","","","","","24",0
"lut_entry","103","delay_template_5x5","","","","","","0",0
"lut_entry","103","delay_template_5x5","","","","","","1",0
"lut_entry","103","delay_template_5x5","","","","","","2",0
"lut_entry","103","delay_template_5x5","","","","","","3",0
"lut_entry","103","delay_template_5x5","","","","","","4",0
"lut_entry","103","delay_template_5x5","","","","","","5",0
"lut_entry","103","delay_template_5x5","","","","","","6",0
"lut_entry","103","delay_template_5x5","","","","","","7",0
"lut_entry","103","delay_template_5x5","","","","","","8",0
"lut_entry","103","delay_template_5x5","","","","","","9",0
"lut_entry","103","delay_template_5x5","","","","","","10",0
"lut_entry","103","delay_template_5x5","","","","","","11",0
"lut_entry","103","delay_template_5x5","","","","","","12",0
"lut_entry","103","delay_template_5x5","","","","","","13",0
"lut_entry","103","delay_template_5x5","","","","","","14",0
"lut_entry","103","delay_template_5x5","","","","","","15",0
"lut_entry","103","delay_template_5x5","","","","","","16",0
"lut_entry","103","delay_template_5x5","","","","","","17",0
"lut_entry","103","delay_template_5x5","","","","","","18",0
"lut_entry","103","delay_template_5x5","","","","","","19",0
"lut_entry","103","delay_template_5x5","","","","","","20",0
"lut_entry","103","delay_template_5x5","","","","","","21",0
"lut_entry","103","delay_template_5x5","","","","","","22",0
"lut_entry","103","delay_template_5x5","","","","","","23",0
"lut_entry","103","delay_template_5x5","","","","","","24",0
"lut_entry","104","delay_template_5x5","","","","","","0",0
"lut_entry","104","delay_template_5x5","","","","","","1",0
"lut_entry","104","delay_template_5x5","","","","","","2",0
"lut_entry","104","delay_template_5x5","","","","","","3",0
"lut_entry","104","delay_template_5x5","","","","","","4",0
"lut_entry","104","delay_template_5x5","","","","","","5",0
"lut_entry","104","delay_template_5x5","","","","","","6",0
"lut_entry","104","delay_template_5x5","","","","","","7",0
"lut_entry","104","delay_template_5x5","","","","","","8",0
"lut_entry","104","delay_template_5x5","","","","","","9",0
"lut_entry","104","delay_template_5x5","","","","","","10",0
"lut_entry","104","delay_template_5x5","","","","","","11",0
"lut_entry","104","delay_template_5x5","","","","","","12",0
"lut_entry","104","delay_template_5x5","","","","","","13",0
"lut_entry","104","delay_template_5x5","","","","","","14",0
"lut_entry","104","delay_template_5x5","","","","","","15",0
"lut_entry","104","delay_template_5x5","","","","","","16",0
"lut_entry","104","delay_template_5x5","","","","","","17",0
"lut_entry","104","delay_template_5x5","","","","","","18",0
"lut_entry","104","delay_template_5x5","","","","","","19",0
"lut_entry","104","delay_template_5x5","","","","","","20",0
"lut_entry","104","delay_template_5x5","","","","","","21",0
"lut_entry","104","delay_template_5x5","","","","","","22",0
"lut_entry","104","delay_template_5x5","","","","","","23",0
"lut_entry","104","delay_template_5x5","","","","","","24",0
"lut_entry","105","delay_template_5x5","","","","","","0",0
"lut_entry","105","delay_template_5x5","","","","","","1",0
"lut_entry","105","delay_template_5x5","","","","","","2",0
"lut_entry","105","delay_template_5x5","","","","","","3",0
"lut_entry","105","delay_template_5x5","","","","","","4",0
"lut_entry","105","delay_template_5x5","","","","","","5",0
"lut_entry","105","delay_template_5x5","","","","","","6",0
"lut_entry","105","delay_template_5x5","","","","","","7",0
"lut_entry","105","delay_template_5x5","","","","","","8",0
"lut_entry","105","delay_template_5x5","","","","","","9",0
"lut_entry","105","delay_template_5x5","","","","","","10",0
"lut_entry","105","delay_template_5x5","","","","","","11",0
"lut_entry","105","delay_template_5x5","","","","","","12",0
"lut_entry","105","delay_template_5x5","","","","","","13",0
"lut_entry","105","delay_template_5x5","","","","","","14",0
"lut_entry","105","delay_template_5x5","","","","","","15",0
"lut_entry","105","delay_template_5x5","","","","","","16",0
"lut_entry","105","delay_template_5x5","","","","","","17",0
"lut_entry","105","delay_template_5x5","","","","","","18",0
"lut_entry","105","delay_template_5x5","","","","","","19",0
"lut_entry","105","delay_template_5x5","","","","","","20",0
"lut_entry","105","delay_template_5x5","","","","","","21",0
"lut_entry","105","delay_template_5x5","","","","","","22",0
"lut_entry","105","delay_template_5x5","","","","","","23",0
"lut_entry","105","delay_template_5x5","","","","","","24",0
"lut_entry","106","delay_template_5x5","","","","","","0",0
"lut_entry","106","delay_template_5x5","","","","","","1",0
"lut_entry","106","delay_template_5x5","","","","","","2",0
"lut_entry","106","delay_template_5x5","","","","","","3",0
"lut_entry","106","delay_template_5x5","","","","","","4",0
"lut_entry","106","delay_template_5x5","","","","","","5",0
"lut_entry","106","delay_template_5x5","","","","","","6",0
"lut_entry","106","delay_template_5x5","","","","","","7",0
"lut_entry","106","delay_template_5x5","","","","","","8",0
"lut_entry","106","delay_template_5x5","","","","","","9",0
"lut_entry","106","delay_template_5x5","","","","","","10",0
"lut_entry","106","delay_template_5x5","","","","","","11",0
"lut_entry","106","delay_template_5x5","","","","","","12",0
"lut_entry","106","delay_template_5x5","","","","","","13",0
"lut_entry","106","delay_template_5x5","","","","","","14",0
"lut_entry","106","delay_template_5x5","","","","","","15",0
"lut_entry","106","delay_template_5x5","","","","","","16",0
"lut_entry","106","delay_template_5x5","","","","","","17",0
"lut_entry","106","delay_template_5x5","","","","","","18",0
"lut_entry","106","delay_template_5x5","","","","","","19",0
"lut_entry","106","delay_template_5x5","","","","","","20",0
"lut_entry","106","delay_template_5x5","","","","","","21",0
"lut_entry","106","delay_template_5x5","","","","","","22",0
"lut_entry","106","delay_template_5x5","","","","","","23",0
"lut_entry","106","delay_template_5x5","","","","","","24",0
"lut_entry","107","delay_template_5x5","","","","","","0",0
"lut_entry","107","delay_template_5x5","","","","","","1",0
"lut_entry","107","delay_template_5x5","","","","","","2",0
"lut_entry","107","delay_template_5x5","","","","","","3",0
"lut_entry","107","delay_template_5x5","","","","","","4",0
"lut_entry","107","delay_template_5x5","","","","","","5",0
"lut_entry","107","delay_template_5x5","","","","","","6",0
"lut_entry","107","delay_template_5x5","","","","","","7",0
"lut_entry","107","delay_template_5x5","","","","","","8",0
"lut_entry","107","delay_template_5x5","","","","","","9",0
"lut_entry","107","delay_template_5x5","","","","","","10",0
"lut_entry","107","delay_template_5x5","","","","","","11",0
"lut_entry","107","delay_template_5x5","","","","","","12",0
"lut_entry","107","delay_template_5x5","","","","","","13",0
"lut_entry","107","delay_template_5x5","","","","","","14",0
"lut_entry","107","delay_template_5x5","","","","","","15",0
"lut_entry","107","delay_template_5x5","","","","","","16",0
"lut_entry","107","delay_template_5x5","","","","","","17",0
"lut_entry","107","delay_template_5x5","","","","","","18",0
"lut_entry","107","delay_template_5x5","","","","","","19",0
"lut_entry","107","delay_template_5x5","","","","","","20",0
"lut_entry","107","delay_template_5x5","","","","","","21",0
"lut_entry","107","delay_template_5x5","","","","","","22",0
"lut_entry","107","delay_template_5x5","","","","","","23",0
"lut_entry","107","delay_template_5x5","","","","","","24",0
"lut_entry","108","delay_template_5x5","","","","","","0",0
"lut_entry","108","delay_template_5x5","","","","","","1",0
"lut_entry","108","delay_template_5x5","","","","","","2",0
"lut_entry","108","delay_template_5x5","","","","","","3",0
"lut_entry","108","delay_template_5x5","","","","","","4",0
"lut_entry","108","delay_template_5x5","","","","","","5",0
"lut_entry","108","delay_template_5x5","","","","","","6",0
"lut_entry","108","delay_template_5x5","","","","","","7",0
"lut_entry","108","delay_template_5x5","","","","","","8",0
"lut_entry","108","delay_template_5x5","","","","","","9",0
"lut_entry","108","delay_template_5x5","","","","","","10",0
"lut_entry","108","delay_template_5x5","","","","","","11",0
"lut_entry","108","delay_template_5x5","","","","","","12",0
"lut_entry","108","delay_template_5x5","","","","","","13",0
"lut_entry","108","delay_template_5x5","","","","","","14",0
"lut_entry","108","delay_template_5x5","","","","","","15",0
"lut_entry","108","delay_template_5x5","","","","","","16",0
"lut_entry","108","delay_template_5x5","","","","","","17",0
"lut_entry","108","delay_template_5x5","","","","","","18",0
"lut_entry","108","delay_template_5x5","","","","","","19",0
"lut_entry","108","delay_template_5x5","","","","","","20",0
"lut_entry","108","delay_template_5x5","","","","","","21",0
"lut_entry","108","delay_template_5x5","","","","","","22",0
"lut_entry","108","delay_template_5x5","","","","","","23",0
"lut_entry","108","delay_template_5x5","","","","","","24",0
"lut_entry","109","delay_template_5x5","","","","","","0",0
"lut_entry","109","delay_template_5x5","","","","","","1",0
"lut_entry","109","delay_template_5x5","","","","","","2",0
"lut_entry","109","delay_template_5x5","","","","","","3",0
"lut_entry","109","delay_template_5x5","","","","","","4",0
"lut_entry","109","delay_template_5x5","","","","","","5",0
"lut_entry","109","delay_template_5x5","","","","","","6",0
"lut_entry","109","delay_template_5x5","","","","","","7",0
"lut_entry","109","delay_template_5x5","","","","","","8",0
"lut_entry","109","delay_template_5x5","","","","","","9",0
"lut_entry","109","delay_template_5x5","","","","","","10",0
"lut_entry","109","delay_template_5x5","","","","","","11",0
"lut_entry","109","delay_template_5x5","","","","","","12",0
"lut_entry","109","delay_template_5x5","","","","","","13",0
"lut_entry","109","delay_template_5x5","","","","","","14",0
"lut_entry","109","delay_template_5x5","","","","","","15",0
"lut_entry","109","delay_template_5x5","","","","","","16",0
"lut_entry","109","delay_template_5x5","","","","","","17",0
"lut_entry","109","delay_template_5x5","","","","","","18",0
"lut_entry","109","delay_template_5x5","","","","","","19",0
"lut_entry","109","delay_template_5x5","","","","","","20",0
"lut_entry","109","delay_template_5x5","","","","","","21",0
"lut_entry","109","delay_template_5x5","","","","","","22",0
"lut_entry","109","delay_template_5x5","","","","","","23",0
"lut_entry","109","delay_template_5x5","","","","","","24",0
"lut_entry","110","delay_template_5x5","","","","","","0",0
"lut_entry","110","delay_template_5x5","","","","","","1",0
"lut_entry","110","delay_template_5x5","","","","","","2",0
"lut_entry","110","delay_template_5x5","","","","","","3",0
"lut_entry","110","delay_template_5x5","","","","","","4",0
"lut_entry","110","delay_template_5x5","","","","","","5",0
"lut_entry","110","delay_template_5x5","","","","","","6",0
"lut_entry","110","delay_template_5x5","","","","","","7",0
"lut_entry","110","delay_template_5x5","","","","","","8",0
"lut_entry","110","delay_template_5x5","","","","","","9",0
"lut_entry","110","delay_template_5x5","","","","","","10",0
"lut_entry","110","delay_template_5x5","","","","","","11",0
"lut_entry","110","delay_template_5x5","","","","","","12",0
"lut_entry","110","delay_template_5x5","","","","","","13",0
"lut_entry","110","delay_template_5x5","","","","","","14",0
"lut_entry","110","delay_template_5x5","","","","","","15",0
"lut_entry","110","delay_template_5x5","","","","","","16",0
"lut_entry","110","delay_template_5x5","","","","","","17",0
"lut_entry","110","delay_template_5x5","","","","","","18",0
"lut_entry","110","delay_template_5x5","","","","","","19",0
"lut_entry","110","delay_template_5x5","","","","","","20",0
"lut_entry","110","delay_template_5x5","","","","","","21",0
"lut_entry","110","delay_template_5x5","","","","","","22",0
"lut_entry","110","delay_template_5x5","","","","","","23",0
"lut_entry","110","delay_template_5x5","","","","","","24",0
"lut_entry","111","delay_template_5x5","","","","","","0",0
"lut_entry","111","delay_template_5x5","","","","","","1",0
"lut_entry","111","delay_template_5x5","","","","","","2",0
"lut_entry","111","delay_template_5x5","","","","","","3",0
"lut_entry","111","delay_template_5x5","","","","","","4",0
"lut_entry","111","delay_template_5x5","","","","","","5",0
"lut_entry","111","delay_template_5x5","","","","","","6",0
"lut_entry","111","delay_template_5x5","","","","","","7",0
"lut_entry","111","delay_template_5x5","","","","","","8",0
"lut_entry","111","delay_template_5x5","","","","","","9",0
"lut_entry","111","delay_template_5x5","","","","","","10",0
"lut_entry","111","delay_template_5x5","","","","","","11",0
"lut_entry","111","delay_template_5x5","","","","","","12",0
"lut_entry","111","delay_template_5x5","","","","","","13",0
"lut_entry","111","delay_template_5x5","","","","","","14",0
"lut_entry","111","delay_template_5x5","","","","","","15",0
"lut_entry","111","delay_template_5x5","","","","","","16",0
"lut_entry","111","delay_template_5x5","","","","","","17",0
"lut_entry","111","delay_template_5x5","","","","","","18",0
"lut_entry","111","delay_template_5x5","","","","","","19",0
"lut_entry","111","delay_template_5x5","","","","","","20",0
"lut_entry","111","delay_template_5x5","","","","","","21",0
"lut_entry","111","delay_template_5x5","","","","","","22",0
"lut_entry","111","delay_template_5x5","","","","","","23",0
"lut_entry","111","delay_template_5x5","","","","","","24",0
"lut_entry","112","delay_template_5x5","","","","","","0",0
"lut_entry","112","delay_template_5x5","","","","","","1",0
"lut_entry","112","delay_template_5x5","","","","","","2",0
"lut_entry","112","delay_template_5x5","","","","","","3",0
"lut_entry","112","delay_template_5x5","","","","","","4",0
"lut_entry","112","delay_template_5x5","","","","","","5",0
"lut_entry","112","delay_template_5x5","","","","","","6",0
"lut_entry","112","delay_template_5x5","","","","","","7",0
"lut_entry","112","delay_template_5x5","","","","","","8",0
"lut_entry","112","delay_template_5x5","","","","","","9",0
"lut_entry","112","delay_template_5x5","","","","","","10",0
"lut_entry","112","delay_template_5x5","","","","","","11",0
"lut_entry","112","delay_template_5x5","","","","","","12",0
"lut_entry","112","delay_template_5x5","","","","","","13",0
"lut_entry","112","delay_template_5x5","","","","","","14",0
"lut_entry","112","delay_template_5x5","","","","","","15",0
"lut_entry","112","delay_template_5x5","","","","","","16",0
"lut_entry","112","delay_template_5x5","","","","","","17",0
"lut_entry","112","delay_template_5x5","","","","","","18",0
"lut_entry","112","delay_template_5x5","","","","","","19",0
"lut_entry","112","delay_template_5x5","","","","","","20",0
"lut_entry","112","delay_template_5x5","","","","","","21",0
"lut_entry","112","delay_template_5x5","","","","","","22",0
"lut_entry","112","delay_template_5x5","","","","","","23",0
"lut_entry","112","delay_template_5x5","","","","","","24",0
"lut_entry","113","delay_template_5x5","","","","","","0",0
"lut_entry","113","delay_template_5x5","","","","","","1",0
"lut_entry","113","delay_template_5x5","","","","","","2",0
"lut_entry","113","delay_template_5x5","","","","","","3",0
"lut_entry","113","delay_template_5x5","","","","","","4",0
"lut_entry","113","delay_template_5x5","","","","","","5",0
"lut_entry","113","delay_template_5x5","","","","","","6",0
"lut_entry","113","delay_template_5x5","","","","","","7",0
"lut_entry","113","delay_template_5x5","","","","","","8",0
"lut_entry","113","delay_template_5x5","","","","","","9",0
"lut_entry","113","delay_template_5x5","","","","","","10",0
"lut_entry","113","delay_template_5x5","","","","","","11",0
"lut_entry","113","delay_template_5x5","","","","","","12",0
"lut_entry","113","delay_template_5x5","","","","","","13",0
"lut_entry","113","delay_template_5x5","","","","","","14",0
"lut_entry","113","delay_template_5x5","","","","","","15",0
"lut_entry","113","delay_template_5x5","","","","","","16",0
"lut_entry","113","delay_template_5x5","","","","","","17",0
"lut_entry","113","delay_template_5x5","","","","","","18",0
"lut_entry","113","delay_template_5x5","","","","","","19",0
"lut_entry","113","delay_template_5x5","","","","","","20",0
"lut_entry","113","delay_template_5x5","","","","","","21",0
"lut_entry","113","delay_template_5x5","","","","","","22",0
"lut_entry","113","delay_template_5x5","","","","","","23",0
"lut_entry","113","delay_template_5x5","","","","","","24",0
"lut_entry","114","delay_template_5x5","","","","","","0",0
"lut_entry","114","delay_template_5x5","","","","","","1",0
"lut_entry","114","delay_template_5x5","","","","","","2",0
"lut_entry","114","delay_template_5x5","","","","","","3",0
"lut_entry","114","delay_template_5x5","","","","","","4",0
"lut_entry","114","delay_template_5x5","","","","","","5",0
"lut_entry","114","delay_template_5x5","","","","","","6",0
"lut_entry","114","delay_template_5x5","","","","","","7",0
"lut_entry","114","delay_template_5x5","","","","","","8",0
"lut_entry","114","delay_template_5x5","","","","","","9",0
"lut_entry","114","delay_template_5x5","","","","","","10",0
"lut_entry","114","delay_template_5x5","","","","","","11",0
"lut_entry","114","delay_template_5x5","","","","","","12",0
"lut_entry","114","delay_template_5x5","","","","","","13",0
"lut_entry","114","delay_template_5x5","","","","","","14",0
"lut_entry","114","delay_template_5x5","","","","","","15",0
"lut_entry","114","delay_template_5x5","","","","","","16",0
"lut_entry","114","delay_template_5x5","","","","","","17",0
"lut_entry","114","delay_template_5x5","","","","","","18",0
"lut_entry","114","delay_template_5x5","","","","","","19",0
"lut_entry","114","delay_template_5x5","","","","","","20",0
"lut_entry","114","delay_template_5x5","","","","","","21",0
"lut_entry","114","delay_template_5x5","","","","","","22",0
"lut_entry","114","delay_template_5x5","","","","","","23",0
"lut_entry","114","delay_template_5x5","","","","","","24",0
"lut_entry","115","delay_template_5x5","","","","","","0",0
"lut_entry","115","delay_template_5x5","","","","","","1",0
"lut_entry","115","delay_template_5x5","","","","","","2",0
"lut_entry","115","delay_template_5x5","","","","","","3",0
"lut_entry","115","delay_template_5x5","","","","","","4",0
"lut_entry","115","delay_template_5x5","","","","","","5",0
"lut_entry","115","delay_template_5x5","","","","","","6",0
"lut_entry","115","delay_template_5x5","","","","","","7",0
"lut_entry","115","delay_template_5x5","","","","","","8",0
"lut_entry","115","delay_template_5x5","","","","","","9",0
"lut_entry","115","delay_template_5x5","","","","","","10",0
"lut_entry","115","delay_template_5x5","","","","","","11",0
"lut_entry","115","delay_template_5x5","","","","","","12",0
"lut_entry","115","delay_template_5x5","","","","","","13",0
"lut_entry","115","delay_template_5x5","","","","","","14",0
"lut_entry","115","delay_template_5x5","","","","","","15",0
"lut_entry","115","delay_template_5x5","","","","","","16",0
"lut_entry","115","delay_template_5x5","","","","","","17",0
"lut_entry","115","delay_template_5x5","","","","","","18",0
"lut_entry","115","delay_template_5x5","","","","","","19",0
"lut_entry","115","delay_template_5x5","","","","","","20",0
"lut_entry","115","delay_template_5x5","","","","","","21",0
"lut_entry","115","delay_template_5x5","","","","","","22",0
"lut_entry","115","delay_template_5x5","","","","","","23",0
"lut_entry","115","delay_template_5x5","","","","","","24",0
"lut_entry","116","delay_template_5x5","","","","","","0",0
"lut_entry","116","delay_template_5x5","","","","","","1",0
"lut_entry","116","delay_template_5x5","","","","","","2",0
"lut_entry","116","delay_template_5x5","","","","","","3",0
"lut_entry","116","delay_template_5x5","","","","","","4",0
"lut_entry","116","delay_template_5x5","","","","","","5",0
"lut_entry","116","delay_template_5x5","","","","","","6",0
"lut_entry","116","delay_template_5x5","","","","","","7",0
"lut_entry","116","delay_template_5x5","","","","","","8",0
"lut_entry","116","delay_template_5x5","","","","","","9",0
"lut_entry","116","delay_template_5x5","","","","","","10",0
"lut_entry","116","delay_template_5x5","","","","","","11",0
"lut_entry","116","delay_template_5x5","","","","","","12",0
"lut_entry","116","delay_template_5x5","","","","","","13",0
"lut_entry","116","delay_template_5x5","","","","","","14",0
"lut_entry","116","delay_template_5x5","","","","","","15",0
"lut_entry","116","delay_template_5x5","","","","","","16",0
"lut_entry","116","delay_template_5x5","","","","","","17",0
"lut_entry","116","delay_template_5x5","","","","","","18",0
"lut_entry","116","delay_template_5x5","","","","","","19",0
"lut_entry","116","delay_template_5x5","","","","","","20",0
"lut_entry","116","delay_template_5x5","","","","","","21",0
"lut_entry","116","delay_template_5x5","","","","","","22",0
"lut_entry","116","delay_template_5x5","","","","","","23",0
"lut_entry","116","delay_template_5x5","","","","","","24",0
"lut_entry","117","delay_template_5x5","","","","","","0",0
"lut_entry","117","delay_template_5x5","","","","","","1",0
"lut_entry","117","delay_template_5x5","","","","","","2",0
"lut_entry","117","delay_template_5x5","","","","","","3",0
"lut_entry","117","delay_template_5x5","","","","","","4",0
"lut_entry","117","delay_template_5x5","","","","","","5",0
"lut_entry","117","delay_template_5x5","","","","","","6",0
"lut_entry","117","delay_template_5x5","","","","","","7",0
"lut_entry","117","delay_template_5x5","","","","","","8",0
"lut_entry","117","delay_template_5x5","","","","","","9",0
"lut_entry","117","delay_template_5x5","","","","","","10",0
"lut_entry","117","delay_template_5x5","","","","","","11",0
"lut_entry","117","delay_template_5x5","","","","","","12",0
"lut_entry","117","delay_template_5x5","","","","","","13",0
"lut_entry","117","delay_template_5x5","","","","","","14",0
"lut_entry","117","delay_template_5x5","","","","","","15",0
"lut_entry","117","delay_template_5x5","","","","","","16",0
"lut_entry","117","delay_template_5x5","","","","","","17",0
"lut_entry","117","delay_template_5x5","","","","","","18",0
"lut_entry","117","delay_template_5x5","","","","","","19",0
"lut_entry","117","delay_template_5x5","","","","","","20",0
"lut_entry","117","delay_template_5x5","","","","","","21",0
"lut_entry","117","delay_template_5x5","","","","","","22",0
"lut_entry","117","delay_template_5x5","","","","","","23",0
"lut_entry","117","delay_template_5x5","","","","","","24",0
"lut_entry","118","delay_template_5x5","","","","","","0",0
"lut_entry","118","delay_template_5x5","","","","","","1",0
"lut_entry","118","delay_template_5x5","","","","","","2",0
"lut_entry","118","delay_template_5x5","","","","","","3",0
"lut_entry","118","delay_template_5x5","","","","","","4",0
"lut_entry","118","delay_template_5x5","","","","","","5",0
"lut_entry","118","delay_template_5x5","","","","","","6",0
"lut_entry","118","delay_template_5x5","","","","","","7",0
"lut_entry","118","delay_template_5x5","","","","","","8",0
"lut_entry","118","delay_template_5x5","","","","","","9",0
"lut_entry","118","delay_template_5x5","","","","","","10",0
"lut_entry","118","delay_template_5x5","","","","","","11",0
"lut_entry","118","delay_template_5x5","","","","","","12",0
"lut_entry","118","delay_template_5x5","","","","","","13",0
"lut_entry","118","delay_template_5x5","","","","","","14",0
"lut_entry","118","delay_template_5x5","","","","","","15",0
"lut_entry","118","delay_template_5x5","","","","","","16",0
"lut_entry","118","delay_template_5x5","","","","","","17",0
"lut_entry","118","delay_template_5x5","","","","","","18",0
"lut_entry","118","delay_template_5x5","","","","","","19",0
"lut_entry","118","delay_template_5x5","","","","","","20",0
"lut_entry","118","delay_template_5x5","","","","","","21",0
"lut_entry","118","delay_template_5x5","","","","","","22",0
"lut_entry","118","delay_template_5x5","","","","","","23",0
"lut_entry","118","delay_template_5x5","","","","","","24",0
"lut_entry","119","delay_template_5x5","","","","","","0",0
"lut_entry","119","delay_template_5x5","","","","","","1",0
"lut_entry","119","delay_template_5x5","","","","","","2",0
"lut_entry","119","delay_template_5x5","","","","","","3",0
"lut_entry","119","delay_template_5x5","","","","","","4",0
"lut_entry","119","delay_template_5x5","","","","","","5",0
"lut_entry","119","delay_template_5x5","","","","","","6",0
"lut_entry","119","delay_template_5x5","","","","","","7",0
"lut_entry","119","delay_template_5x5","","","","","","8",0
"lut_entry","119","delay_template_5x5","","","","","","9",0
"lut_entry","119","delay_template_5x5","","","","","","10",0
"lut_entry","119","delay_template_5x5","","","","","","11",0
"lut_entry","119","delay_template_5x5","","","","","","12",0
"lut_entry","119","delay_template_5x5","","","","","","13",0
"lut_entry","119","delay_template_5x5","","","","","","14",0
"lut_entry","119","delay_template_5x5","","","","","","15",0
"lut_entry","119","delay_template_5x5","","","","","","16",0
"lut_entry","119","delay_template_5x5","","","","","","17",0
"lut_entry","119","delay_template_5x5","","","","","","18",0
"lut_entry","119","delay_template_5x5","","","","","","19",0
"lut_entry","119","delay_template_5x5","","","","","","20",0
"lut_entry","119","delay_template_5x5","","","","","","21",0
"lut_entry","119","delay_template_5x5","","","","","","22",0
"lut_entry","119","delay_template_5x5","","","","","","23",0
"lut_entry","119","delay_template_5x5","","","","","","24",0
"lut_entry","120","delay_template_5x5","","","","","","0",0
"lut_entry","120","delay_template_5x5","","","","","","1",0
"lut_entry","120","delay_template_5x5","","","","","","2",0
"lut_entry","120","delay_template_5x5","","","","","","3",0
"lut_entry","120","delay_template_5x5","","","","","","4",0
"lut_entry","120","delay_template_5x5","","","","","","5",0
"lut_entry","120","delay_template_5x5","","","","","","6",0
"lut_entry","120","delay_template_5x5","","","","","","7",0
"lut_entry","120","delay_template_5x5","","","","","","8",0
"lut_entry","120","delay_template_5x5","","","","","","9",0
"lut_entry","120","delay_template_5x5","","","","","","10",0
"lut_entry","120","delay_template_5x5","","","","","","11",0
"lut_entry","120","delay_template_5x5","","","","","","12",0
"lut_entry","120","delay_template_5x5","","","","","","13",0
"lut_entry","120","delay_template_5x5","","","","","","14",0
"lut_entry","120","delay_template_5x5","","","","","","15",0
"lut_entry","120","delay_template_5x5","","","","","","16",0
"lut_entry","120","delay_template_5x5","","","","","","17",0
"lut_entry","120","delay_template_5x5","","","","","","18",0
"lut_entry","120","delay_template_5x5","","","","","","19",0
"lut_entry","120","delay_template_5x5","","","","","","20",0
"lut_entry","120","delay_template_5x5","","","","","","21",0
"lut_entry","120","delay_template_5x5","","","","","","22",0
"lut_entry","120","delay_template_5x5","","","","","","23",0
"lut_entry","120","delay_template_5x5","","","","","","24",0
"lut_entry","121","delay_template_5x5","","","","","","0",0
"lut_entry","121","delay_template_5x5","","","","","","1",0
"lut_entry","121","delay_template_5x5","","","","","","2",0
"lut_entry","121","delay_template_5x5","","","","","","3",0
"lut_entry","121","delay_template_5x5","","","","","","4",0
"lut_entry","121","delay_template_5x5","","","","","","5",0
"lut_entry","121","delay_template_5x5","","","","","","6",0
"lut_entry","121","delay_template_5x5","","","","","","7",0
"lut_entry","121","delay_template_5x5","","","","","","8",0
"lut_entry","121","delay_template_5x5","","","","","","9",0
"lut_entry","121","delay_template_5x5","","","","","","10",0
"lut_entry","121","delay_template_5x5","","","","","","11",0
"lut_entry","121","delay_template_5x5","","","","","","12",0
"lut_entry","121","delay_template_5x5","","","","","","13",0
"lut_entry","121","delay_template_5x5","","","","","","14",0
"lut_entry","121","delay_template_5x5","","","","","","15",0
"lut_entry","121","delay_template_5x5","","","","","","16",0
"lut_entry","121","delay_template_5x5","","","","","","17",0
"lut_entry","121","delay_template_5x5","","","","","","18",0
"lut_entry","121","delay_template_5x5","","","","","","19",0
"lut_entry","121","delay_template_5x5","","","","","","20",0
"lut_entry","121","delay_template_5x5","","","","","","21",0
"lut_entry","121","delay_template_5x5","","","","","","22",0
"lut_entry","121","delay_template_5x5","","","","","","23",0
"lut_entry","121","delay_template_5x5","","","","","","24",0
"lut_entry","122","delay_template_5x5","","","","","","0",0
"lut_entry","122","delay_template_5x5","","","","","","1",0
"lut_entry","122","delay_template_5x5","","","","","","2",0
"lut_entry","122","delay_template_5x5","","","","","","3",0
"lut_entry","122","delay_template_5x5","","","","","","4",0
"lut_entry","122","delay_template_5x5","","","","","","5",0
"lut_entry","122","delay_template_5x5","","","","","","6",0
"lut_entry","122","delay_template_5x5","","","","","","7",0
"lut_entry","122","delay_template_5x5","","","","","","8",0
"lut_entry","122","delay_template_5x5","","","","","","9",0
"lut_entry","122","delay_template_5x5","","","","","","10",0
"lut_entry","122","delay_template_5x5","","","","","","11",0
"lut_entry","122","delay_template_5x5","","","","","","12",0
"lut_entry","122","delay_template_5x5","","","","","","13",0
"lut_entry","122","delay_template_5x5","","","","","","14",0
"lut_entry","122","delay_template_5x5","","","","","","15",0
"lut_entry","122","delay_template_5x5","","","","","","16",0
"lut_entry","122","delay_template_5x5","","","","","","17",0
"lut_entry","122","delay_template_5x5","","","","","","18",0
"lut_entry","122","delay_template_5x5","","","","","","19",0
"lut_entry","122","delay_template_5x5","","","","","","20",0
"lut_entry","122","delay_template_5x5","","","","","","21",0
"lut_entry","122","delay_template_5x5","","","","","","22",0
"lut_entry","122","delay_template_5x5","","","","","","23",0
"lut_entry","122","delay_template_5x5","","","","","","24",0
"lut_entry","123","delay_template_5x5","","","","","","0",0
"lut_entry","123","delay_template_5x5","","","","","","1",0
"lut_entry","123","delay_template_5x5","","","","","","2",0
"lut_entry","123","delay_template_5x5","","","","","","3",0
"lut_entry","123","delay_template_5x5","","","","","","4",0
"lut_entry","123","delay_template_5x5","","","","","","5",0
"lut_entry","123","delay_template_5x5","","","","","","6",0
"lut_entry","123","delay_template_5x5","","","","","","7",0
"lut_entry","123","delay_template_5x5","","","","","","8",0
"lut_entry","123","delay_template_5x5","","","","","","9",0
"lut_entry","123","delay_template_5x5","","","","","","10",0
"lut_entry","123","delay_template_5x5","","","","","","11",0
"lut_entry","123","delay_template_5x5","","","","","","12",0
"lut_entry","123","delay_template_5x5","","","","","","13",0
"lut_entry","123","delay_template_5x5","","","","","","14",0
"lut_entry","123","delay_template_5x5","","","","","","15",0
"lut_entry","123","delay_template_5x5","","","","","","16",0
"lut_entry","123","delay_template_5x5","","","","","","17",0
"lut_entry","123","delay_template_5x5","","","","","","18",0
"lut_entry","123","delay_template_5x5","","","","","","19",0
"lut_entry","123","delay_template_5x5","","","","","","20",0
"lut_entry","123","delay_template_5x5","","","","","","21",0
"lut_entry","123","delay_template_5x5","","","","","","22",0
"lut_entry","123","delay_template_5x5","","","","","","23",0
"lut_entry","123","delay_template_5x5","","","","","","24",0
"lut_entry","124","delay_template_5x5","","","","","","0",0
"lut_entry","124","delay_template_5x5","","","","","","1",0
"lut_entry","124","delay_template_5x5","","","","","","2",0
"lut_entry","124","delay_template_5x5","","","","","","3",0
"lut_entry","124","delay_template_5x5","","","","","","4",0
"lut_entry","124","delay_template_5x5","","","","","","5",0
"lut_entry","124","delay_template_5x5","","","","","","6",0
"lut_entry","124","delay_template_5x5","","","","","","7",0
"lut_entry","124","delay_template_5x5","","","","","","8",0
"lut_entry","124","delay_template_5x5","","","","","","9",0
"lut_entry","124","delay_template_5x5","","","","","","10",0
"lut_entry","124","delay_template_5x5","","","","","","11",0
"lut_entry","124","delay_template_5x5","","","","","","12",0
"lut_entry","124","delay_template_5x5","","","","","","13",0
"lut_entry","124","delay_template_5x5","","","","","","14",0
"lut_entry","124","delay_template_5x5","","","","","","15",0
"lut_entry","124","delay_template_5x5","","","","","","16",0
"lut_entry","124","delay_template_5x5","","","","","","17",0
"lut_entry","124","delay_template_5x5","","","","","","18",0
"lut_entry","124","delay_template_5x5","","","","","","19",0
"lut_entry","124","delay_template_5x5","","","","","","20",0
"lut_entry","124","delay_template_5x5","","","","","","21",0
"lut_entry","124","delay_template_5x5","","","","","","22",0
"lut_entry","124","delay_template_5x5","","","","","","23",0
"lut_entry","124","delay_template_5x5","","","","","","24",0
"lut_entry","125","delay_template_5x5","","","","","","0",0
"lut_entry","125","delay_template_5x5","","","","","","1",0
"lut_entry","125","delay_template_5x5","","","","","","2",0
"lut_entry","125","delay_template_5x5","","","","","","3",0
"lut_entry","125","delay_template_5x5","","","","","","4",0
"lut_entry","125","delay_template_5x5","","","","","","5",0
"lut_entry","125","delay_template_5x5","","","","","","6",0
"lut_entry","125","delay_template_5x5","","","","","","7",0
"lut_entry","125","delay_template_5x5","","","","","","8",0
"lut_entry","125","delay_template_5x5","","","","","","9",0
"lut_entry","125","delay_template_5x5","","","","","","10",0
"lut_entry","125","delay_template_5x5","","","","","","11",0
"lut_entry","125","delay_template_5x5","","","","","","12",0
"lut_entry","125","delay_template_5x5","","","","","","13",0
"lut_entry","125","delay_template_5x5","","","","","","14",0
"lut_entry","125","delay_template_5x5","","","","","","15",0
"lut_entry","125","delay_template_5x5","","","","","","16",0
"lut_entry","125","delay_template_5x5","","","","","","17",0
"lut_entry","125","delay_template_5x5","","","","","","18",0
"lut_entry","125","delay_template_5x5","","","","","","19",0
"lut_entry","125","delay_template_5x5","","","","","","20",0
"lut_entry","125","delay_template_5x5","","","","","","21",0
"lut_entry","125","delay_template_5x5","","","","","","22",0
"lut_entry","125","delay_template_5x5","","","","","","23",0
"lut_entry","125","delay_template_5x5","","","","","","24",0
"lut_entry","126","delay_template_5x5","","","","","","0",0
"lut_entry","126","delay_template_5x5","","","","","","1",0
"lut_entry","126","delay_template_5x5","","","","","","2",0
"lut_entry","126","delay_template_5x5","","","","","","3",0
"lut_entry","126","delay_template_5x5","","","","","","4",0
"lut_entry","126","delay_template_5x5","","","","","","5",0
"lut_entry","126","delay_template_5x5","","","","","","6",0
"lut_entry","126","delay_template_5x5","","","","","","7",0
"lut_entry","126","delay_template_5x5","","","","","","8",0
"lut_entry","126","delay_template_5x5","","","","","","9",0
"lut_entry","126","delay_template_5x5","","","","","","10",0
"lut_entry","126","delay_template_5x5","","","","","","11",0
"lut_entry","126","delay_template_5x5","","","","","","12",0
"lut_entry","126","delay_template_5x5","","","","","","13",0
"lut_entry","126","delay_template_5x5","","","","","","14",0
"lut_entry","126","delay_template_5x5","","","","","","15",0
"lut_entry","126","delay_template_5x5","","","","","","16",0
"lut_entry","126","delay_template_5x5","","","","","","17",0
"lut_entry","126","delay_template_5x5","","","","","","18",0
"lut_entry","126","delay_template_5x5","","","","","","19",0
"lut_entry","126","delay_template_5x5","","","","","","20",0
"lut_entry","126","delay_template_5x5","","","","","","21",0
"lut_entry","126","delay_template_5x5","","","","","","22",0
"lut_entry","126","delay_template_5x5","","","","","","23",0
"lut_entry","126","delay_template_5x5","","","","","","24",0
"lut_entry","127","delay_template_5x5","","","","","","0",0
"lut_entry","127","delay_template_5x5","","","","","","1",0
"lut_entry","127","delay_template_5x5","","","","","","2",0
"lut_entry","127","delay_template_5x5","","","","","","3",0
"lut_entry","127","delay_template_5x5","","","","","","4",0
"lut_entry","127","delay_template_5x5","","","","","","5",0
"lut_entry","127","delay_template_5x5","","","","","","6",0
"lut_entry","127","delay_template_5x5","","","","","","7",0
"lut_entry","127","delay_template_5x5","","","","","","8",0
"lut_entry","127","delay_template_5x5","","","","","","9",0
"lut_entry","127","delay_template_5x5","","","","","","10",0
"lut_entry","127","delay_template_5x5","","","","","","11",0
"lut_entry","127","delay_template_5x5","","","","","","12",0
"lut_entry","127","delay_template_5x5","","","","","","13",0
"lut_entry","127","delay_template_5x5","","","","","","14",0
"lut_entry","127","delay_template_5x5","","","","","","15",0
"lut_entry","127","delay_template_5x5","","","","","","16",0
"lut_entry","127","delay_template_5x5","","","","","","17",0
"lut_entry","127","delay_template_5x5","","","","","","18",0
"lut_entry","127","delay_template_5x5","","","","","","19",0
"lut_entry","127","delay_template_5x5","","","","","","20",0
"lut_entry","127","delay_template_5x5","","","","","","21",0
"lut_entry","127","delay_template_5x5","","","","","","22",0
"lut_entry","127","delay_template_5x5","","","","","","23",0
"lut_entry","127","delay_template_5x5","","","","","","24",0
"lut_entry","128","delay_template_5x5","","","","","","0",0
"lut_entry","128","delay_template_5x5","","","","","","1",0
"lut_entry","128","delay_template_5x5","","","","","","2",0
"lut_entry","128","delay_template_5x5","","","","","","3",0
"lut_entry","128","delay_template_5x5","","","","","","4",0
"lut_entry","128","delay_template_5x5","","","","","","5",0
"lut_entry","128","delay_template_5x5","","","","","","6",0
"lut_entry","128","delay_template_5x5","","","","","","7",0
"lut_entry","128","delay_template_5x5","","","","","","8",0
"lut_entry","128","delay_template_5x5","","","","","","9",0
"lut_entry","128","delay_template_5x5","","","","","","10",0
"lut_entry","128","delay_template_5x5","","","","","","11",0
"lut_entry","128","delay_template_5x5","","","","","","12",0
"lut_entry","128","delay_template_5x5","","","","","","13",0
"lut_entry","128","delay_template_5x5","","","","","","14",0
"lut_entry","128","delay_template_5x5","","","","","","15",0
"lut_entry","128","delay_template_5x5","","","","","","16",0
"lut_entry","128","delay_template_5x5","","","","","","17",0
"lut_entry","128","delay_template_5x5","","","","","","18",0
"lut_entry","128","delay_template_5x5","","","","","","19",0
"lut_entry","128","delay_template_5x5","","","","","","20",0
"lut_entry","128","delay_template_5x5","","","","","","21",0
"lut_entry","128","delay_template_5x5","","","","","","22",0
"lut_entry","128","delay_template_5x5","","","","","","23",0
"lut_entry","128","delay_template_5x5","","","","","","24",0
"lut_entry","129","delay_template_5x5","","","","","","0",0
"lut_entry","129","delay_template_5x5","","","","","","1",0
"lut_entry","129","delay_template_5x5","","","","","","2",0
"lut_entry","129","delay_template_5x5","","","","","","3",0
"lut_entry","129","delay_template_5x5","","","","","","4",0
"lut_entry","129","delay_template_5x5","","","","","","5",0
"lut_entry","129","delay_template_5x5","","","","","","6",0
"lut_entry","129","delay_template_5x5","","","","","","7",0
"lut_entry","129","delay_template_5x5","","","","","","8",0
"lut_entry","129","delay_template_5x5","","","","","","9",0
"lut_entry","129","delay_template_5x5","","","","","","10",0
"lut_entry","129","delay_template_5x5","","","","","","11",0
"lut_entry","129","delay_template_5x5","","","","","","12",0
"lut_entry","129","delay_template_5x5","","","","","","13",0
"lut_entry","129","delay_template_5x5","","","","","","14",0
"lut_entry","129","delay_template_5x5","","","","","","15",0
"lut_entry","129","delay_template_5x5","","","","","","16",0
"lut_entry","129","delay_template_5x5","","","","","","17",0
"lut_entry","129","delay_template_5x5","","","","","","18",0
"lut_entry","129","delay_template_5x5","","","","","","19",0
"lut_entry","129","delay_template_5x5","","","","","","20",0
"lut_entry","129","delay_template_5x5","","","","","","21",0
"lut_entry","129","delay_template_5x5","","","","","","22",0
"lut_entry","129","delay_template_5x5","","","","","","23",0
"lut_entry","129","delay_template_5x5","","","","","","24",0
"lut_entry","130","delay_template_5x5","","","","","","0",0
"lut_entry","130","delay_template_5x5","","","","","","1",0
"lut_entry","130","delay_template_5x5","","","","","","2",0
"lut_entry","130","delay_template_5x5","","","","","","3",0
"lut_entry","130","delay_template_5x5","","","","","","4",0
"lut_entry","130","delay_template_5x5","","","","","","5",0
"lut_entry","130","delay_template_5x5","","","","","","6",0
"lut_entry","130","delay_template_5x5","","","","","","7",0
"lut_entry","130","delay_template_5x5","","","","","","8",0
"lut_entry","130","delay_template_5x5","","","","","","9",0
"lut_entry","130","delay_template_5x5","","","","","","10",0
"lut_entry","130","delay_template_5x5","","","","","","11",0
"lut_entry","130","delay_template_5x5","","","","","","12",0
"lut_entry","130","delay_template_5x5","","","","","","13",0
"lut_entry","130","delay_template_5x5","","","","","","14",0
"lut_entry","130","delay_template_5x5","","","","","","15",0
"lut_entry","130","delay_template_5x5","","","","","","16",0
"lut_entry","130","delay_template_5x5","","","","","","17",0
"lut_entry","130","delay_template_5x5","","","","","","18",0
"lut_entry","130","delay_template_5x5","","","","","","19",0
"lut_entry","130","delay_template_5x5","","","","","","20",0
"lut_entry","130","delay_template_5x5","","","","","","21",0
"lut_entry","130","delay_template_5x5","","","","","","22",0
"lut_entry","130","delay_template_5x5","","","","","","23",0
"lut_entry","130","delay_template_5x5","","","","","","24",0
"lut_entry","131","delay_template_5x5","","","","","","0",0
"lut_entry","131","delay_template_5x5","","","","","","1",0
"lut_entry","131","delay_template_5x5","","","","","","2",0
"lut_entry","131","delay_template_5x5","","","","","","3",0
"lut_entry","131","delay_template_5x5","","","","","","4",0
"lut_entry","131","delay_template_5x5","","","","","","5",0
"lut_entry","131","delay_template_5x5","","","","","","6",0
"lut_entry","131","delay_template_5x5","","","","","","7",0
"lut_entry","131","delay_template_5x5","","","","","","8",0
"lut_entry","131","delay_template_5x5","","","","","","9",0
"lut_entry","131","delay_template_5x5","","","","","","10",0
"lut_entry","131","delay_template_5x5","","","","","","11",0
"lut_entry","131","delay_template_5x5","","","","","","12",0
"lut_entry","131","delay_template_5x5","","","","","","13",0
"lut_entry","131","delay_template_5x5","","","","","","14",0
"lut_entry","131","delay_template_5x5","","","","","","15",0
"lut_entry","131","delay_template_5x5","","","","","","16",0
"lut_entry","131","delay_template_5x5","","","","","","17",0
"lut_entry","131","delay_template_5x5","","","","","","18",0
"lut_entry","131","delay_template_5x5","","","","","","19",0
"lut_entry","131","delay_template_5x5","","","","","","20",0
"lut_entry","131","delay_template_5x5","","","","","","21",0
"lut_entry","131","delay_template_5x5","","","","","","22",0
"lut_entry","131","delay_template_5x5","","","","","","23",0
"lut_entry","131","delay_template_5x5","","","","","","24",0
"lut_entry","132","delay_template_5x5","","","","","","0",0
"lut_entry","132","delay_template_5x5","","","","","","1",0
"lut_entry","132","delay_template_5x5","","","","","","2",0
"lut_entry","132","delay_template_5x5","","","","","","3",0
"lut_entry","132","delay_template_5x5","","","","","","4",0
"lut_entry","132","delay_template_5x5","","","","","","5",0
"lut_entry","132","delay_template_5x5","","","","","","6",0
"lut_entry","132","delay_template_5x5","","","","","","7",0
"lut_entry","132","delay_template_5x5","","","","","","8",0
"lut_entry","132","delay_template_5x5","","","","","","9",0
"lut_entry","132","delay_template_5x5","","","","","","10",0
"lut_entry","132","delay_template_5x5","","","","","","11",0
"lut_entry","132","delay_template_5x5","","","","","","12",0
"lut_entry","132","delay_template_5x5","","","","","","13",0
"lut_entry","132","delay_template_5x5","","","","","","14",0
"lut_entry","132","delay_template_5x5","","","","","","15",0
"lut_entry","132","delay_template_5x5","","","","","","16",0
"lut_entry","132","delay_template_5x5","","","","","","17",0
"lut_entry","132","delay_template_5x5","","","","","","18",0
"lut_entry","132","delay_template_5x5","","","","","","19",0
"lut_entry","132","delay_template_5x5","","","","","","20",0
"lut_entry","132","delay_template_5x5","","","","","","21",0
"lut_entry","132","delay_template_5x5","","","","","","22",0
"lut_entry","132","delay_template_5x5","","","","","","23",0
"lut_entry","132","delay_template_5x5","","","","","","24",0
"lut_entry","133","delay_template_5x5","","","","","","0",0
"lut_entry","133","delay_template_5x5","","","","","","1",0
"lut_entry","133","delay_template_5x5","","","","","","2",0
"lut_entry","133","delay_template_5x5","","","","","","3",0
"lut_entry","133","delay_template_5x5","","","","","","4",0
"lut_entry","133","delay_template_5x5","","","","","","5",0
"lut_entry","133","delay_template_5x5","","","","","","6",0
"lut_entry","133","delay_template_5x5","","","","","","7",0
"lut_entry","133","delay_template_5x5","","","","","","8",0
"lut_entry","133","delay_template_5x5","","","","","","9",0
"lut_entry","133","delay_template_5x5","","","","","","10",0
"lut_entry","133","delay_template_5x5","","","","","","11",0
"lut_entry","133","delay_template_5x5","","","","","","12",0
"lut_entry","133","delay_template_5x5","","","","","","13",0
"lut_entry","133","delay_template_5x5","","","","","","14",0
"lut_entry","133","delay_template_5x5","","","","","","15",0
"lut_entry","133","delay_template_5x5","","","","","","16",0
"lut_entry","133","delay_template_5x5","","","","","","17",0
"lut_entry","133","delay_template_5x5","","","","","","18",0
"lut_entry","133","delay_template_5x5","","","","","","19",0
"lut_entry","133","delay_template_5x5","","","","","","20",0
"lut_entry","133","delay_template_5x5","","","","","","21",0
"lut_entry","133","delay_template_5x5","","","","","","22",0
"lut_entry","133","delay_template_5x5","","","","","","23",0
"lut_entry","133","delay_template_5x5","","","","","","24",0
"lut_entry","134","delay_template_5x5","","","","","","0",0
"lut_entry","134","delay_template_5x5","","","","","","1",0
"lut_entry","134","delay_template_5x5","","","","","","2",0
"lut_entry","134","delay_template_5x5","","","","","","3",0
"lut_entry","134","delay_template_5x5","","","","","","4",0
"lut_entry","134","delay_template_5x5","","","","","","5",0
"lut_entry","134","delay_template_5x5","","","","","","6",0
"lut_entry","134","delay_template_5x5","","","","","","7",0
"lut_entry","134","delay_template_5x5","","","","","","8",0
"lut_entry","134","delay_template_5x5","","","","","","9",0
"lut_entry","134","delay_template_5x5","","","","","","10",0
"lut_entry","134","delay_template_5x5","","","","","","11",0
"lut_entry","134","delay_template_5x5","","","","","","12",0
"lut_entry","134","delay_template_5x5","","","","","","13",0
"lut_entry","134","delay_template_5x5","","","","","","14",0
"lut_entry","134","delay_template_5x5","","","","","","15",0
"lut_entry","134","delay_template_5x5","","","","","","16",0
"lut_entry","134","delay_template_5x5","","","","","","17",0
"lut_entry","134","delay_template_5x5","","","","","","18",0
"lut_entry","134","delay_template_5x5","","","","","","19",0
"lut_entry","134","delay_template_5x5","","","","","","20",0
"lut_entry","134","delay_template_5x5","","","","","","21",0
"lut_entry","134","delay_template_5x5","","","","","","22",0
"lut_entry","134","delay_template_5x5","","","","","","23",0
"lut_entry","134","delay_template_5x5","","","","","","24",0
"lut_entry","135","delay_template_5x5","","","","","","0",0
"lut_entry","135","delay_template_5x5","","","","","","1",0
"lut_entry","135","delay_template_5x5","","","","","","2",0
"lut_entry","135","delay_template_5x5","","","","","","3",0
"lut_entry","135","delay_template_5x5","","","","","","4",0
"lut_entry","135","delay_template_5x5","","","","","","5",0
"lut_entry","135","delay_template_5x5","","","","","","6",0
"lut_entry","135","delay_template_5x5","","","","","","7",0
"lut_entry","135","delay_template_5x5","","","","","","8",0
"lut_entry","135","delay_template_5x5","","","","","","9",0
"lut_entry","135","delay_template_5x5","","","","","","10",0
"lut_entry","135","delay_template_5x5","","","","","","11",0
"lut_entry","135","delay_template_5x5","","","","","","12",0
"lut_entry","135","delay_template_5x5","","","","","","13",0
"lut_entry","135","delay_template_5x5","","","","","","14",0
"lut_entry","135","delay_template_5x5","","","","","","15",0
"lut_entry","135","delay_template_5x5","","","","","","16",0
"lut_entry","135","delay_template_5x5","","","","","","17",0
"lut_entry","135","delay_template_5x5","","","","","","18",0
"lut_entry","135","delay_template_5x5","","","","","","19",0
"lut_entry","135","delay_template_5x5","","","","","","20",0
"lut_entry","135","delay_template_5x5","","","","","","21",0
"lut_entry","135","delay_template_5x5","","","","","","22",0
"lut_entry","135","delay_template_5x5","","","","","","23",0
"lut_entry","135","delay_template_5x5","","","","","","24",0
"lut_entry","136","delay_template_5x5","","","","","","0",0
"lut_entry","136","delay_template_5x5","","","","","","1",0
"lut_entry","136","delay_template_5x5","","","","","","2",0
"lut_entry","136","delay_template_5x5","","","","","","3",0
"lut_entry","136","delay_template_5x5","","","","","","4",0
"lut_entry","136","delay_template_5x5","","","","","","5",0
"lut_entry","136","delay_template_5x5","","","","","","6",0
"lut_entry","136","delay_template_5x5","","","","","","7",0
"lut_entry","136","delay_template_5x5","","","","","","8",0
"lut_entry","136","delay_template_5x5","","","","","","9",0
"lut_entry","136","delay_template_5x5","","","","","","10",0
"lut_entry","136","delay_template_5x5","","","","","","11",0
"lut_entry","136","delay_template_5x5","","","","","","12",0
"lut_entry","136","delay_template_5x5","","","","","","13",0
"lut_entry","136","delay_template_5x5","","","","","","14",0
"lut_entry","136","delay_template_5x5","","","","","","15",0
"lut_entry","136","delay_template_5x5","","","","","","16",0
"lut_entry","136","delay_template_5x5","","","","","","17",0
"lut_entry","136","delay_template_5x5","","","","","","18",0
"lut_entry","136","delay_template_5x5","","","","","","19",0
"lut_entry","136","delay_template_5x5","","","","","","20",0
"lut_entry","136","delay_template_5x5","","","","","","21",0
"lut_entry","136","delay_template_5x5","","","","","","22",0
"lut_entry","136","delay_template_5x5","","","","","","23",0
"lut_entry","136","delay_template_5x5","","","","","","24",0
"lut_entry","137","delay_template_5x5","","","","","","0",0
"lut_entry","137","delay_template_5x5","","","","","","1",0
"lut_entry","137","delay_template_5x5","","","","","","2",0
"lut_entry","137","delay_template_5x5","","","","","","3",0
"lut_entry","137","delay_template_5x5","","","","","","4",0
"lut_entry","137","delay_template_5x5","","","","","","5",0
"lut_entry","137","delay_template_5x5","","","","","","6",0
"lut_entry","137","delay_template_5x5","","","","","","7",0
"lut_entry","137","delay_template_5x5","","","","","","8",0
"lut_entry","137","delay_template_5x5","","","","","","9",0
"lut_entry","137","delay_template_5x5","","","","","","10",0
"lut_entry","137","delay_template_5x5","","","","","","11",0
"lut_entry","137","delay_template_5x5","","","","","","12",0
"lut_entry","137","delay_template_5x5","","","","","","13",0
"lut_entry","137","delay_template_5x5","","","","","","14",0
"lut_entry","137","delay_template_5x5","","","","","","15",0
"lut_entry","137","delay_template_5x5","","","","","","16",0
"lut_entry","137","delay_template_5x5","","","","","","17",0
"lut_entry","137","delay_template_5x5","","","","","","18",0
"lut_entry","137","delay_template_5x5","","","","","","19",0
"lut_entry","137","delay_template_5x5","","","","","","20",0
"lut_entry","137","delay_template_5x5","","","","","","21",0
"lut_entry","137","delay_template_5x5","","","","","","22",0
"lut_entry","137","delay_template_5x5","","","","","","23",0
"lut_entry","137","delay_template_5x5","","","","","","24",0
"lut_entry","138","delay_template_5x5","","","","","","0",0
"lut_entry","138","delay_template_5x5","","","","","","1",0
"lut_entry","138","delay_template_5x5","","","","","","2",0
"lut_entry","138","delay_template_5x5","","","","","","3",0
"lut_entry","138","delay_template_5x5","","","","","","4",0
"lut_entry","138","delay_template_5x5","","","","","","5",0
"lut_entry","138","delay_template_5x5","","","","","","6",0
"lut_entry","138","delay_template_5x5","","","","","","7",0
"lut_entry","138","delay_template_5x5","","","","","","8",0
"lut_entry","138","delay_template_5x5","","","","","","9",0
"lut_entry","138","delay_template_5x5","","","","","","10",0
"lut_entry","138","delay_template_5x5","","","","","","11",0
"lut_entry","138","delay_template_5x5","","","","","","12",0
"lut_entry","138","delay_template_5x5","","","","","","13",0
"lut_entry","138","delay_template_5x5","","","","","","14",0
"lut_entry","138","delay_template_5x5","","","","","","15",0
"lut_entry","138","delay_template_5x5","","","","","","16",0
"lut_entry","138","delay_template_5x5","","","","","","17",0
"lut_entry","138","delay_template_5x5","","","","","","18",0
"lut_entry","138","delay_template_5x5","","","","","","19",0
"lut_entry","138","delay_template_5x5","","","","","","20",0
"lut_entry","138","delay_template_5x5","","","","","","21",0
"lut_entry","138","delay_template_5x5","","","","","","22",0
"lut_entry","138","delay_template_5x5","","","","","","23",0
"lut_entry","138","delay_template_5x5","","","","","","24",0
"lut_entry","139","delay_template_5x5","","","","","","0",0
"lut_entry","139","delay_template_5x5","","","","","","1",0
"lut_entry","139","delay_template_5x5","","","","","","2",0
"lut_entry","139","delay_template_5x5","","","","","","3",0
"lut_entry","139","delay_template_5x5","","","","","","4",0
"lut_entry","139","delay_template_5x5","","","","","","5",0
"lut_entry","139","delay_template_5x5","","","","","","6",0
"lut_entry","139","delay_template_5x5","","","","","","7",0
"lut_entry","139","delay_template_5x5","","","","","","8",0
"lut_entry","139","delay_template_5x5","","","","","","9",0
"lut_entry","139","delay_template_5x5","","","","","","10",0
"lut_entry","139","delay_template_5x5","","","","","","11",0
"lut_entry","139","delay_template_5x5","","","","","","12",0
"lut_entry","139","delay_template_5x5","","","","","","13",0
"lut_entry","139","delay_template_5x5","","","","","","14",0
"lut_entry","139","delay_template_5x5","","","","","","15",0
"lut_entry","139","delay_template_5x5","","","","","","16",0
"lut_entry","139","delay_template_5x5","","","","","","17",0
"lut_entry","139","delay_template_5x5","","","","","","18",0
"lut_entry","139","delay_template_5x5","","","","","","19",0
"lut_entry","139","delay_template_5x5","","","","","","20",0
"lut_entry","139","delay_template_5x5","","","","","","21",0
"lut_entry","139","delay_template_5x5","","","","","","22",0
"lut_entry","139","delay_template_5x5","","","","","","23",0
"lut_entry","139","delay_template_5x5","","","","","","24",0
"lut_entry","140","delay_template_5x5","","","","","","0",0
"lut_entry","140","delay_template_5x5","","","","","","1",0
"lut_entry","140","delay_template_5x5","","","","","","2",0
"lut_entry","140","delay_template_5x5","","","","","","3",0
"lut_entry","140","delay_template_5x5","","","","","","4",0
"lut_entry","140","delay_template_5x5","","","","","","5",0
"lut_entry","140","delay_template_5x5","","","","","","6",0
"lut_entry","140","delay_template_5x5","","","","","","7",0
"lut_entry","140","delay_template_5x5","","","","","","8",0
"lut_entry","140","delay_template_5x5","","","","","","9",0
"lut_entry","140","delay_template_5x5","","","","","","10",0
"lut_entry","140","delay_template_5x5","","","","","","11",0
"lut_entry","140","delay_template_5x5","","","","","","12",0
"lut_entry","140","delay_template_5x5","","","","","","13",0
"lut_entry","140","delay_template_5x5","","","","","","14",0
"lut_entry","140","delay_template_5x5","","","","","","15",0
"lut_entry","140","delay_template_5x5","","","","","","16",0
"lut_entry","140","delay_template_5x5","","","","","","17",0
"lut_entry","140","delay_template_5x5","","","","","","18",0
"lut_entry","140","delay_template_5x5","","","","","","19",0
"lut_entry","140","delay_template_5x5","","","","","","20",0
"lut_entry","140","delay_template_5x5","","","","","","21",0
"lut_entry","140","delay_template_5x5","","","","","","22",0
"lut_entry","140","delay_template_5x5","","","","","","23",0
"lut_entry","140","delay_template_5x5","","","","","","24",0
"lut_entry","141","delay_template_5x5","","","","","","0",0
"lut_entry","141","delay_template_5x5","","","","","","1",0
"lut_entry","141","delay_template_5x5","","","","","","2",0
"lut_entry","141","delay_template_5x5","","","","","","3",0
"lut_entry","141","delay_template_5x5","","","","","","4",0
"lut_entry","141","delay_template_5x5","","","","","","5",0
"lut_entry","141","delay_template_5x5","","","","","","6",0
"lut_entry","141","delay_template_5x5","","","","","","7",0
"lut_entry","141","delay_template_5x5","","","","","","8",0
"lut_entry","141","delay_template_5x5","","","","","","9",0
"lut_entry","141","delay_template_5x5","","","","","","10",0
"lut_entry","141","delay_template_5x5","","","","","","11",0
"lut_entry","141","delay_template_5x5","","","","","","12",0
"lut_entry","141","delay_template_5x5","","","","","","13",0
"lut_entry","141","delay_template_5x5","","","","","","14",0
"lut_entry","141","delay_template_5x5","","","","","","15",0
"lut_entry","141","delay_template_5x5","","","","","","16",0
"lut_entry","141","delay_template_5x5","","","","","","17",0
"lut_entry","141","delay_template_5x5","","","","","","18",0
"lut_entry","141","delay_template_5x5","","","","","","19",0
"lut_entry","141","delay_template_5x5","","","","","","20",0
"lut_entry","141","delay_template_5x5","","","","","","21",0
"lut_entry","141","delay_template_5x5","","","","","","22",0
"lut_entry","141","delay_template_5x5","","","","","","23",0
"lut_entry","141","delay_template_5x5","","","","","","24",0
"lut_entry","142","delay_template_5x5","","","","","","0",0
"lut_entry","142","delay_template_5x5","","","","","","1",0
"lut_entry","142","delay_template_5x5","","","","","","2",0
"lut_entry","142","delay_template_5x5","","","","","","3",0
"lut_entry","142","delay_template_5x5","","","","","","4",0
"lut_entry","142","delay_template_5x5","","","","","","5",0
"lut_entry","142","delay_template_5x5","","","","","","6",0
"lut_entry","142","delay_template_5x5","","","","","","7",0
"lut_entry","142","delay_template_5x5","","","","","","8",0
"lut_entry","142","delay_template_5x5","","","","","","9",0
"lut_entry","142","delay_template_5x5","","","","","","10",0
"lut_entry","142","delay_template_5x5","","","","","","11",0
"lut_entry","142","delay_template_5x5","","","","","","12",0
"lut_entry","142","delay_template_5x5","","","","","","13",0
"lut_entry","142","delay_template_5x5","","","","","","14",0
"lut_entry","142","delay_template_5x5","","","","","","15",0
"lut_entry","142","delay_template_5x5","","","","","","16",0
"lut_entry","142","delay_template_5x5","","","","","","17",0
"lut_entry","142","delay_template_5x5","","","","","","18",0
"lut_entry","142","delay_template_5x5","","","","","","19",0
"lut_entry","142","delay_template_5x5","","","","","","20",0
"lut_entry","142","delay_template_5x5","","","","","","21",0
"lut_entry","142","delay_template_5x5","","","","","","22",0
"lut_entry","142","delay_template_5x5","","","","","","23",0
"lut_entry","142","delay_template_5x5","","","","","","24",0
"lut_entry","143","delay_template_5x5","","","","","","0",0
"lut_entry","143","delay_template_5x5","","","","","","1",0
"lut_entry","143","delay_template_5x5","","","","","","2",0
"lut_entry","143","delay_template_5x5","","","","","","3",0
"lut_entry","143","delay_template_5x5","","","","","","4",0
"lut_entry","143","delay_template_5x5","","","","","","5",0
"lut_entry","143","delay_template_5x5","","","","","","6",0
"lut_entry","143","delay_template_5x5","","","","","","7",0
"lut_entry","143","delay_template_5x5","","","","","","8",0
"lut_entry","143","delay_template_5x5","","","","","","9",0
"lut_entry","143","delay_template_5x5","","","","","","10",0
"lut_entry","143","delay_template_5x5","","","","","","11",0
"lut_entry","143","delay_template_5x5","","","","","","12",0
"lut_entry","143","delay_template_5x5","","","","","","13",0
"lut_entry","143","delay_template_5x5","","","","","","14",0
"lut_entry","143","delay_template_5x5","","","","","","15",0
"lut_entry","143","delay_template_5x5","","","","","","16",0
"lut_entry","143","delay_template_5x5","","","","","","17",0
"lut_entry","143","delay_template_5x5","","","","","","18",0
"lut_entry","143","delay_template_5x5","","","","","","19",0
"lut_entry","143","delay_template_5x5","","","","","","20",0
"lut_entry","143","delay_template_5x5","","","","","","21",0
"lut_entry","143","delay_template_5x5","","","","","","22",0
"lut_entry","143","delay_template_5x5","","","","","","23",0
"lut_entry","143","delay_template_5x5","","","","","","24",0
"lut_entry","144","delay_template_5x5","","","","","","0",0
"lut_entry","144","delay_template_5x5","","","","","","1",0
"lut_entry","144","delay_template_5x5","","","","","","2",0
"lut_entry","144","delay_template_5x5","","","","","","3",0
"lut_entry","144","delay_template_5x5","","","","","","4",0
"lut_entry","144","delay_template_5x5","","","","","","5",0
"lut_entry","144","delay_template_5x5","","","","","","6",0
"lut_entry","144","delay_template_5x5","","","","","","7",0
"lut_entry","144","delay_template_5x5","","","","","","8",0
"lut_entry","144","delay_template_5x5","","","","","","9",0
"lut_entry","144","delay_template_5x5","","","","","","10",0
"lut_entry","144","delay_template_5x5","","","","","","11",0
"lut_entry","144","delay_template_5x5","","","","","","12",0
"lut_entry","144","delay_template_5x5","","","","","","13",0
"lut_entry","144","delay_template_5x5","","","","","","14",0
"lut_entry","144","delay_template_5x5","","","","","","15",0
"lut_entry","144","delay_template_5x5","","","","","","16",0
"lut_entry","144","delay_template_5x5","","","","","","17",0
"lut_entry","144","delay_template_5x5","","","","","","18",0
"lut_entry","144","delay_template_5x5","","","","","","19",0
"lut_entry","144","delay_template_5x5","","","","","","20",0
"lut_entry","144","delay_template_5x5","","","","","","21",0
"lut_entry","144","delay_template_5x5","","","","","","22",0
"lut_entry","144","delay_template_5x5","","","","","","23",0
"lut_entry","144","delay_template_5x5","","","","","","24",0
"lut_entry","145","delay_template_5x5","","","","","","0",0
"lut_entry","145","delay_template_5x5","","","","","","1",0
"lut_entry","145","delay_template_5x5","","","","","","2",0
"lut_entry","145","delay_template_5x5","","","","","","3",0
"lut_entry","145","delay_template_5x5","","","","","","4",0
"lut_entry","145","delay_template_5x5","","","","","","5",0
"lut_entry","145","delay_template_5x5","","","","","","6",0
"lut_entry","145","delay_template_5x5","","","","","","7",0
"lut_entry","145","delay_template_5x5","","","","","","8",0
"lut_entry","145","delay_template_5x5","","","","","","9",0
"lut_entry","145","delay_template_5x5","","","","","","10",0
"lut_entry","145","delay_template_5x5","","","","","","11",0
"lut_entry","145","delay_template_5x5","","","","","","12",0
"lut_entry","145","delay_template_5x5","","","","","","13",0
"lut_entry","145","delay_template_5x5","","","","","","14",0
"lut_entry","145","delay_template_5x5","","","","","","15",0
"lut_entry","145","delay_template_5x5","","","","","","16",0
"lut_entry","145","delay_template_5x5","","","","","","17",0
"lut_entry","145","delay_template_5x5","","","","","","18",0
"lut_entry","145","delay_template_5x5","","","","","","19",0
"lut_entry","145","delay_template_5x5","","","","","","20",0
"lut_entry","145","delay_template_5x5","","","","","","21",0
"lut_entry","145","delay_template_5x5","","","","","","22",0
"lut_entry","145","delay_template_5x5","","","","","","23",0
"lut_entry","145","delay_template_5x5","","","","","","24",0
"lut_entry","146","delay_template_5x5","","","","","","0",0
"lut_entry","146","delay_template_5x5","","","","","","1",0
"lut_entry","146","delay_template_5x5","","","","","","2",0
"lut_entry","146","delay_template_5x5","","","","","","3",0
"lut_entry","146","delay_template_5x5","","","","","","4",0
"lut_entry","146","delay_template_5x5","","","","","","5",0
"lut_entry","146","delay_template_5x5","","","","","","6",0
"lut_entry","146","delay_template_5x5","","","","","","7",0
"lut_entry","146","delay_template_5x5","","","","","","8",0
"lut_entry","146","delay_template_5x5","","","","","","9",0
"lut_entry","146","delay_template_5x5","","","","","","10",0
"lut_entry","146","delay_template_5x5","","","","","","11",0
"lut_entry","146","delay_template_5x5","","","","","","12",0
"lut_entry","146","delay_template_5x5","","","","","","13",0
"lut_entry","146","delay_template_5x5","","","","","","14",0
"lut_entry","146","delay_template_5x5","","","","","","15",0
"lut_entry","146","delay_template_5x5","","","","","","16",0
"lut_entry","146","delay_template_5x5","","","","","","17",0
"lut_entry","146","delay_template_5x5","","","","","","18",0
"lut_entry","146","delay_template_5x5","","","","","","19",0
"lut_entry","146","delay_template_5x5","","","","","","20",0
"lut_entry","146","delay_template_5x5","","","","","","21",0
"lut_entry","146","delay_template_5x5","","","","","","22",0
"lut_entry","146","delay_template_5x5","","","","","","23",0
"lut_entry","146","delay_template_5x5","","","","","","24",0
"lut_entry","147","delay_template_5x5","","","","","","0",0
"lut_entry","147","delay_template_5x5","","","","","","1",0
"lut_entry","147","delay_template_5x5","","","","","","2",0
"lut_entry","147","delay_template_5x5","","","","","","3",0
"lut_entry","147","delay_template_5x5","","","","","","4",0
"lut_entry","147","delay_template_5x5","","","","","","5",0
"lut_entry","147","delay_template_5x5","","","","","","6",0
"lut_entry","147","delay_template_5x5","","","","","","7",0
"lut_entry","147","delay_template_5x5","","","","","","8",0
"lut_entry","147","delay_template_5x5","","","","","","9",0
"lut_entry","147","delay_template_5x5","","","","","","10",0
"lut_entry","147","delay_template_5x5","","","","","","11",0
"lut_entry","147","delay_template_5x5","","","","","","12",0
"lut_entry","147","delay_template_5x5","","","","","","13",0
"lut_entry","147","delay_template_5x5","","","","","","14",0
"lut_entry","147","delay_template_5x5","","","","","","15",0
"lut_entry","147","delay_template_5x5","","","","","","16",0
"lut_entry","147","delay_template_5x5","","","","","","17",0
"lut_entry","147","delay_template_5x5","","","","","","18",0
"lut_entry","147","delay_template_5x5","","","","","","19",0
"lut_entry","147","delay_template_5x5","","","","","","20",0
"lut_entry","147","delay_template_5x5","","","","","","21",0
"lut_entry","147","delay_template_5x5","","","","","","22",0
"lut_entry","147","delay_template_5x5","","","","","","23",0
"lut_entry","147","delay_template_5x5","","","","","","24",0
"lut_entry","148","delay_template_5x5","","","","","","0",0
"lut_entry","148","delay_template_5x5","","","","","","1",0
"lut_entry","148","delay_template_5x5","","","","","","2",0
"lut_entry","148","delay_template_5x5","","","","","","3",0
"lut_entry","148","delay_template_5x5","","","","","","4",0
"lut_entry","148","delay_template_5x5","","","","","","5",0
"lut_entry","148","delay_template_5x5","","","","","","6",0
"lut_entry","148","delay_template_5x5","","","","","","7",0
"lut_entry","148","delay_template_5x5","","","","","","8",0
"lut_entry","148","delay_template_5x5","","","","","","9",0
"lut_entry","148","delay_template_5x5","","","","","","10",0
"lut_entry","148","delay_template_5x5","","","","","","11",0
"lut_entry","148","delay_template_5x5","","","","","","12",0
"lut_entry","148","delay_template_5x5","","","","","","13",0
"lut_entry","148","delay_template_5x5","","","","","","14",0
"lut_entry","148","delay_template_5x5","","","","","","15",0
"lut_entry","148","delay_template_5x5","","","","","","16",0
"lut_entry","148","delay_template_5x5","","","","","","17",0
"lut_entry","148","delay_template_5x5","","","","","","18",0
"lut_entry","148","delay_template_5x5","","","","","","19",0
"lut_entry","148","delay_template_5x5","","","","","","20",0
"lut_entry","148","delay_template_5x5","","","","","","21",0
"lut_entry","148","delay_template_5x5","","","","","","22",0
"lut_entry","148","delay_template_5x5","","","","","","23",0
"lut_entry","148","delay_template_5x5","","","","","","24",0
"lut_entry","149","delay_template_5x5","","","","","","0",0
"lut_entry","149","delay_template_5x5","","","","","","1",0
"lut_entry","149","delay_template_5x5","","","","","","2",0
"lut_entry","149","delay_template_5x5","","","","","","3",0
"lut_entry","149","delay_template_5x5","","","","","","4",0
"lut_entry","149","delay_template_5x5","","","","","","5",0
"lut_entry","149","delay_template_5x5","","","","","","6",0
"lut_entry","149","delay_template_5x5","","","","","","7",0
"lut_entry","149","delay_template_5x5","","","","","","8",0
"lut_entry","149","delay_template_5x5","","","","","","9",0
"lut_entry","149","delay_template_5x5","","","","","","10",0
"lut_entry","149","delay_template_5x5","","","","","","11",0
"lut_entry","149","delay_template_5x5","","","","","","12",0
"lut_entry","149","delay_template_5x5","","","","","","13",0
"lut_entry","149","delay_template_5x5","","","","","","14",0
"lut_entry","149","delay_template_5x5","","","","","","15",0
"lut_entry","149","delay_template_5x5","","","","","","16",0
"lut_entry","149","delay_template_5x5","","","","","","17",0
"lut_entry","149","delay_template_5x5","","","","","","18",0
"lut_entry","149","delay_template_5x5","","","","","","19",0
"lut_entry","149","delay_template_5x5","","","","","","20",0
"lut_entry","149","delay_template_5x5","","","","","","21",0
"lut_entry","149","delay_template_5x5","","","","","","22",0
"lut_entry","149","delay_template_5x5","","","","","","23",0
"lut_entry","149","delay_template_5x5","","","","","","24",0
"lut_entry","150","delay_template_5x5","","","","","","0",0
"lut_entry","150","delay_template_5x5","","","","","","1",0
"lut_entry","150","delay_template_5x5","","","","","","2",0
"lut_entry","150","delay_template_5x5","","","","","","3",0
"lut_entry","150","delay_template_5x5","","","","","","4",0
"lut_entry","150","delay_template_5x5","","","","","","5",0
"lut_entry","150","delay_template_5x5","","","","","","6",0
"lut_entry","150","delay_template_5x5","","","","","","7",0
"lut_entry","150","delay_template_5x5","","","","","","8",0
"lut_entry","150","delay_template_5x5","","","","","","9",0
"lut_entry","150","delay_template_5x5","","","","","","10",0
"lut_entry","150","delay_template_5x5","","","","","","11",0
"lut_entry","150","delay_template_5x5","","","","","","12",0
"lut_entry","150","delay_template_5x5","","","","","","13",0
"lut_entry","150","delay_template_5x5","","","","","","14",0
"lut_entry","150","delay_template_5x5","","","","","","15",0
"lut_entry","150","delay_template_5x5","","","","","","16",0
"lut_entry","150","delay_template_5x5","","","","","","17",0
"lut_entry","150","delay_template_5x5","","","","","","18",0
"lut_entry","150","delay_template_5x5","","","","","","19",0
"lut_entry","150","delay_template_5x5","","","","","","20",0
"lut_entry","150","delay_template_5x5","","","","","","21",0
"lut_entry","150","delay_template_5x5","","","","","","22",0
"lut_entry","150","delay_template_5x5","","","","","","23",0
"lut_entry","150","delay_template_5x5","","","","","","24",0
"lut_entry","151","delay_template_5x5","","","","","","0",0
"lut_entry","151","delay_template_5x5","","","","","","1",0
"lut_entry","151","delay_template_5x5","","","","","","2",0
"lut_entry","151","delay_template_5x5","","","","","","3",0
"lut_entry","151","delay_template_5x5","","","","","","4",0
"lut_entry","151","delay_template_5x5","","","","","","5",0
"lut_entry","151","delay_template_5x5","","","","","","6",0
"lut_entry","151","delay_template_5x5","","","","","","7",0
"lut_entry","151","delay_template_5x5","","","","","","8",0
"lut_entry","151","delay_template_5x5","","","","","","9",0
"lut_entry","151","delay_template_5x5","","","","","","10",0
"lut_entry","151","delay_template_5x5","","","","","","11",0
"lut_entry","151","delay_template_5x5","","","","","","12",0
"lut_entry","151","delay_template_5x5","","","","","","13",0
"lut_entry","151","delay_template_5x5","","","","","","14",0
"lut_entry","151","delay_template_5x5","","","","","","15",0
"lut_entry","151","delay_template_5x5","","","","","","16",0
"lut_entry","151","delay_template_5x5","","","","","","17",0
"lut_entry","151","delay_template_5x5","","","","","","18",0
"lut_entry","151","delay_template_5x5","","","","","","19",0
"lut_entry","151","delay_template_5x5","","","","","","20",0
"lut_entry","151","delay_template_5x5","","","","","","21",0
"lut_entry","151","delay_template_5x5","","","","","","22",0
"lut_entry","151","delay_template_5x5","","","","","","23",0
"lut_entry","151","delay_template_5x5","","","","","","24",0
"lut_entry","152","delay_template_5x5","","","","","","0",0
"lut_entry","152","delay_template_5x5","","","","","","1",0
"lut_entry","152","delay_template_5x5","","","","","","2",0
"lut_entry","152","delay_template_5x5","","","","","","3",0
"lut_entry","152","delay_template_5x5","","","","","","4",0
"lut_entry","152","delay_template_5x5","","","","","","5",0
"lut_entry","152","delay_template_5x5","","","","","","6",0
"lut_entry","152","delay_template_5x5","","","","","","7",0
"lut_entry","152","delay_template_5x5","","","","","","8",0
"lut_entry","152","delay_template_5x5","","","","","","9",0
"lut_entry","152","delay_template_5x5","","","","","","10",0
"lut_entry","152","delay_template_5x5","","","","","","11",0
"lut_entry","152","delay_template_5x5","","","","","","12",0
"lut_entry","152","delay_template_5x5","","","","","","13",0
"lut_entry","152","delay_template_5x5","","","","","","14",0
"lut_entry","152","delay_template_5x5","","","","","","15",0
"lut_entry","152","delay_template_5x5","","","","","","16",0
"lut_entry","152","delay_template_5x5","","","","","","17",0
"lut_entry","152","delay_template_5x5","","","","","","18",0
"lut_entry","152","delay_template_5x5","","","","","","19",0
"lut_entry","152","delay_template_5x5","","","","","","20",0
"lut_entry","152","delay_template_5x5","","","","","","21",0
"lut_entry","152","delay_template_5x5","","","","","","22",0
"lut_entry","152","delay_template_5x5","","","","","","23",0
"lut_entry","152","delay_template_5x5","","","","","","24",0
"lut_entry","153","delay_template_5x5","","","","","","0",0
"lut_entry","153","delay_template_5x5","","","","","","1",0
"lut_entry","153","delay_template_5x5","","","","","","2",0
"lut_entry","153","delay_template_5x5","","","","","","3",0
"lut_entry","153","delay_template_5x5","","","","","","4",0
"lut_entry","153","delay_template_5x5","","","","","","5",0
"lut_entry","153","delay_template_5x5","","","","","","6",0
"lut_entry","153","delay_template_5x5","","","","","","7",0
"lut_entry","153","delay_template_5x5","","","","","","8",0
"lut_entry","153","delay_template_5x5","","","","","","9",0
"lut_entry","153","delay_template_5x5","","","","","","10",0
"lut_entry","153","delay_template_5x5","","","","","","11",0
"lut_entry","153","delay_template_5x5","","","","","","12",0
"lut_entry","153","delay_template_5x5","","","","","","13",0
"lut_entry","153","delay_template_5x5","","","","","","14",0
"lut_entry","153","delay_template_5x5","","","","","","15",0
"lut_entry","153","delay_template_5x5","","","","","","16",0
"lut_entry","153","delay_template_5x5","","","","","","17",0
"lut_entry","153","delay_template_5x5","","","","","","18",0
"lut_entry","153","delay_template_5x5","","","","","","19",0
"lut_entry","153","delay_template_5x5","","","","","","20",0
"lut_entry","153","delay_template_5x5","","","","","","21",0
"lut_entry","153","delay_template_5x5","","","","","","22",0
"lut_entry","153","delay_template_5x5","","","","","","23",0
"lut_entry","153","delay_template_5x5","","","","","","24",0
"lut_entry","154","delay_template_5x5","","","","","","0",0
"lut_entry","154","delay_template_5x5","","","","","","1",0
"lut_entry","154","delay_template_5x5","","","","","","2",0
"lut_entry","154","delay_template_5x5","","","","","","3",0
"lut_entry","154","delay_template_5x5","","","","","","4",0
"lut_entry","154","delay_template_5x5","","","","","","5",0
"lut_entry","154","delay_template_5x5","","","","","","6",0
"lut_entry","154","delay_template_5x5","","","","","","7",0
"lut_entry","154","delay_template_5x5","","","","","","8",0
"lut_entry","154","delay_template_5x5","","","","","","9",0
"lut_entry","154","delay_template_5x5","","","","","","10",0
"lut_entry","154","delay_template_5x5","","","","","","11",0
"lut_entry","154","delay_template_5x5","","","","","","12",0
"lut_entry","154","delay_template_5x5","","","","","","13",0
"lut_entry","154","delay_template_5x5","","","","","","14",0
"lut_entry","154","delay_template_5x5","","","","","","15",0
"lut_entry","154","delay_template_5x5","","","","","","16",0
"lut_entry","154","delay_template_5x5","","","","","","17",0
"lut_entry","154","delay_template_5x5","","","","","","18",0
"lut_entry","154","delay_template_5x5","","","","","","19",0
"lut_entry","154","delay_template_5x5","","","","","","20",0
"lut_entry","154","delay_template_5x5","","","","","","21",0
"lut_entry","154","delay_template_5x5","","","","","","22",0
"lut_entry","154","delay_template_5x5","","","","","","23",0
"lut_entry","154","delay_template_5x5","","","","","","24",0
"lut_entry","155","delay_template_5x5","","","","","","0",0
"lut_entry","155","delay_template_5x5","","","","","","1",0
"lut_entry","155","delay_template_5x5","","","","","","2",0
"lut_entry","155","delay_template_5x5","","","","","","3",0
"lut_entry","155","delay_template_5x5","","","","","","4",0
"lut_entry","155","delay_template_5x5","","","","","","5",0
"lut_entry","155","delay_template_5x5","","","","","","6",0
"lut_entry","155","delay_template_5x5","","","","","","7",0
"lut_entry","155","delay_template_5x5","","","","","","8",0
"lut_entry","155","delay_template_5x5","","","","","","9",0
"lut_entry","155","delay_template_5x5","","","","","","10",0
"lut_entry","155","delay_template_5x5","","","","","","11",0
"lut_entry","155","delay_template_5x5","","","","","","12",0
"lut_entry","155","delay_template_5x5","","","","","","13",0
"lut_entry","155","delay_template_5x5","","","","","","14",0
"lut_entry","155","delay_template_5x5","","","","","","15",0
"lut_entry","155","delay_template_5x5","","","","","","16",0
"lut_entry","155","delay_template_5x5","","","","","","17",0
"lut_entry","155","delay_template_5x5","","","","","","18",0
"lut_entry","155","delay_template_5x5","","","","","","19",0
"lut_entry","155","delay_template_5x5","","","","","","20",0
"lut_entry","155","delay_template_5x5","","","","","","21",0
"lut_entry","155","delay_template_5x5","","","","","","22",0
"lut_entry","155","delay_template_5x5","","","","","","23",0
"lut_entry","155","delay_template_5x5","","","","","","24",0
"lut_entry","156","delay_template_5x5","","","","","","0",0
"lut_entry","156","delay_template_5x5","","","","","","1",0
"lut_entry","156","delay_template_5x5","","","","","","2",0
"lut_entry","156","delay_template_5x5","","","","","","3",0
"lut_entry","156","delay_template_5x5","","","","","","4",0
"lut_entry","156","delay_template_5x5","","","","","","5",0
"lut_entry","156","delay_template_5x5","","","","","","6",0
"lut_entry","156","delay_template_5x5","","","","","","7",0
"lut_entry","156","delay_template_5x5","","","","","","8",0
"lut_entry","156","delay_template_5x5","","","","","","9",0
"lut_entry","156","delay_template_5x5","","","","","","10",0
"lut_entry","156","delay_template_5x5","","","","","","11",0
"lut_entry","156","delay_template_5x5","","","","","","12",0
"lut_entry","156","delay_template_5x5","","","","","","13",0
"lut_entry","156","delay_template_5x5","","","","","","14",0
"lut_entry","156","delay_template_5x5","","","","","","15",0
"lut_entry","156","delay_template_5x5","","","","","","16",0
"lut_entry","156","delay_template_5x5","","","","","","17",0
"lut_entry","156","delay_template_5x5","","","","","","18",0
"lut_entry","156","delay_template_5x5","","","","","","19",0
"lut_entry","156","delay_template_5x5","","","","","","20",0
"lut_entry","156","delay_template_5x5","","","","","","21",0
"lut_entry","156","delay_template_5x5","","","","","","22",0
"lut_entry","156","delay_template_5x5","","","","","","23",0
"lut_entry","156","delay_template_5x5","","","","","","24",0
"lut_entry","157","delay_template_5x5","","","","","","0",0
"lut_entry","157","delay_template_5x5","","","","","","1",0
"lut_entry","157","delay_template_5x5","","","","","","2",0
"lut_entry","157","delay_template_5x5","","","","","","3",0
"lut_entry","157","delay_template_5x5","","","","","","4",0
"lut_entry","157","delay_template_5x5","","","","","","5",0
"lut_entry","157","delay_template_5x5","","","","","","6",0
"lut_entry","157","delay_template_5x5","","","","","","7",0
"lut_entry","157","delay_template_5x5","","","","","","8",0
"lut_entry","157","delay_template_5x5","","","","","","9",0
"lut_entry","157","delay_template_5x5","","","","","","10",0
"lut_entry","157","delay_template_5x5","","","","","","11",0
"lut_entry","157","delay_template_5x5","","","","","","12",0
"lut_entry","157","delay_template_5x5","","","","","","13",0
"lut_entry","157","delay_template_5x5","","","","","","14",0
"lut_entry","157","delay_template_5x5","","","","","","15",0
"lut_entry","157","delay_template_5x5","","","","","","16",0
"lut_entry","157","delay_template_5x5","","","","","","17",0
"lut_entry","157","delay_template_5x5","","","","","","18",0
"lut_entry","157","delay_template_5x5","","","","","","19",0
"lut_entry","157","delay_template_5x5","","","","","","20",0
"lut_entry","157","delay_template_5x5","","","","","","21",0
"lut_entry","157","delay_template_5x5","","","","","","22",0
"lut_entry","157","delay_template_5x5","","","","","","23",0
"lut_entry","157","delay_template_5x5","","","","","","24",0
"lut_entry","158","delay_template_5x5","","","","","","0",0
"lut_entry","158","delay_template_5x5","","","","","","1",0
"lut_entry","158","delay_template_5x5","","","","","","2",0
"lut_entry","158","delay_template_5x5","","","","","","3",0
"lut_entry","158","delay_template_5x5","","","","","","4",0
"lut_entry","158","delay_template_5x5","","","","","","5",0
"lut_entry","158","delay_template_5x5","","","","","","6",0
"lut_entry","158","delay_template_5x5","","","","","","7",0
"lut_entry","158","delay_template_5x5","","","","","","8",0
"lut_entry","158","delay_template_5x5","","","","","","9",0
"lut_entry","158","delay_template_5x5","","","","","","10",0
"lut_entry","158","delay_template_5x5","","","","","","11",0
"lut_entry","158","delay_template_5x5","","","","","","12",0
"lut_entry","158","delay_template_5x5","","","","","","13",0
"lut_entry","158","delay_template_5x5","","","","","","14",0
"lut_entry","158","delay_template_5x5","","","","","","15",0
"lut_entry","158","delay_template_5x5","","","","","","16",0
"lut_entry","158","delay_template_5x5","","","","","","17",0
"lut_entry","158","delay_template_5x5","","","","","","18",0
"lut_entry","158","delay_template_5x5","","","","","","19",0
"lut_entry","158","delay_template_5x5","","","","","","20",0
"lut_entry","158","delay_template_5x5","","","","","","21",0
"lut_entry","158","delay_template_5x5","","","","","","22",0
"lut_entry","158","delay_template_5x5","","","","","","23",0
"lut_entry","158","delay_template_5x5","","","","","","24",0
"lut_entry","159","delay_template_5x5","","","","","","0",0
"lut_entry","159","delay_template_5x5","","","","","","1",0
"lut_entry","159","delay_template_5x5","","","","","","2",0
"lut_entry","159","delay_template_5x5","","","","","","3",0
"lut_entry","159","delay_template_5x5","","","","","","4",0
"lut_entry","159","delay_template_5x5","","","","","","5",0
"lut_entry","159","delay_template_5x5","","","","","","6",0
"lut_entry","159","delay_template_5x5","","","","","","7",0
"lut_entry","159","delay_template_5x5","","","","","","8",0
"lut_entry","159","delay_template_5x5","","","","","","9",0
"lut_entry","159","delay_template_5x5","","","","","","10",0
"lut_entry","159","delay_template_5x5","","","","","","11",0
"lut_entry","159","delay_template_5x5","","","","","","12",0
"lut_entry","159","delay_template_5x5","","","","","","13",0
"lut_entry","159","delay_template_5x5","","","","","","14",0
"lut_entry","159","delay_template_5x5","","","","","","15",0
"lut_entry","159","delay_template_5x5","","","","","","16",0
"lut_entry","159","delay_template_5x5","","","","","","17",0
"lut_entry","159","delay_template_5x5","","","","","","18",0
"lut_entry","159","delay_template_5x5","","","","","","19",0
"lut_entry","159","delay_template_5x5","","","","","","20",0
"lut_entry","159","delay_template_5x5","","","","","","21",0
"lut_entry","159","delay_template_5x5","","","","","","22",0
"lut_entry","159","delay_template_5x5","","","","","","23",0
"lut_entry","159","delay_template_5x5","","","","","","24",0
"lut_entry","160","delay_template_5x5","","","","","","0",0
"lut_entry","160","delay_template_5x5","","","","","","1",0
"lut_entry","160","delay_template_5x5","","","","","","2",0
"lut_entry","160","delay_template_5x5","","","","","","3",0
"lut_entry","160","delay_template_5x5","","","","","","4",0
"lut_entry","160","delay_template_5x5","","","","","","5",0
"lut_entry","160","delay_template_5x5","","","","","","6",0
"lut_entry","160","delay_template_5x5","","","","","","7",0
"lut_entry","160","delay_template_5x5","","","","","","8",0
"lut_entry","160","delay_template_5x5","","","","","","9",0
"lut_entry","160","delay_template_5x5","","","","","","10",0
"lut_entry","160","delay_template_5x5","","","","","","11",0
"lut_entry","160","delay_template_5x5","","","","","","12",0
"lut_entry","160","delay_template_5x5","","","","","","13",0
"lut_entry","160","delay_template_5x5","","","","","","14",0
"lut_entry","160","delay_template_5x5","","","","","","15",0
"lut_entry","160","delay_template_5x5","","","","","","16",0
"lut_entry","160","delay_template_5x5","","","","","","17",0
"lut_entry","160","delay_template_5x5","","","","","","18",0
"lut_entry","160","delay_template_5x5","","","","","","19",0
"lut_entry","160","delay_template_5x5","","","","","","20",0
"lut_entry","160","delay_template_5x5","","","","","","21",0
"lut_entry","160","delay_template_5x5","","","","","","22",0
"lut_entry","160","delay_template_5x5","","","","","","23",0
"lut_entry","160","delay_template_5x5","","","","","","24",0
"lut_entry","161","delay_template_5x5","","","","","","0",0
"lut_entry","161","delay_template_5x5","","","","","","1",0
"lut_entry","161","delay_template_5x5","","","","","","2",0
"lut_entry","161","delay_template_5x5","","","","","","3",0
"lut_entry","161","delay_template_5x5","","","","","","4",0
"lut_entry","161","delay_template_5x5","","","","","","5",0
"lut_entry","161","delay_template_5x5","","","","","","6",0
"lut_entry","161","delay_template_5x5","","","","","","7",0
"lut_entry","161","delay_template_5x5","","","","","","8",0
"lut_entry","161","delay_template_5x5","","","","","","9",0
"lut_entry","161","delay_template_5x5","","","","","","10",0
"lut_entry","161","delay_template_5x5","","","","","","11",0
"lut_entry","161","delay_template_5x5","","","","","","12",0
"lut_entry","161","delay_template_5x5","","","","","","13",0
"lut_entry","161","delay_template_5x5","","","","","","14",0
"lut_entry","161","delay_template_5x5","","","","","","15",0
"lut_entry","161","delay_template_5x5","","","","","","16",0
"lut_entry","161","delay_template_5x5","","","","","","17",0
"lut_entry","161","delay_template_5x5","","","","","","18",0
"lut_entry","161","delay_template_5x5","","","","","","19",0
"lut_entry","161","delay_template_5x5","","","","","","20",0
"lut_entry","161","delay_template_5x5","","","","","","21",0
"lut_entry","161","delay_template_5x5","","","","","","22",0
"lut_entry","161","delay_template_5x5","","","","","","23",0
"lut_entry","161","delay_template_5x5","","","","","","24",0
"lut_entry","162","delay_template_5x5","","","","","","0",0
"lut_entry","162","delay_template_5x5","","","","","","1",0
"lut_entry","162","delay_template_5x5","","","","","","2",0
"lut_entry","162","delay_template_5x5","","","","","","3",0
"lut_entry","162","delay_template_5x5","","","","","","4",0
"lut_entry","162","delay_template_5x5","","","","","","5",0
"lut_entry","162","delay_template_5x5","","","","","","6",0
"lut_entry","162","delay_template_5x5","","","","","","7",0
"lut_entry","162","delay_template_5x5","","","","","","8",0
"lut_entry","162","delay_template_5x5","","","","","","9",0
"lut_entry","162","delay_template_5x5","","","","","","10",0
"lut_entry","162","delay_template_5x5","","","","","","11",0
"lut_entry","162","delay_template_5x5","","","","","","12",0
"lut_entry","162","delay_template_5x5","","","","","","13",0
"lut_entry","162","delay_template_5x5","","","","","","14",0
"lut_entry","162","delay_template_5x5","","","","","","15",0
"lut_entry","162","delay_template_5x5","","","","","","16",0
"lut_entry","162","delay_template_5x5","","","","","","17",0
"lut_entry","162","delay_template_5x5","","","","","","18",0
"lut_entry","162","delay_template_5x5","","","","","","19",0
"lut_entry","162","delay_template_5x5","","","","","","20",0
"lut_entry","162","delay_template_5x5","","","","","","21",0
"lut_entry","162","delay_template_5x5","","","","","","22",0
"lut_entry","162","delay_template_5x5","","","","","","23",0
"lut_entry","162","delay_template_5x5","","","","","","24",0
"lut_entry","163","delay_template_5x5","","","","","","0",0
"lut_entry","163","delay_template_5x5","","","","","","1",0
"lut_entry","163","delay_template_5x5","","","","","","2",0
"lut_entry","163","delay_template_5x5","","","","","","3",0
"lut_entry","163","delay_template_5x5","","","","","","4",0
"lut_entry","163","delay_template_5x5","","","","","","5",0
"lut_entry","163","delay_template_5x5","","","","","","6",0
"lut_entry","163","delay_template_5x5","","","","","","7",0
"lut_entry","163","delay_template_5x5","","","","","","8",0
"lut_entry","163","delay_template_5x5","","","","","","9",0
"lut_entry","163","delay_template_5x5","","","","","","10",0
"lut_entry","163","delay_template_5x5","","","","","","11",0
"lut_entry","163","delay_template_5x5","","","","","","12",0
"lut_entry","163","delay_template_5x5","","","","","","13",0
"lut_entry","163","delay_template_5x5","","","","","","14",0
"lut_entry","163","delay_template_5x5","","","","","","15",0
"lut_entry","163","delay_template_5x5","","","","","","16",0
"lut_entry","163","delay_template_5x5","","","","","","17",0
"lut_entry","163","delay_template_5x5","","","","","","18",0
"lut_entry","163","delay_template_5x5","","","","","","19",0
"lut_entry","163","delay_template_5x5","","","","","","20",0
"lut_entry","163","delay_template_5x5","","","","","","21",0
"lut_entry","163","delay_template_5x5","","","","","","22",0
"lut_entry","163","delay_template_5x5","","","","","","23",0
"lut_entry","163","delay_template_5x5","","","","","","24",0
"lut_entry","164","delay_template_5x5","","","","","","0",0
"lut_entry","164","delay_template_5x5","","","","","","1",0
"lut_entry","164","delay_template_5x5","","","","","","2",0
"lut_entry","164","delay_template_5x5","","","","","","3",0
"lut_entry","164","delay_template_5x5","","","","","","4",0
"lut_entry","164","delay_template_5x5","","","","","","5",0
"lut_entry","164","delay_template_5x5","","","","","","6",0
"lut_entry","164","delay_template_5x5","","","","","","7",0
"lut_entry","164","delay_template_5x5","","","","","","8",0
"lut_entry","164","delay_template_5x5","","","","","","9",0
"lut_entry","164","delay_template_5x5","","","","","","10",0
"lut_entry","164","delay_template_5x5","","","","","","11",0
"lut_entry","164","delay_template_5x5","","","","","","12",0
"lut_entry","164","delay_template_5x5","","","","","","13",0
"lut_entry","164","delay_template_5x5","","","","","","14",0
"lut_entry","164","delay_template_5x5","","","","","","15",0
"lut_entry","164","delay_template_5x5","","","","","","16",0
"lut_entry","164","delay_template_5x5","","","","","","17",0
"lut_entry","164","delay_template_5x5","","","","","","18",0
"lut_entry","164","delay_template_5x5","","","","","","19",0
"lut_entry","164","delay_template_5x5","","","","","","20",0
"lut_entry","164","delay_template_5x5","","","","","","21",0
"lut_entry","164","delay_template_5x5","","","","","","22",0
"lut_entry","164","delay_template_5x5","","","","","","23",0
"lut_entry","164","delay_template_5x5","","","","","","24",0
"lut_entry","165","delay_template_5x5","","","","","","0",0
"lut_entry","165","delay_template_5x5","","","","","","1",0
"lut_entry","165","delay_template_5x5","","","","","","2",0
"lut_entry","165","delay_template_5x5","","","","","","3",0
"lut_entry","165","delay_template_5x5","","","","","","4",0
"lut_entry","165","delay_template_5x5","","","","","","5",0
"lut_entry","165","delay_template_5x5","","","","","","6",0
"lut_entry","165","delay_template_5x5","","","","","","7",0
"lut_entry","165","delay_template_5x5","","","","","","8",0
"lut_entry","165","delay_template_5x5","","","","","","9",0
"lut_entry","165","delay_template_5x5","","","","","","10",0
"lut_entry","165","delay_template_5x5","","","","","","11",0
"lut_entry","165","delay_template_5x5","","","","","","12",0
"lut_entry","165","delay_template_5x5","","","","","","13",0
"lut_entry","165","delay_template_5x5","","","","","","14",0
"lut_entry","165","delay_template_5x5","","","","","","15",0
"lut_entry","165","delay_template_5x5","","","","","","16",0
"lut_entry","165","delay_template_5x5","","","","","","17",0
"lut_entry","165","delay_template_5x5","","","","","","18",0
"lut_entry","165","delay_template_5x5","","","","","","19",0
"lut_entry","165","delay_template_5x5","","","","","","20",0
"lut_entry","165","delay_template_5x5","","","","","","21",0
"lut_entry","165","delay_template_5x5","","","","","","22",0
"lut_entry","165","delay_template_5x5","","","","","","23",0
"lut_entry","165","delay_template_5x5","","","","","","24",0
"lut_entry","166","delay_template_5x5","","","","","","0",0
"lut_entry","166","delay_template_5x5","","","","","","1",0
"lut_entry","166","delay_template_5x5","","","","","","2",0
"lut_entry","166","delay_template_5x5","","","","","","3",0
"lut_entry","166","delay_template_5x5","","","","","","4",0
"lut_entry","166","delay_template_5x5","","","","","","5",0
"lut_entry","166","delay_template_5x5","","","","","","6",0
"lut_entry","166","delay_template_5x5","","","","","","7",0
"lut_entry","166","delay_template_5x5","","","","","","8",0
"lut_entry","166","delay_template_5x5","","","","","","9",0
"lut_entry","166","delay_template_5x5","","","","","","10",0
"lut_entry","166","delay_template_5x5","","","","","","11",0
"lut_entry","166","delay_template_5x5","","","","","","12",0
"lut_entry","166","delay_template_5x5","","","","","","13",0
"lut_entry","166","delay_template_5x5","","","","","","14",0
"lut_entry","166","delay_template_5x5","","","","","","15",0
"lut_entry","166","delay_template_5x5","","","","","","16",0
"lut_entry","166","delay_template_5x5","","","","","","17",0
"lut_entry","166","delay_template_5x5","","","","","","18",0
"lut_entry","166","delay_template_5x5","","","","","","19",0
"lut_entry","166","delay_template_5x5","","","","","","20",0
"lut_entry","166","delay_template_5x5","","","","","","21",0
"lut_entry","166","delay_template_5x5","","","","","","22",0
"lut_entry","166","delay_template_5x5","","","","","","23",0
"lut_entry","166","delay_template_5x5","","","","","","24",0
"lut_entry","167","delay_template_5x5","","","","","","0",0
"lut_entry","167","delay_template_5x5","","","","","","1",0
"lut_entry","167","delay_template_5x5","","","","","","2",0
"lut_entry","167","delay_template_5x5","","","","","","3",0
"lut_entry","167","delay_template_5x5","","","","","","4",0
"lut_entry","167","delay_template_5x5","","","","","","5",0
"lut_entry","167","delay_template_5x5","","","","","","6",0
"lut_entry","167","delay_template_5x5","","","","","","7",0
"lut_entry","167","delay_template_5x5","","","","","","8",0
"lut_entry","167","delay_template_5x5","","","","","","9",0
"lut_entry","167","delay_template_5x5","","","","","","10",0
"lut_entry","167","delay_template_5x5","","","","","","11",0
"lut_entry","167","delay_template_5x5","","","","","","12",0
"lut_entry","167","delay_template_5x5","","","","","","13",0
"lut_entry","167","delay_template_5x5","","","","","","14",0
"lut_entry","167","delay_template_5x5","","","","","","15",0
"lut_entry","167","delay_template_5x5","","","","","","16",0
"lut_entry","167","delay_template_5x5","","","","","","17",0
"lut_entry","167","delay_template_5x5","","","","","","18",0
"lut_entry","167","delay_template_5x5","","","","","","19",0
"lut_entry","167","delay_template_5x5","","","","","","20",0
"lut_entry","167","delay_template_5x5","","","","","","21",0
"lut_entry","167","delay_template_5x5","","","","","","22",0
"lut_entry","167","delay_template_5x5","","","","","","23",0
"lut_entry","167","delay_template_5x5","","","","","","24",0
"lut_entry","168","delay_template_5x5","","","","","","0",0
"lut_entry","168","delay_template_5x5","","","","","","1",0
"lut_entry","168","delay_template_5x5","","","","","","2",0
"lut_entry","168","delay_template_5x5","","","","","","3",0
"lut_entry","168","delay_template_5x5","","","","","","4",0
"lut_entry","168","delay_template_5x5","","","","","","5",0
"lut_entry","168","delay_template_5x5","","","","","","6",0
"lut_entry","168","delay_template_5x5","","","","","","7",0
"lut_entry","168","delay_template_5x5","","","","","","8",0
"lut_entry","168","delay_template_5x5","","","","","","9",0
"lut_entry","168","delay_template_5x5","","","","","","10",0
"lut_entry","168","delay_template_5x5","","","","","","11",0
"lut_entry","168","delay_template_5x5","","","","","","12",0
"lut_entry","168","delay_template_5x5","","","","","","13",0
"lut_entry","168","delay_template_5x5","","","","","","14",0
"lut_entry","168","delay_template_5x5","","","","","","15",0
"lut_entry","168","delay_template_5x5","","","","","","16",0
"lut_entry","168","delay_template_5x5","","","","","","17",0
"lut_entry","168","delay_template_5x5","","","","","","18",0
"lut_entry","168","delay_template_5x5","","","","","","19",0
"lut_entry","168","delay_template_5x5","","","","","","20",0
"lut_entry","168","delay_template_5x5","","","","","","21",0
"lut_entry","168","delay_template_5x5","","","","","","22",0
"lut_entry","168","delay_template_5x5","","","","","","23",0
"lut_entry","168","delay_template_5x5","","","","","","24",0
"lut_entry","169","delay_template_5x5","","","","","","0",0
"lut_entry","169","delay_template_5x5","","","","","","1",0
"lut_entry","169","delay_template_5x5","","","","","","2",0
"lut_entry","169","delay_template_5x5","","","","","","3",0
"lut_entry","169","delay_template_5x5","","","","","","4",0
"lut_entry","169","delay_template_5x5","","","","","","5",0
"lut_entry","169","delay_template_5x5","","","","","","6",0
"lut_entry","169","delay_template_5x5","","","","","","7",0
"lut_entry","169","delay_template_5x5","","","","","","8",0
"lut_entry","169","delay_template_5x5","","","","","","9",0
"lut_entry","169","delay_template_5x5","","","","","","10",0
"lut_entry","169","delay_template_5x5","","","","","","11",0
"lut_entry","169","delay_template_5x5","","","","","","12",0
"lut_entry","169","delay_template_5x5","","","","","","13",0
"lut_entry","169","delay_template_5x5","","","","","","14",0
"lut_entry","169","delay_template_5x5","","","","","","15",0
"lut_entry","169","delay_template_5x5","","","","","","16",0
"lut_entry","169","delay_template_5x5","","","","","","17",0
"lut_entry","169","delay_template_5x5","","","","","","18",0
"lut_entry","169","delay_template_5x5","","","","","","19",0
"lut_entry","169","delay_template_5x5","","","","","","20",0
"lut_entry","169","delay_template_5x5","","","","","","21",0
"lut_entry","169","delay_template_5x5","","","","","","22",0
"lut_entry","169","delay_template_5x5","","","","","","23",0
"lut_entry","169","delay_template_5x5","","","","","","24",0
"lut_entry","170","delay_template_5x5","","","","","","0",0
"lut_entry","170","delay_template_5x5","","","","","","1",0
"lut_entry","170","delay_template_5x5","","","","","","2",0
"lut_entry","170","delay_template_5x5","","","","","","3",0
"lut_entry","170","delay_template_5x5","","","","","","4",0
"lut_entry","170","delay_template_5x5","","","","","","5",0
"lut_entry","170","delay_template_5x5","","","","","","6",0
"lut_entry","170","delay_template_5x5","","","","","","7",0
"lut_entry","170","delay_template_5x5","","","","","","8",0
"lut_entry","170","delay_template_5x5","","","","","","9",0
"lut_entry","170","delay_template_5x5","","","","","","10",0
"lut_entry","170","delay_template_5x5","","","","","","11",0
"lut_entry","170","delay_template_5x5","","","","","","12",0
"lut_entry","170","delay_template_5x5","","","","","","13",0
"lut_entry","170","delay_template_5x5","","","","","","14",0
"lut_entry","170","delay_template_5x5","","","","","","15",0
"lut_entry","170","delay_template_5x5","","","","","","16",0
"lut_entry","170","delay_template_5x5","","","","","","17",0
"lut_entry","170","delay_template_5x5","","","","","","18",0
"lut_entry","170","delay_template_5x5","","","","","","19",0
"lut_entry","170","delay_template_5x5","","","","","","20",0
"lut_entry","170","delay_template_5x5","","","","","","21",0
"lut_entry","170","delay_template_5x5","","","","","","22",0
"lut_entry","170","delay_template_5x5","","","","","","23",0
"lut_entry","170","delay_template_5x5","","","","","","24",0
"lut_entry","171","delay_template_5x5","","","","","","0",0
"lut_entry","171","delay_template_5x5","","","","","","1",0
"lut_entry","171","delay_template_5x5","","","","","","2",0
"lut_entry","171","delay_template_5x5","","","","","","3",0
"lut_entry","171","delay_template_5x5","","","","","","4",0
"lut_entry","171","delay_template_5x5","","","","","","5",0
"lut_entry","171","delay_template_5x5","","","","","","6",0
"lut_entry","171","delay_template_5x5","","","","","","7",0
"lut_entry","171","delay_template_5x5","","","","","","8",0
"lut_entry","171","delay_template_5x5","","","","","","9",0
"lut_entry","171","delay_template_5x5","","","","","","10",0
"lut_entry","171","delay_template_5x5","","","","","","11",0
"lut_entry","171","delay_template_5x5","","","","","","12",0
"lut_entry","171","delay_template_5x5","","","","","","13",0
"lut_entry","171","delay_template_5x5","","","","","","14",0
"lut_entry","171","delay_template_5x5","","","","","","15",0
"lut_entry","171","delay_template_5x5","","","","","","16",0
"lut_entry","171","delay_template_5x5","","","","","","17",0
"lut_entry","171","delay_template_5x5","","","","","","18",0
"lut_entry","171","delay_template_5x5","","","","","","19",0
"lut_entry","171","delay_template_5x5","","","","","","20",0
"lut_entry","171","delay_template_5x5","","","","","","21",0
"lut_entry","171","delay_template_5x5","","","","","","22",0
"lut_entry","171","delay_template_5x5","","","","","","23",0
"lut_entry","171","delay_template_5x5","","","","","","24",0
"lut_entry","172","delay_template_5x5","","","","","","0",0
"lut_entry","172","delay_template_5x5","","","","","","1",0
"lut_entry","172","delay_template_5x5","","","","","","2",0
"lut_entry","172","delay_template_5x5","","","","","","3",0
"lut_entry","172","delay_template_5x5","","","","","","4",0
"lut_entry","172","delay_template_5x5","","","","","","5",0
"lut_entry","172","delay_template_5x5","","","","","","6",0
"lut_entry","172","delay_template_5x5","","","","","","7",0
"lut_entry","172","delay_template_5x5","","","","","","8",0
"lut_entry","172","delay_template_5x5","","","","","","9",0
"lut_entry","172","delay_template_5x5","","","","","","10",0
"lut_entry","172","delay_template_5x5","","","","","","11",0
"lut_entry","172","delay_template_5x5","","","","","","12",0
"lut_entry","172","delay_template_5x5","","","","","","13",0
"lut_entry","172","delay_template_5x5","","","","","","14",0
"lut_entry","172","delay_template_5x5","","","","","","15",0
"lut_entry","172","delay_template_5x5","","","","","","16",0
"lut_entry","172","delay_template_5x5","","","","","","17",0
"lut_entry","172","delay_template_5x5","","","","","","18",0
"lut_entry","172","delay_template_5x5","","","","","","19",0
"lut_entry","172","delay_template_5x5","","","","","","20",0
"lut_entry","172","delay_template_5x5","","","","","","21",0
"lut_entry","172","delay_template_5x5","","","","","","22",0
"lut_entry","172","delay_template_5x5","","","","","","23",0
"lut_entry","172","delay_template_5x5","","","","","","24",0
"lut_entry","173","delay_template_5x5","","","","","","0",0
"lut_entry","173","delay_template_5x5","","","","","","1",0
"lut_entry","173","delay_template_5x5","","","","","","2",0
"lut_entry","173","delay_template_5x5","","","","","","3",0
"lut_entry","173","delay_template_5x5","","","","","","4",0
"lut_entry","173","delay_template_5x5","","","","","","5",0
"lut_entry","173","delay_template_5x5","","","","","","6",0
"lut_entry","173","delay_template_5x5","","","","","","7",0
"lut_entry","173","delay_template_5x5","","","","","","8",0
"lut_entry","173","delay_template_5x5","","","","","","9",0
"lut_entry","173","delay_template_5x5","","","","","","10",0
"lut_entry","173","delay_template_5x5","","","","","","11",0
"lut_entry","173","delay_template_5x5","","","","","","12",0
"lut_entry","173","delay_template_5x5","","","","","","13",0
"lut_entry","173","delay_template_5x5","","","","","","14",0
"lut_entry","173","delay_template_5x5","","","","","","15",0
"lut_entry","173","delay_template_5x5","","","","","","16",0
"lut_entry","173","delay_template_5x5","","","","","","17",0
"lut_entry","173","delay_template_5x5","","","","","","18",0
"lut_entry","173","delay_template_5x5","","","","","","19",0
"lut_entry","173","delay_template_5x5","","","","","","20",0
"lut_entry","173","delay_template_5x5","","","","","","21",0
"lut_entry","173","delay_template_5x5","","","","","","22",0
"lut_entry","173","delay_template_5x5","","","","","","23",0
"lut_entry","173","delay_template_5x5","","","","","","24",0
"lut_entry","174","delay_template_5x5","","","","","","0",0
"lut_entry","174","delay_template_5x5","","","","","","1",0
"lut_entry","174","delay_template_5x5","","","","","","2",0
"lut_entry","174","delay_template_5x5","","","","","","3",0
"lut_entry","174","delay_template_5x5","","","","","","4",0
"lut_entry","174","delay_template_5x5","","","","","","5",0
"lut_entry","174","delay_template_5x5","","","","","","6",0
"lut_entry","174","delay_template_5x5","","","","","","7",0
"lut_entry","174","delay_template_5x5","","","","","","8",0
"lut_entry","174","delay_template_5x5","","","","","","9",0
"lut_entry","174","delay_template_5x5","","","","","","10",0
"lut_entry","174","delay_template_5x5","","","","","","11",0
"lut_entry","174","delay_template_5x5","","","","","","12",0
"lut_entry","174","delay_template_5x5","","","","","","13",0
"lut_entry","174","delay_template_5x5","","","","","","14",0
"lut_entry","174","delay_template_5x5","","","","","","15",0
"lut_entry","174","delay_template_5x5","","","","","","16",0
"lut_entry","174","delay_template_5x5","","","","","","17",0
"lut_entry","174","delay_template_5x5","","","","","","18",0
"lut_entry","174","delay_template_5x5","","","","","","19",0
"lut_entry","174","delay_template_5x5","","","","","","20",0
"lut_entry","174","delay_template_5x5","","","","","","21",0
"lut_entry","174","delay_template_5x5","","","","","","22",0
"lut_entry","174","delay_template_5x5","","","","","","23",0
"lut_entry","174","delay_template_5x5","","","","","","24",0
"lut_entry","175","delay_template_5x5","","","","","","0",0
"lut_entry","175","delay_template_5x5","","","","","","1",0
"lut_entry","175","delay_template_5x5","","","","","","2",0
"lut_entry","175","delay_template_5x5","","","","","","3",0
"lut_entry","175","delay_template_5x5","","","","","","4",0
"lut_entry","175","delay_template_5x5","","","","","","5",0
"lut_entry","175","delay_template_5x5","","","","","","6",0
"lut_entry","175","delay_template_5x5","","","","","","7",0
"lut_entry","175","delay_template_5x5","","","","","","8",0
"lut_entry","175","delay_template_5x5","","","","","","9",0
"lut_entry","175","delay_template_5x5","","","","","","10",0
"lut_entry","175","delay_template_5x5","","","","","","11",0
"lut_entry","175","delay_template_5x5","","","","","","12",0
"lut_entry","175","delay_template_5x5","","","","","","13",0
"lut_entry","175","delay_template_5x5","","","","","","14",0
"lut_entry","175","delay_template_5x5","","","","","","15",0
"lut_entry","175","delay_template_5x5","","","","","","16",0
"lut_entry","175","delay_template_5x5","","","","","","17",0
"lut_entry","175","delay_template_5x5","","","","","","18",0
"lut_entry","175","delay_template_5x5","","","","","","19",0
"lut_entry","175","delay_template_5x5","","","","","","20",0
"lut_entry","175","delay_template_5x5","","","","","","21",0
"lut_entry","175","delay_template_5x5","","","","","","22",0
"lut_entry","175","delay_template_5x5","","","","","","23",0
"lut_entry","175","delay_template_5x5","","","","","","24",0
"lut_entry","176","delay_template_5x5","","","","","","0",0
"lut_entry","176","delay_template_5x5","","","","","","1",0
"lut_entry","176","delay_template_5x5","","","","","","2",0
"lut_entry","176","delay_template_5x5","","","","","","3",0
"lut_entry","176","delay_template_5x5","","","","","","4",0
"lut_entry","176","delay_template_5x5","","","","","","5",0
"lut_entry","176","delay_template_5x5","","","","","","6",0
"lut_entry","176","delay_template_5x5","","","","","","7",0
"lut_entry","176","delay_template_5x5","","","","","","8",0
"lut_entry","176","delay_template_5x5","","","","","","9",0
"lut_entry","176","delay_template_5x5","","","","","","10",0
"lut_entry","176","delay_template_5x5","","","","","","11",0
"lut_entry","176","delay_template_5x5","","","","","","12",0
"lut_entry","176","delay_template_5x5","","","","","","13",0
"lut_entry","176","delay_template_5x5","","","","","","14",0
"lut_entry","176","delay_template_5x5","","","","","","15",0
"lut_entry","176","delay_template_5x5","","","","","","16",0
"lut_entry","176","delay_template_5x5","","","","","","17",0
"lut_entry","176","delay_template_5x5","","","","","","18",0
"lut_entry","176","delay_template_5x5","","","","","","19",0
"lut_entry","176","delay_template_5x5","","","","","","20",0
"lut_entry","176","delay_template_5x5","","","","","","21",0
"lut_entry","176","delay_template_5x5","","","","","","22",0
"lut_entry","176","delay_template_5x5","","","","","","23",0
"lut_entry","176","delay_template_5x5","","","","","","24",0
"lut_entry","177","delay_template_5x5","","","","","","0",0
"lut_entry","177","delay_template_5x5","","","","","","1",0
"lut_entry","177","delay_template_5x5","","","","","","2",0
"lut_entry","177","delay_template_5x5","","","","","","3",0
"lut_entry","177","delay_template_5x5","","","","","","4",0
"lut_entry","177","delay_template_5x5","","","","","","5",0
"lut_entry","177","delay_template_5x5","","","","","","6",0
"lut_entry","177","delay_template_5x5","","","","","","7",0
"lut_entry","177","delay_template_5x5","","","","","","8",0
"lut_entry","177","delay_template_5x5","","","","","","9",0
"lut_entry","177","delay_template_5x5","","","","","","10",0
"lut_entry","177","delay_template_5x5","","","","","","11",0
"lut_entry","177","delay_template_5x5","","","","","","12",0
"lut_entry","177","delay_template_5x5","","","","","","13",0
"lut_entry","177","delay_template_5x5","","","","","","14",0
"lut_entry","177","delay_template_5x5","","","","","","15",0
"lut_entry","177","delay_template_5x5","","","","","","16",0
"lut_entry","177","delay_template_5x5","","","","","","17",0
"lut_entry","177","delay_template_5x5","","","","","","18",0
"lut_entry","177","delay_template_5x5","","","","","","19",0
"lut_entry","177","delay_template_5x5","","","","","","20",0
"lut_entry","177","delay_template_5x5","","","","","","21",0
"lut_entry","177","delay_template_5x5","","","","","","22",0
"lut_entry","177","delay_template_5x5","","","","","","23",0
"lut_entry","177","delay_template_5x5","","","","","","24",0
"lut_entry","178","delay_template_5x5","","","","","","0",0
"lut_entry","178","delay_template_5x5","","","","","","1",0
"lut_entry","178","delay_template_5x5","","","","","","2",0
"lut_entry","178","delay_template_5x5","","","","","","3",0
"lut_entry","178","delay_template_5x5","","","","","","4",0
"lut_entry","178","delay_template_5x5","","","","","","5",0
"lut_entry","178","delay_template_5x5","","","","","","6",0
"lut_entry","178","delay_template_5x5","","","","","","7",0
"lut_entry","178","delay_template_5x5","","","","","","8",0
"lut_entry","178","delay_template_5x5","","","","","","9",0
"lut_entry","178","delay_template_5x5","","","","","","10",0
"lut_entry","178","delay_template_5x5","","","","","","11",0
"lut_entry","178","delay_template_5x5","","","","","","12",0
"lut_entry","178","delay_template_5x5","","","","","","13",0
"lut_entry","178","delay_template_5x5","","","","","","14",0
"lut_entry","178","delay_template_5x5","","","","","","15",0
"lut_entry","178","delay_template_5x5","","","","","","16",0
"lut_entry","178","delay_template_5x5","","","","","","17",0
"lut_entry","178","delay_template_5x5","","","","","","18",0
"lut_entry","178","delay_template_5x5","","","","","","19",0
"lut_entry","178","delay_template_5x5","","","","","","20",0
"lut_entry","178","delay_template_5x5","","","","","","21",0
"lut_entry","178","delay_template_5x5","","","","","","22",0
"lut_entry","178","delay_template_5x5","","","","","","23",0
"lut_entry","178","delay_template_5x5","","","","","","24",0
"lut_entry","179","delay_template_5x5","","","","","","0",0
"lut_entry","179","delay_template_5x5","","","","","","1",0
"lut_entry","179","delay_template_5x5","","","","","","2",0
"lut_entry","179","delay_template_5x5","","","","","","3",0
"lut_entry","179","delay_template_5x5","","","","","","4",0
"lut_entry","179","delay_template_5x5","","","","","","5",0
"lut_entry","179","delay_template_5x5","","","","","","6",0
"lut_entry","179","delay_template_5x5","","","","","","7",0
"lut_entry","179","delay_template_5x5","","","","","","8",0
"lut_entry","179","delay_template_5x5","","","","","","9",0
"lut_entry","179","delay_template_5x5","","","","","","10",0
"lut_entry","179","delay_template_5x5","","","","","","11",0
"lut_entry","179","delay_template_5x5","","","","","","12",0
"lut_entry","179","delay_template_5x5","","","","","","13",0
"lut_entry","179","delay_template_5x5","","","","","","14",0
"lut_entry","179","delay_template_5x5","","","","","","15",0
"lut_entry","179","delay_template_5x5","","","","","","16",0
"lut_entry","179","delay_template_5x5","","","","","","17",0
"lut_entry","179","delay_template_5x5","","","","","","18",0
"lut_entry","179","delay_template_5x5","","","","","","19",0
"lut_entry","179","delay_template_5x5","","","","","","20",0
"lut_entry","179","delay_template_5x5","","","","","","21",0
"lut_entry","179","delay_template_5x5","","","","","","22",0
"lut_entry","179","delay_template_5x5","","","","","","23",0
"lut_entry","179","delay_template_5x5","","","","","","24",0
"lut_entry","180","delay_template_5x5","","","","","","0",0
"lut_entry","180","delay_template_5x5","","","","","","1",0
"lut_entry","180","delay_template_5x5","","","","","","2",0
"lut_entry","180","delay_template_5x5","","","","","","3",0
"lut_entry","180","delay_template_5x5","","","","","","4",0
"lut_entry","180","delay_template_5x5","","","","","","5",0
"lut_entry","180","delay_template_5x5","","","","","","6",0
"lut_entry","180","delay_template_5x5","","","","","","7",0
"lut_entry","180","delay_template_5x5","","","","","","8",0
"lut_entry","180","delay_template_5x5","","","","","","9",0
"lut_entry","180","delay_template_5x5","","","","","","10",0
"lut_entry","180","delay_template_5x5","","","","","","11",0
"lut_entry","180","delay_template_5x5","","","","","","12",0
"lut_entry","180","delay_template_5x5","","","","","","13",0
"lut_entry","180","delay_template_5x5","","","","","","14",0
"lut_entry","180","delay_template_5x5","","","","","","15",0
"lut_entry","180","delay_template_5x5","","","","","","16",0
"lut_entry","180","delay_template_5x5","","","","","","17",0
"lut_entry","180","delay_template_5x5","","","","","","18",0
"lut_entry","180","delay_template_5x5","","","","","","19",0
"lut_entry","180","delay_template_5x5","","","","","","20",0
"lut_entry","180","delay_template_5x5","","","","","","21",0
"lut_entry","180","delay_template_5x5","","","","","","22",0
"lut_entry","180","delay_template_5x5","","","","","","23",0
"lut_entry","180","delay_template_5x5","","","","","","24",0
"lut_entry","181","delay_template_5x5","","","","","","0",0
"lut_entry","181","delay_template_5x5","","","","","","1",0
"lut_entry","181","delay_template_5x5","","","","","","2",0
"lut_entry","181","delay_template_5x5","","","","","","3",0
"lut_entry","181","delay_template_5x5","","","","","","4",0
"lut_entry","181","delay_template_5x5","","","","","","5",0
"lut_entry","181","delay_template_5x5","","","","","","6",0
"lut_entry","181","delay_template_5x5","","","","","","7",0
"lut_entry","181","delay_template_5x5","","","","","","8",0
"lut_entry","181","delay_template_5x5","","","","","","9",0
"lut_entry","181","delay_template_5x5","","","","","","10",0
"lut_entry","181","delay_template_5x5","","","","","","11",0
"lut_entry","181","delay_template_5x5","","","","","","12",0
"lut_entry","181","delay_template_5x5","","","","","","13",0
"lut_entry","181","delay_template_5x5","","","","","","14",0
"lut_entry","181","delay_template_5x5","","","","","","15",0
"lut_entry","181","delay_template_5x5","","","","","","16",0
"lut_entry","181","delay_template_5x5","","","","","","17",0
"lut_entry","181","delay_template_5x5","","","","","","18",0
"lut_entry","181","delay_template_5x5","","","","","","19",0
"lut_entry","181","delay_template_5x5","","","","","","20",0
"lut_entry","181","delay_template_5x5","","","","","","21",0
"lut_entry","181","delay_template_5x5","","","","","","22",0
"lut_entry","181","delay_template_5x5","","","","","","23",0
"lut_entry","181","delay_template_5x5","","","","","","24",0
"lut_entry","182","delay_template_5x5","","","","","","0",0
"lut_entry","182","delay_template_5x5","","","","","","1",0
"lut_entry","182","delay_template_5x5","","","","","","2",0
"lut_entry","182","delay_template_5x5","","","","","","3",0
"lut_entry","182","delay_template_5x5","","","","","","4",0
"lut_entry","182","delay_template_5x5","","","","","","5",0
"lut_entry","182","delay_template_5x5","","","","","","6",0
"lut_entry","182","delay_template_5x5","","","","","","7",0
"lut_entry","182","delay_template_5x5","","","","","","8",0
"lut_entry","182","delay_template_5x5","","","","","","9",0
"lut_entry","182","delay_template_5x5","","","","","","10",0
"lut_entry","182","delay_template_5x5","","","","","","11",0
"lut_entry","182","delay_template_5x5","","","","","","12",0
"lut_entry","182","delay_template_5x5","","","","","","13",0
"lut_entry","182","delay_template_5x5","","","","","","14",0
"lut_entry","182","delay_template_5x5","","","","","","15",0
"lut_entry","182","delay_template_5x5","","","","","","16",0
"lut_entry","182","delay_template_5x5","","","","","","17",0
"lut_entry","182","delay_template_5x5","","","","","","18",0
"lut_entry","182","delay_template_5x5","","","","","","19",0
"lut_entry","182","delay_template_5x5","","","","","","20",0
"lut_entry","182","delay_template_5x5","","","","","","21",0
"lut_entry","182","delay_template_5x5","","","","","","22",0
"lut_entry","182","delay_template_5x5","","","","","","23",0
"lut_entry","182","delay_template_5x5","","","","","","24",0
"lut_entry","183","delay_template_5x5","","","","","","0",0
"lut_entry","183","delay_template_5x5","","","","","","1",0
"lut_entry","183","delay_template_5x5","","","","","","2",0
"lut_entry","183","delay_template_5x5","","","","","","3",0
"lut_entry","183","delay_template_5x5","","","","","","4",0
"lut_entry","183","delay_template_5x5","","","","","","5",0
"lut_entry","183","delay_template_5x5","","","","","","6",0
"lut_entry","183","delay_template_5x5","","","","","","7",0
"lut_entry","183","delay_template_5x5","","","","","","8",0
"lut_entry","183","delay_template_5x5","","","","","","9",0
"lut_entry","183","delay_template_5x5","","","","","","10",0
"lut_entry","183","delay_template_5x5","","","","","","11",0
"lut_entry","183","delay_template_5x5","","","","","","12",0
"lut_entry","183","delay_template_5x5","","","","","","13",0
"lut_entry","183","delay_template_5x5","","","","","","14",0
"lut_entry","183","delay_template_5x5","","","","","","15",0
"lut_entry","183","delay_template_5x5","","","","","","16",0
"lut_entry","183","delay_template_5x5","","","","","","17",0
"lut_entry","183","delay_template_5x5","","","","","","18",0
"lut_entry","183","delay_template_5x5","","","","","","19",0
"lut_entry","183","delay_template_5x5","","","","","","20",0
"lut_entry","183","delay_template_5x5","","","","","","21",0
"lut_entry","183","delay_template_5x5","","","","","","22",0
"lut_entry","183","delay_template_5x5","","","","","","23",0
"lut_entry","183","delay_template_5x5","","","","","","24",0
"lut_entry","184","delay_template_5x5","","","","","","0",0
"lut_entry","184","delay_template_5x5","","","","","","1",0
"lut_entry","184","delay_template_5x5","","","","","","2",0
"lut_entry","184","delay_template_5x5","","","","","","3",0
"lut_entry","184","delay_template_5x5","","","","","","4",0
"lut_entry","184","delay_template_5x5","","","","","","5",0
"lut_entry","184","delay_template_5x5","","","","","","6",0
"lut_entry","184","delay_template_5x5","","","","","","7",0
"lut_entry","184","delay_template_5x5","","","","","","8",0
"lut_entry","184","delay_template_5x5","","","","","","9",0
"lut_entry","184","delay_template_5x5","","","","","","10",0
"lut_entry","184","delay_template_5x5","","","","","","11",0
"lut_entry","184","delay_template_5x5","","","","","","12",0
"lut_entry","184","delay_template_5x5","","","","","","13",0
"lut_entry","184","delay_template_5x5","","","","","","14",0
"lut_entry","184","delay_template_5x5","","","","","","15",0
"lut_entry","184","delay_template_5x5","","","","","","16",0
"lut_entry","184","delay_template_5x5","","","","","","17",0
"lut_entry","184","delay_template_5x5","","","","","","18",0
"lut_entry","184","delay_template_5x5","","","","","","19",0
"lut_entry","184","delay_template_5x5","","","","","","20",0
"lut_entry","184","delay_template_5x5","","","","","","21",0
"lut_entry","184","delay_template_5x5","","","","","","22",0
"lut_entry","184","delay_template_5x5","","","","","","23",0
"lut_entry","184","delay_template_5x5","","","","","","24",0
"lut_entry","185","delay_template_5x5","","","","","","0",0
"lut_entry","185","delay_template_5x5","","","","","","1",0
"lut_entry","185","delay_template_5x5","","","","","","2",0
"lut_entry","185","delay_template_5x5","","","","","","3",0
"lut_entry","185","delay_template_5x5","","","","","","4",0
"lut_entry","185","delay_template_5x5","","","","","","5",0
"lut_entry","185","delay_template_5x5","","","","","","6",0
"lut_entry","185","delay_template_5x5","","","","","","7",0
"lut_entry","185","delay_template_5x5","","","","","","8",0
"lut_entry","185","delay_template_5x5","","","","","","9",0
"lut_entry","185","delay_template_5x5","","","","","","10",0
"lut_entry","185","delay_template_5x5","","","","","","11",0
"lut_entry","185","delay_template_5x5","","","","","","12",0
"lut_entry","185","delay_template_5x5","","","","","","13",0
"lut_entry","185","delay_template_5x5","","","","","","14",0
"lut_entry","185","delay_template_5x5","","","","","","15",0
"lut_entry","185","delay_template_5x5","","","","","","16",0
"lut_entry","185","delay_template_5x5","","","","","","17",0
"lut_entry","185","delay_template_5x5","","","","","","18",0
"lut_entry","185","delay_template_5x5","","","","","","19",0
"lut_entry","185","delay_template_5x5","","","","","","20",0
"lut_entry","185","delay_template_5x5","","","","","","21",0
"lut_entry","185","delay_template_5x5","","","","","","22",0
"lut_entry","185","delay_template_5x5","","","","","","23",0
"lut_entry","185","delay_template_5x5","","","","","","24",0
"lut_entry","186","delay_template_5x5","","","","","","0",0
"lut_entry","186","delay_template_5x5","","","","","","1",0
"lut_entry","186","delay_template_5x5","","","","","","2",0
"lut_entry","186","delay_template_5x5","","","","","","3",0
"lut_entry","186","delay_template_5x5","","","","","","4",0
"lut_entry","186","delay_template_5x5","","","","","","5",0
"lut_entry","186","delay_template_5x5","","","","","","6",0
"lut_entry","186","delay_template_5x5","","","","","","7",0
"lut_entry","186","delay_template_5x5","","","","","","8",0
"lut_entry","186","delay_template_5x5","","","","","","9",0
"lut_entry","186","delay_template_5x5","","","","","","10",0
"lut_entry","186","delay_template_5x5","","","","","","11",0
"lut_entry","186","delay_template_5x5","","","","","","12",0
"lut_entry","186","delay_template_5x5","","","","","","13",0
"lut_entry","186","delay_template_5x5","","","","","","14",0
"lut_entry","186","delay_template_5x5","","","","","","15",0
"lut_entry","186","delay_template_5x5","","","","","","16",0
"lut_entry","186","delay_template_5x5","","","","","","17",0
"lut_entry","186","delay_template_5x5","","","","","","18",0
"lut_entry","186","delay_template_5x5","","","","","","19",0
"lut_entry","186","delay_template_5x5","","","","","","20",0
"lut_entry","186","delay_template_5x5","","","","","","21",0
"lut_entry","186","delay_template_5x5","","","","","","22",0
"lut_entry","186","delay_template_5x5","","","","","","23",0
"lut_entry","186","delay_template_5x5","","","","","","24",0
"lut_entry","187","delay_template_5x5","","","","","","0",0
"lut_entry","187","delay_template_5x5","","","","","","1",0
"lut_entry","187","delay_template_5x5","","","","","","2",0
"lut_entry","187","delay_template_5x5","","","","","","3",0
"lut_entry","187","delay_template_5x5","","","","","","4",0
"lut_entry","187","delay_template_5x5","","","","","","5",0
"lut_entry","187","delay_template_5x5","","","","","","6",0
"lut_entry","187","delay_template_5x5","","","","","","7",0
"lut_entry","187","delay_template_5x5","","","","","","8",0
"lut_entry","187","delay_template_5x5","","","","","","9",0
"lut_entry","187","delay_template_5x5","","","","","","10",0
"lut_entry","187","delay_template_5x5","","","","","","11",0
"lut_entry","187","delay_template_5x5","","","","","","12",0
"lut_entry","187","delay_template_5x5","","","","","","13",0
"lut_entry","187","delay_template_5x5","","","","","","14",0
"lut_entry","187","delay_template_5x5","","","","","","15",0
"lut_entry","187","delay_template_5x5","","","","","","16",0
"lut_entry","187","delay_template_5x5","","","","","","17",0
"lut_entry","187","delay_template_5x5","","","","","","18",0
"lut_entry","187","delay_template_5x5","","","","","","19",0
"lut_entry","187","delay_template_5x5","","","","","","20",0
"lut_entry","187","delay_template_5x5","","","","","","21",0
"lut_entry","187","delay_template_5x5","","","","","","22",0
"lut_entry","187","delay_template_5x5","","","","","","23",0
"lut_entry","187","delay_template_5x5","","","","","","24",0
"lut_entry","188","delay_template_5x5","","","","","","0",0
"lut_entry","188","delay_template_5x5","","","","","","1",0
"lut_entry","188","delay_template_5x5","","","","","","2",0
"lut_entry","188","delay_template_5x5","","","","","","3",0
"lut_entry","188","delay_template_5x5","","","","","","4",0
"lut_entry","188","delay_template_5x5","","","","","","5",0
"lut_entry","188","delay_template_5x5","","","","","","6",0
"lut_entry","188","delay_template_5x5","","","","","","7",0
"lut_entry","188","delay_template_5x5","","","","","","8",0
"lut_entry","188","delay_template_5x5","","","","","","9",0
"lut_entry","188","delay_template_5x5","","","","","","10",0
"lut_entry","188","delay_template_5x5","","","","","","11",0
"lut_entry","188","delay_template_5x5","","","","","","12",0
"lut_entry","188","delay_template_5x5","","","","","","13",0
"lut_entry","188","delay_template_5x5","","","","","","14",0
"lut_entry","188","delay_template_5x5","","","","","","15",0
"lut_entry","188","delay_template_5x5","","","","","","16",0
"lut_entry","188","delay_template_5x5","","","","","","17",0
"lut_entry","188","delay_template_5x5","","","","","","18",0
"lut_entry","188","delay_template_5x5","","","","","","19",0
"lut_entry","188","delay_template_5x5","","","","","","20",0
"lut_entry","188","delay_template_5x5","","","","","","21",0
"lut_entry","188","delay_template_5x5","","","","","","22",0
"lut_entry","188","delay_template_5x5","","","","","","23",0
"lut_entry","188","delay_template_5x5","","","","","","24",0
"lut_entry","189","delay_template_5x5","","","","","","0",0
"lut_entry","189","delay_template_5x5","","","","","","1",0
"lut_entry","189","delay_template_5x5","","","","","","2",0
"lut_entry","189","delay_template_5x5","","","","","","3",0
"lut_entry","189","delay_template_5x5","","","","","","4",0
"lut_entry","189","delay_template_5x5","","","","","","5",0
"lut_entry","189","delay_template_5x5","","","","","","6",0
"lut_entry","189","delay_template_5x5","","","","","","7",0
"lut_entry","189","delay_template_5x5","","","","","","8",0
"lut_entry","189","delay_template_5x5","","","","","","9",0
"lut_entry","189","delay_template_5x5","","","","","","10",0
"lut_entry","189","delay_template_5x5","","","","","","11",0
"lut_entry","189","delay_template_5x5","","","","","","12",0
"lut_entry","189","delay_template_5x5","","","","","","13",0
"lut_entry","189","delay_template_5x5","","","","","","14",0
"lut_entry","189","delay_template_5x5","","","","","","15",0
"lut_entry","189","delay_template_5x5","","","","","","16",0
"lut_entry","189","delay_template_5x5","","","","","","17",0
"lut_entry","189","delay_template_5x5","","","","","","18",0
"lut_entry","189","delay_template_5x5","","","","","","19",0
"lut_entry","189","delay_template_5x5","","","","","","20",0
"lut_entry","189","delay_template_5x5","","","","","","21",0
"lut_entry","189","delay_template_5x5","","","","","","22",0
"lut_entry","189","delay_template_5x5","","","","","","23",0
"lut_entry","189","delay_template_5x5","","","","","","24",0
"lut_entry","190","delay_template_5x5","","","","","","0",0
"lut_entry","190","delay_template_5x5","","","","","","1",0
"lut_entry","190","delay_template_5x5","","","","","","2",0
"lut_entry","190","delay_template_5x5","","","","","","3",0
"lut_entry","190","delay_template_5x5","","","","","","4",0
"lut_entry","190","delay_template_5x5","","","","","","5",0
"lut_entry","190","delay_template_5x5","","","","","","6",0
"lut_entry","190","delay_template_5x5","","","","","","7",0
"lut_entry","190","delay_template_5x5","","","","","","8",0
"lut_entry","190","delay_template_5x5","","","","","","9",0
"lut_entry","190","delay_template_5x5","","","","","","10",0
"lut_entry","190","delay_template_5x5","","","","","","11",0
"lut_entry","190","delay_template_5x5","","","","","","12",0
"lut_entry","190","delay_template_5x5","","","","","","13",0
"lut_entry","190","delay_template_5x5","","","","","","14",0
"lut_entry","190","delay_template_5x5","","","","","","15",0
"lut_entry","190","delay_template_5x5","","","","","","16",0
"lut_entry","190","delay_template_5x5","","","","","","17",0
"lut_entry","190","delay_template_5x5","","","","","","18",0
"lut_entry","190","delay_template_5x5","","","","","","19",0
"lut_entry","190","delay_template_5x5","","","","","","20",0
"lut_entry","190","delay_template_5x5","","","","","","21",0
"lut_entry","190","delay_template_5x5","","","","","","22",0
"lut_entry","190","delay_template_5x5","","","","","","23",0
"lut_entry","190","delay_template_5x5","","","","","","24",0
"lut_entry","191","delay_template_5x5","","","","","","0",0
"lut_entry","191","delay_template_5x5","","","","","","1",0
"lut_entry","191","delay_template_5x5","","","","","","2",0
"lut_entry","191","delay_template_5x5","","","","","","3",0
"lut_entry","191","delay_template_5x5","","","","","","4",0
"lut_entry","191","delay_template_5x5","","","","","","5",0
"lut_entry","191","delay_template_5x5","","","","","","6",0
"lut_entry","191","delay_template_5x5","","","","","","7",0
"lut_entry","191","delay_template_5x5","","","","","","8",0
"lut_entry","191","delay_template_5x5","","","","","","9",0
"lut_entry","191","delay_template_5x5","","","","","","10",0
"lut_entry","191","delay_template_5x5","","","","","","11",0
"lut_entry","191","delay_template_5x5","","","","","","12",0
"lut_entry","191","delay_template_5x5","","","","","","13",0
"lut_entry","191","delay_template_5x5","","","","","","14",0
"lut_entry","191","delay_template_5x5","","","","","","15",0
"lut_entry","191","delay_template_5x5","","","","","","16",0
"lut_entry","191","delay_template_5x5","","","","","","17",0
"lut_entry","191","delay_template_5x5","","","","","","18",0
"lut_entry","191","delay_template_5x5","","","","","","19",0
"lut_entry","191","delay_template_5x5","","","","","","20",0
"lut_entry","191","delay_template_5x5","","","","","","21",0
"lut_entry","191","delay_template_5x5","","","","","","22",0
"lut_entry","191","delay_template_5x5","","","","","","23",0
"lut_entry","191","delay_template_5x5","","","","","","24",0
"lut_entry","192","delay_template_5x5","","","","","","0",0
"lut_entry","192","delay_template_5x5","","","","","","1",0
"lut_entry","192","delay_template_5x5","","","","","","2",0
"lut_entry","192","delay_template_5x5","","","","","","3",0
"lut_entry","192","delay_template_5x5","","","","","","4",0
"lut_entry","192","delay_template_5x5","","","","","","5",0
"lut_entry","192","delay_template_5x5","","","","","","6",0
"lut_entry","192","delay_template_5x5","","","","","","7",0
"lut_entry","192","delay_template_5x5","","","","","","8",0
"lut_entry","192","delay_template_5x5","","","","","","9",0
"lut_entry","192","delay_template_5x5","","","","","","10",0
"lut_entry","192","delay_template_5x5","","","","","","11",0
"lut_entry","192","delay_template_5x5","","","","","","12",0
"lut_entry","192","delay_template_5x5","","","","","","13",0
"lut_entry","192","delay_template_5x5","","","","","","14",0
"lut_entry","192","delay_template_5x5","","","","","","15",0
"lut_entry","192","delay_template_5x5","","","","","","16",0
"lut_entry","192","delay_template_5x5","","","","","","17",0
"lut_entry","192","delay_template_5x5","","","","","","18",0
"lut_entry","192","delay_template_5x5","","","","","","19",0
"lut_entry","192","delay_template_5x5","","","","","","20",0
"lut_entry","192","delay_template_5x5","","","","","","21",0
"lut_entry","192","delay_template_5x5","","","","","","22",0
"lut_entry","192","delay_template_5x5","","","","","","23",0
"lut_entry","192","delay_template_5x5","","","","","","24",0
"lut_entry","193","delay_template_5x5","","","","","","0",0
"lut_entry","193","delay_template_5x5","","","","","","1",0
"lut_entry","193","delay_template_5x5","","","","","","2",0
"lut_entry","193","delay_template_5x5","","","","","","3",0
"lut_entry","193","delay_template_5x5","","","","","","4",0
"lut_entry","193","delay_template_5x5","","","","","","5",0
"lut_entry","193","delay_template_5x5","","","","","","6",0
"lut_entry","193","delay_template_5x5","","","","","","7",0
"lut_entry","193","delay_template_5x5","","","","","","8",0
"lut_entry","193","delay_template_5x5","","","","","","9",0
"lut_entry","193","delay_template_5x5","","","","","","10",0
"lut_entry","193","delay_template_5x5","","","","","","11",0
"lut_entry","193","delay_template_5x5","","","","","","12",0
"lut_entry","193","delay_template_5x5","","","","","","13",0
"lut_entry","193","delay_template_5x5","","","","","","14",0
"lut_entry","193","delay_template_5x5","","","","","","15",0
"lut_entry","193","delay_template_5x5","","","","","","16",0
"lut_entry","193","delay_template_5x5","","","","","","17",0
"lut_entry","193","delay_template_5x5","","","","","","18",0
"lut_entry","193","delay_template_5x5","","","","","","19",0
"lut_entry","193","delay_template_5x5","","","","","","20",0
"lut_entry","193","delay_template_5x5","","","","","","21",0
"lut_entry","193","delay_template_5x5","","","","","","22",0
"lut_entry","193","delay_template_5x5","","","","","","23",0
"lut_entry","193","delay_template_5x5","","","","","","24",0
"lut_entry","194","delay_template_5x5","","","","","","0",0
"lut_entry","194","delay_template_5x5","","","","","","1",0
"lut_entry","194","delay_template_5x5","","","","","","2",0
"lut_entry","194","delay_template_5x5","","","","","","3",0
"lut_entry","194","delay_template_5x5","","","","","","4",0
"lut_entry","194","delay_template_5x5","","","","","","5",0
"lut_entry","194","delay_template_5x5","","","","","","6",0
"lut_entry","194","delay_template_5x5","","","","","","7",0
"lut_entry","194","delay_template_5x5","","","","","","8",0
"lut_entry","194","delay_template_5x5","","","","","","9",0
"lut_entry","194","delay_template_5x5","","","","","","10",0
"lut_entry","194","delay_template_5x5","","","","","","11",0
"lut_entry","194","delay_template_5x5","","","","","","12",0
"lut_entry","194","delay_template_5x5","","","","","","13",0
"lut_entry","194","delay_template_5x5","","","","","","14",0
"lut_entry","194","delay_template_5x5","","","","","","15",0
"lut_entry","194","delay_template_5x5","","","","","","16",0
"lut_entry","194","delay_template_5x5","","","","","","17",0
"lut_entry","194","delay_template_5x5","","","","","","18",0
"lut_entry","194","delay_template_5x5","","","","","","19",0
"lut_entry","194","delay_template_5x5","","","","","","20",0
"lut_entry","194","delay_template_5x5","","","","","","21",0
"lut_entry","194","delay_template_5x5","","","","","","22",0
"lut_entry","194","delay_template_5x5","","","","","","23",0
"lut_entry","194","delay_template_5x5","","","","","","24",0
"lut_entry","195","delay_template_5x5","","","","","","0",0
"lut_entry","195","delay_template_5x5","","","","","","1",0
"lut_entry","195","delay_template_5x5","","","","","","2",0
"lut_entry","195","delay_template_5x5","","","","","","3",0
"lut_entry","195","delay_template_5x5","","","","","","4",0
"lut_entry","195","delay_template_5x5","","","","","","5",0
"lut_entry","195","delay_template_5x5","","","","","","6",0
"lut_entry","195","delay_template_5x5","","","","","","7",0
"lut_entry","195","delay_template_5x5","","","","","","8",0
"lut_entry","195","delay_template_5x5","","","","","","9",0
"lut_entry","195","delay_template_5x5","","","","","","10",0
"lut_entry","195","delay_template_5x5","","","","","","11",0
"lut_entry","195","delay_template_5x5","","","","","","12",0
"lut_entry","195","delay_template_5x5","","","","","","13",0
"lut_entry","195","delay_template_5x5","","","","","","14",0
"lut_entry","195","delay_template_5x5","","","","","","15",0
"lut_entry","195","delay_template_5x5","","","","","","16",0
"lut_entry","195","delay_template_5x5","","","","","","17",0
"lut_entry","195","delay_template_5x5","","","","","","18",0
"lut_entry","195","delay_template_5x5","","","","","","19",0
"lut_entry","195","delay_template_5x5","","","","","","20",0
"lut_entry","195","delay_template_5x5","","","","","","21",0
"lut_entry","195","delay_template_5x5","","","","","","22",0
"lut_entry","195","delay_template_5x5","","","","","","23",0
"lut_entry","195","delay_template_5x5","","","","","","24",0
"lut_entry","196","delay_template_5x5","","","","","","0",0
"lut_entry","196","delay_template_5x5","","","","","","1",0
"lut_entry","196","delay_template_5x5","","","","","","2",0
"lut_entry","196","delay_template_5x5","","","","","","3",0
"lut_entry","196","delay_template_5x5","","","","","","4",0
"lut_entry","196","delay_template_5x5","","","","","","5",0
"lut_entry","196","delay_template_5x5","","","","","","6",0
"lut_entry","196","delay_template_5x5","","","","","","7",0
"lut_entry","196","delay_template_5x5","","","","","","8",0
"lut_entry","196","delay_template_5x5","","","","","","9",0
"lut_entry","196","delay_template_5x5","","","","","","10",0
"lut_entry","196","delay_template_5x5","","","","","","11",0
"lut_entry","196","delay_template_5x5","","","","","","12",0
"lut_entry","196","delay_template_5x5","","","","","","13",0
"lut_entry","196","delay_template_5x5","","","","","","14",0
"lut_entry","196","delay_template_5x5","","","","","","15",0
"lut_entry","196","delay_template_5x5","","","","","","16",0
"lut_entry","196","delay_template_5x5","","","","","","17",0
"lut_entry","196","delay_template_5x5","","","","","","18",0
"lut_entry","196","delay_template_5x5","","","","","","19",0
"lut_entry","196","delay_template_5x5","","","","","","20",0
"lut_entry","196","delay_template_5x5","","","","","","21",0
"lut_entry","196","delay_template_5x5","","","","","","22",0
"lut_entry","196","delay_template_5x5","","","","","","23",0
"lut_entry","196","delay_template_5x5","","","","","","24",0
"lut_entry","197","delay_template_5x5","","","","","","0",0
"lut_entry","197","delay_template_5x5","","","","","","1",0
"lut_entry","197","delay_template_5x5","","","","","","2",0
"lut_entry","197","delay_template_5x5","","","","","","3",0
"lut_entry","197","delay_template_5x5","","","","","","4",0
"lut_entry","197","delay_template_5x5","","","","","","5",0
"lut_entry","197","delay_template_5x5","","","","","","6",0
"lut_entry","197","delay_template_5x5","","","","","","7",0
"lut_entry","197","delay_template_5x5","","","","","","8",0
"lut_entry","197","delay_template_5x5","","","","","","9",0
"lut_entry","197","delay_template_5x5","","","","","","10",0
"lut_entry","197","delay_template_5x5","","","","","","11",0
"lut_entry","197","delay_template_5x5","","","","","","12",0
"lut_entry","197","delay_template_5x5","","","","","","13",0
"lut_entry","197","delay_template_5x5","","","","","","14",0
"lut_entry","197","delay_template_5x5","","","","","","15",0
"lut_entry","197","delay_template_5x5","","","","","","16",0
"lut_entry","197","delay_template_5x5","","","","","","17",0
"lut_entry","197","delay_template_5x5","","","","","","18",0
"lut_entry","197","delay_template_5x5","","","","","","19",0
"lut_entry","197","delay_template_5x5","","","","","","20",0
"lut_entry","197","delay_template_5x5","","","","","","21",0
"lut_entry","197","delay_template_5x5","","","","","","22",0
"lut_entry","197","delay_template_5x5","","","","","","23",0
"lut_entry","197","delay_template_5x5","","","","","","24",0
"lut_entry","198","delay_template_5x5","","","","","","0",0
"lut_entry","198","delay_template_5x5","","","","","","1",0
"lut_entry","198","delay_template_5x5","","","","","","2",0
"lut_entry","198","delay_template_5x5","","","","","","3",0
"lut_entry","198","delay_template_5x5","","","","","","4",0
"lut_entry","198","delay_template_5x5","","","","","","5",0
"lut_entry","198","delay_template_5x5","","","","","","6",0
"lut_entry","198","delay_template_5x5","","","","","","7",0
"lut_entry","198","delay_template_5x5","","","","","","8",0
"lut_entry","198","delay_template_5x5","","","","","","9",0
"lut_entry","198","delay_template_5x5","","","","","","10",0
"lut_entry","198","delay_template_5x5","","","","","","11",0
"lut_entry","198","delay_template_5x5","","","","","","12",0
"lut_entry","198","delay_template_5x5","","","","","","13",0
"lut_entry","198","delay_template_5x5","","","","","","14",0
"lut_entry","198","delay_template_5x5","","","","","","15",0
"lut_entry","198","delay_template_5x5","","","","","","16",0
"lut_entry","198","delay_template_5x5","","","","","","17",0
"lut_entry","198","delay_template_5x5","","","","","","18",0
"lut_entry","198","delay_template_5x5","","","","","","19",0
"lut_entry","198","delay_template_5x5","","","","","","20",0
"lut_entry","198","delay_template_5x5","","","","","","21",0
"lut_entry","198","delay_template_5x5","","","","","","22",0
"lut_entry","198","delay_template_5x5","","","","","","23",0
"lut_entry","198","delay_template_5x5","","","","","","24",0
"lut_entry","199","delay_template_5x5","","","","","","0",0
"lut_entry","199","delay_template_5x5","","","","","","1",0
"lut_entry","199","delay_template_5x5","","","","","","2",0
"lut_entry","199","delay_template_5x5","","","","","","3",0
"lut_entry","199","delay_template_5x5","","","","","","4",0
"lut_entry","199","delay_template_5x5","","","","","","5",0
"lut_entry","199","delay_template_5x5","","","","","","6",0
"lut_entry","199","delay_template_5x5","","","","","","7",0
"lut_entry","199","delay_template_5x5","","","","","","8",0
"lut_entry","199","delay_template_5x5","","","","","","9",0
"lut_entry","199","delay_template_5x5","","","","","","10",0
"lut_entry","199","delay_template_5x5","","","","","","11",0
"lut_entry","199","delay_template_5x5","","","","","","12",0
"lut_entry","199","delay_template_5x5","","","","","","13",0
"lut_entry","199","delay_template_5x5","","","","","","14",0
"lut_entry","199","delay_template_5x5","","","","","","15",0
"lut_entry","199","delay_template_5x5","","","","","","16",0
"lut_entry","199","delay_template_5x5","","","","","","17",0
"lut_entry","199","delay_template_5x5","","","","","","18",0
"lut_entry","199","delay_template_5x5","","","","","","19",0
"lut_entry","199","delay_template_5x5","","","","","","20",0
"lut_entry","199","delay_template_5x5","","","","","","21",0
"lut_entry","199","delay_template_5x5","","","","","","22",0
"lut_entry","199","delay_template_5x5","","","","","","23",0
"lut_entry","199","delay_template_5x5","","","","","","24",0
"lut_entry","200","delay_template_5x5","","","","","","0",0
"lut_entry","200","delay_template_5x5","","","","","","1",0
"lut_entry","200","delay_template_5x5","","","","","","2",0
"lut_entry","200","delay_template_5x5","","","","","","3",0
"lut_entry","200","delay_template_5x5","","","","","","4",0
"lut_entry","200","delay_template_5x5","","","","","","5",0
"lut_entry","200","delay_template_5x5","","","","","","6",0
"lut_entry","200","delay_template_5x5","","","","","","7",0
"lut_entry","200","delay_template_5x5","","","","","","8",0
"lut_entry","200","delay_template_5x5","","","","","","9",0
"lut_entry","200","delay_template_5x5","","","","","","10",0
"lut_entry","200","delay_template_5x5","","","","","","11",0
"lut_entry","200","delay_template_5x5","","","","","","12",0
"lut_entry","200","delay_template_5x5","","","","","","13",0
"lut_entry","200","delay_template_5x5","","","","","","14",0
"lut_entry","200","delay_template_5x5","","","","","","15",0
"lut_entry","200","delay_template_5x5","","","","","","16",0
"lut_entry","200","delay_template_5x5","","","","","","17",0
"lut_entry","200","delay_template_5x5","","","","","","18",0
"lut_entry","200","delay_template_5x5","","","","","","19",0
"lut_entry","200","delay_template_5x5","","","","","","20",0
"lut_entry","200","delay_template_5x5","","","","","","21",0
"lut_entry","200","delay_template_5x5","","","","","","22",0
"lut_entry","200","delay_template_5x5","","","","","","23",0
"lut_entry","200","delay_template_5x5","","","","","","24",0
"lut_entry","201","delay_template_5x5","","","","","","0",0
"lut_entry","201","delay_template_5x5","","","","","","1",0
"lut_entry","201","delay_template_5x5","","","","","","2",0
"lut_entry","201","delay_template_5x5","","","","","","3",0
"lut_entry","201","delay_template_5x5","","","","","","4",0
"lut_entry","201","delay_template_5x5","","","","","","5",0
"lut_entry","201","delay_template_5x5","","","","","","6",0
"lut_entry","201","delay_template_5x5","","","","","","7",0
"lut_entry","201","delay_template_5x5","","","","","","8",0
"lut_entry","201","delay_template_5x5","","","","","","9",0
"lut_entry","201","delay_template_5x5","","","","","","10",0
"lut_entry","201","delay_template_5x5","","","","","","11",0
"lut_entry","201","delay_template_5x5","","","","","","12",0
"lut_entry","201","delay_template_5x5","","","","","","13",0
"lut_entry","201","delay_template_5x5","","","","","","14",0
"lut_entry","201","delay_template_5x5","","","","","","15",0
"lut_entry","201","delay_template_5x5","","","","","","16",0
"lut_entry","201","delay_template_5x5","","","","","","17",0
"lut_entry","201","delay_template_5x5","","","","","","18",0
"lut_entry","201","delay_template_5x5","","","","","","19",0
"lut_entry","201","delay_template_5x5","","","","","","20",0
"lut_entry","201","delay_template_5x5","","","","","","21",0
"lut_entry","201","delay_template_5x5","","","","","","22",0
"lut_entry","201","delay_template_5x5","","","","","","23",0
"lut_entry","201","delay_template_5x5","","","","","","24",0
"lut_entry","202","delay_template_5x5","","","","","","0",0
"lut_entry","202","delay_template_5x5","","","","","","1",0
"lut_entry","202","delay_template_5x5","","","","","","2",0
"lut_entry","202","delay_template_5x5","","","","","","3",0
"lut_entry","202","delay_template_5x5","","","","","","4",0
"lut_entry","202","delay_template_5x5","","","","","","5",0
"lut_entry","202","delay_template_5x5","","","","","","6",0
"lut_entry","202","delay_template_5x5","","","","","","7",0
"lut_entry","202","delay_template_5x5","","","","","","8",0
"lut_entry","202","delay_template_5x5","","","","","","9",0
"lut_entry","202","delay_template_5x5","","","","","","10",0
"lut_entry","202","delay_template_5x5","","","","","","11",0
"lut_entry","202","delay_template_5x5","","","","","","12",0
"lut_entry","202","delay_template_5x5","","","","","","13",0
"lut_entry","202","delay_template_5x5","","","","","","14",0
"lut_entry","202","delay_template_5x5","","","","","","15",0
"lut_entry","202","delay_template_5x5","","","","","","16",0
"lut_entry","202","delay_template_5x5","","","","","","17",0
"lut_entry","202","delay_template_5x5","","","","","","18",0
"lut_entry","202","delay_template_5x5","","","","","","19",0
"lut_entry","202","delay_template_5x5","","","","","","20",0
"lut_entry","202","delay_template_5x5","","","","","","21",0
"lut_entry","202","delay_template_5x5","","","","","","22",0
"lut_entry","202","delay_template_5x5","","","","","","23",0
"lut_entry","202","delay_template_5x5","","","","","","24",0
"lut_entry","203","delay_template_5x5","","","","","","0",0
"lut_entry","203","delay_template_5x5","","","","","","1",0
"lut_entry","203","delay_template_5x5","","","","","","2",0
"lut_entry","203","delay_template_5x5","","","","","","3",0
"lut_entry","203","delay_template_5x5","","","","","","4",0
"lut_entry","203","delay_template_5x5","","","","","","5",0
"lut_entry","203","delay_template_5x5","","","","","","6",0
"lut_entry","203","delay_template_5x5","","","","","","7",0
"lut_entry","203","delay_template_5x5","","","","","","8",0
"lut_entry","203","delay_template_5x5","","","","","","9",0
"lut_entry","203","delay_template_5x5","","","","","","10",0
"lut_entry","203","delay_template_5x5","","","","","","11",0
"lut_entry","203","delay_template_5x5","","","","","","12",0
"lut_entry","203","delay_template_5x5","","","","","","13",0
"lut_entry","203","delay_template_5x5","","","","","","14",0
"lut_entry","203","delay_template_5x5","","","","","","15",0
"lut_entry","203","delay_template_5x5","","","","","","16",0
"lut_entry","203","delay_template_5x5","","","","","","17",0
"lut_entry","203","delay_template_5x5","","","","","","18",0
"lut_entry","203","delay_template_5x5","","","","","","19",0
"lut_entry","203","delay_template_5x5","","","","","","20",0
"lut_entry","203","delay_template_5x5","","","","","","21",0
"lut_entry","203","delay_template_5x5","","","","","","22",0
"lut_entry","203","delay_template_5x5","","","","","","23",0
"lut_entry","203","delay_template_5x5","","","","","","24",0
"lut_entry","204","delay_template_5x5","","","","","","0",0
"lut_entry","204","delay_template_5x5","","","","","","1",0
"lut_entry","204","delay_template_5x5","","","","","","2",0
"lut_entry","204","delay_template_5x5","","","","","","3",0
"lut_entry","204","delay_template_5x5","","","","","","4",0
"lut_entry","204","delay_template_5x5","","","","","","5",0
"lut_entry","204","delay_template_5x5","","","","","","6",0
"lut_entry","204","delay_template_5x5","","","","","","7",0
"lut_entry","204","delay_template_5x5","","","","","","8",0
"lut_entry","204","delay_template_5x5","","","","","","9",0
"lut_entry","204","delay_template_5x5","","","","","","10",0
"lut_entry","204","delay_template_5x5","","","","","","11",0
"lut_entry","204","delay_template_5x5","","","","","","12",0
"lut_entry","204","delay_template_5x5","","","","","","13",0
"lut_entry","204","delay_template_5x5","","","","","","14",0
"lut_entry","204","delay_template_5x5","","","","","","15",0
"lut_entry","204","delay_template_5x5","","","","","","16",0
"lut_entry","204","delay_template_5x5","","","","","","17",0
"lut_entry","204","delay_template_5x5","","","","","","18",0
"lut_entry","204","delay_template_5x5","","","","","","19",0
"lut_entry","204","delay_template_5x5","","","","","","20",0
"lut_entry","204","delay_template_5x5","","","","","","21",0
"lut_entry","204","delay_template_5x5","","","","","","22",0
"lut_entry","204","delay_template_5x5","","","","","","23",0
"lut_entry","204","delay_template_5x5","","","","","","24",0
"lut_entry","205","delay_template_5x5","","","","","","0",0
"lut_entry","205","delay_template_5x5","","","","","","1",0
"lut_entry","205","delay_template_5x5","","","","","","2",0
"lut_entry","205","delay_template_5x5","","","","","","3",0
"lut_entry","205","delay_template_5x5","","","","","","4",0
"lut_entry","205","delay_template_5x5","","","","","","5",0
"lut_entry","205","delay_template_5x5","","","","","","6",0
"lut_entry","205","delay_template_5x5","","","","","","7",0
"lut_entry","205","delay_template_5x5","","","","","","8",0
"lut_entry","205","delay_template_5x5","","","","","","9",0
"lut_entry","205","delay_template_5x5","","","","","","10",0
"lut_entry","205","delay_template_5x5","","","","","","11",0
"lut_entry","205","delay_template_5x5","","","","","","12",0
"lut_entry","205","delay_template_5x5","","","","","","13",0
"lut_entry","205","delay_template_5x5","","","","","","14",0
"lut_entry","205","delay_template_5x5","","","","","","15",0
"lut_entry","205","delay_template_5x5","","","","","","16",0
"lut_entry","205","delay_template_5x5","","","","","","17",0
"lut_entry","205","delay_template_5x5","","","","","","18",0
"lut_entry","205","delay_template_5x5","","","","","","19",0
"lut_entry","205","delay_template_5x5","","","","","","20",0
"lut_entry","205","delay_template_5x5","","","","","","21",0
"lut_entry","205","delay_template_5x5","","","","","","22",0
"lut_entry","205","delay_template_5x5","","","","","","23",0
"lut_entry","205","delay_template_5x5","","","","","","24",0
"lut_entry","206","delay_template_5x5","","","","","","0",0
"lut_entry","206","delay_template_5x5","","","","","","1",0
"lut_entry","206","delay_template_5x5","","","","","","2",0
"lut_entry","206","delay_template_5x5","","","","","","3",0
"lut_entry","206","delay_template_5x5","","","","","","4",0
"lut_entry","206","delay_template_5x5","","","","","","5",0
"lut_entry","206","delay_template_5x5","","","","","","6",0
"lut_entry","206","delay_template_5x5","","","","","","7",0
"lut_entry","206","delay_template_5x5","","","","","","8",0
"lut_entry","206","delay_template_5x5","","","","","","9",0
"lut_entry","206","delay_template_5x5","","","","","","10",0
"lut_entry","206","delay_template_5x5","","","","","","11",0
"lut_entry","206","delay_template_5x5","","","","","","12",0
"lut_entry","206","delay_template_5x5","","","","","","13",0
"lut_entry","206","delay_template_5x5","","","","","","14",0
"lut_entry","206","delay_template_5x5","","","","","","15",0
"lut_entry","206","delay_template_5x5","","","","","","16",0
"lut_entry","206","delay_template_5x5","","","","","","17",0
"lut_entry","206","delay_template_5x5","","","","","","18",0
"lut_entry","206","delay_template_5x5","","","","","","19",0
"lut_entry","206","delay_template_5x5","","","","","","20",0
"lut_entry","206","delay_template_5x5","","","","","","21",0
"lut_entry","206","delay_template_5x5","","","","","","22",0
"lut_entry","206","delay_template_5x5","","","","","","23",0
"lut_entry","206","delay_template_5x5","","","","","","24",0
"lut_entry","207","delay_template_5x5","","","","","","0",0
"lut_entry","207","delay_template_5x5","","","","","","1",0
"lut_entry","207","delay_template_5x5","","","","","","2",0
"lut_entry","207","delay_template_5x5","","","","","","3",0
"lut_entry","207","delay_template_5x5","","","","","","4",0
"lut_entry","207","delay_template_5x5","","","","","","5",0
"lut_entry","207","delay_template_5x5","","","","","","6",0
"lut_entry","207","delay_template_5x5","","","","","","7",0
"lut_entry","207","delay_template_5x5","","","","","","8",0
"lut_entry","207","delay_template_5x5","","","","","","9",0
"lut_entry","207","delay_template_5x5","","","","","","10",0
"lut_entry","207","delay_template_5x5","","","","","","11",0
"lut_entry","207","delay_template_5x5","","","","","","12",0
"lut_entry","207","delay_template_5x5","","","","","","13",0
"lut_entry","207","delay_template_5x5","","","","","","14",0
"lut_entry","207","delay_template_5x5","","","","","","15",0
"lut_entry","207","delay_template_5x5","","","","","","16",0
"lut_entry","207","delay_template_5x5","","","","","","17",0
"lut_entry","207","delay_template_5x5","","","","","","18",0
"lut_entry","207","delay_template_5x5","","","","","","19",0
"lut_entry","207","delay_template_5x5","","","","","","20",0
"lut_entry","207","delay_template_5x5","","","","","","21",0
"lut_entry","207","delay_template_5x5","","","","","","22",0
"lut_entry","207","delay_template_5x5","","","","","","23",0
"lut_entry","207","delay_template_5x5","","","","","","24",0
"lut_entry","208","delay_template_5x5","","","","","","0",0
"lut_entry","208","delay_template_5x5","","","","","","1",0
"lut_entry","208","delay_template_5x5","","","","","","2",0
"lut_entry","208","delay_template_5x5","","","","","","3",0
"lut_entry","208","delay_template_5x5","","","","","","4",0
"lut_entry","208","delay_template_5x5","","","","","","5",0
"lut_entry","208","delay_template_5x5","","","","","","6",0
"lut_entry","208","delay_template_5x5","","","","","","7",0
"lut_entry","208","delay_template_5x5","","","","","","8",0
"lut_entry","208","delay_template_5x5","","","","","","9",0
"lut_entry","208","delay_template_5x5","","","","","","10",0
"lut_entry","208","delay_template_5x5","","","","","","11",0
"lut_entry","208","delay_template_5x5","","","","","","12",0
"lut_entry","208","delay_template_5x5","","","","","","13",0
"lut_entry","208","delay_template_5x5","","","","","","14",0
"lut_entry","208","delay_template_5x5","","","","","","15",0
"lut_entry","208","delay_template_5x5","","","","","","16",0
"lut_entry","208","delay_template_5x5","","","","","","17",0
"lut_entry","208","delay_template_5x5","","","","","","18",0
"lut_entry","208","delay_template_5x5","","","","","","19",0
"lut_entry","208","delay_template_5x5","","","","","","20",0
"lut_entry","208","delay_template_5x5","","","","","","21",0
"lut_entry","208","delay_template_5x5","","","","","","22",0
"lut_entry","208","delay_template_5x5","","","","","","23",0
"lut_entry","208","delay_template_5x5","","","","","","24",0
"lut_entry","209","delay_template_5x5","","","","","","0",0
"lut_entry","209","delay_template_5x5","","","","","","1",0
"lut_entry","209","delay_template_5x5","","","","","","2",0
"lut_entry","209","delay_template_5x5","","","","","","3",0
"lut_entry","209","delay_template_5x5","","","","","","4",0
"lut_entry","209","delay_template_5x5","","","","","","5",0
"lut_entry","209","delay_template_5x5","","","","","","6",0
"lut_entry","209","delay_template_5x5","","","","","","7",0
"lut_entry","209","delay_template_5x5","","","","","","8",0
"lut_entry","209","delay_template_5x5","","","","","","9",0
"lut_entry","209","delay_template_5x5","","","","","","10",0
"lut_entry","209","delay_template_5x5","","","","","","11",0
"lut_entry","209","delay_template_5x5","","","","","","12",0
"lut_entry","209","delay_template_5x5","","","","","","13",0
"lut_entry","209","delay_template_5x5","","","","","","14",0
"lut_entry","209","delay_template_5x5","","","","","","15",0
"lut_entry","209","delay_template_5x5","","","","","","16",0
"lut_entry","209","delay_template_5x5","","","","","","17",0
"lut_entry","209","delay_template_5x5","","","","","","18",0
"lut_entry","209","delay_template_5x5","","","","","","19",0
"lut_entry","209","delay_template_5x5","","","","","","20",0
"lut_entry","209","delay_template_5x5","","","","","","21",0
"lut_entry","209","delay_template_5x5","","","","","","22",0
"lut_entry","209","delay_template_5x5","","","","","","23",0
"lut_entry","209","delay_template_5x5","","","","","","24",0
"lut_entry","210","delay_template_5x5","","","","","","0",0
"lut_entry","210","delay_template_5x5","","","","","","1",0
"lut_entry","210","delay_template_5x5","","","","","","2",0
"lut_entry","210","delay_template_5x5","","","","","","3",0
"lut_entry","210","delay_template_5x5","","","","","","4",0
"lut_entry","210","delay_template_5x5","","","","","","5",0
"lut_entry","210","delay_template_5x5","","","","","","6",0
"lut_entry","210","delay_template_5x5","","","","","","7",0
"lut_entry","210","delay_template_5x5","","","","","","8",0
"lut_entry","210","delay_template_5x5","","","","","","9",0
"lut_entry","210","delay_template_5x5","","","","","","10",0
"lut_entry","210","delay_template_5x5","","","","","","11",0
"lut_entry","210","delay_template_5x5","","","","","","12",0
"lut_entry","210","delay_template_5x5","","","","","","13",0
"lut_entry","210","delay_template_5x5","","","","","","14",0
"lut_entry","210","delay_template_5x5","","","","","","15",0
"lut_entry","210","delay_template_5x5","","","","","","16",0
"lut_entry","210","delay_template_5x5","","","","","","17",0
"lut_entry","210","delay_template_5x5","","","","","","18",0
"lut_entry","210","delay_template_5x5","","","","","","19",0
"lut_entry","210","delay_template_5x5","","","","","","20",0
"lut_entry","210","delay_template_5x5","","","","","","21",0
"lut_entry","210","delay_template_5x5","","","","","","22",0
"lut_entry","210","delay_template_5x5","","","","","","23",0
"lut_entry","210","delay_template_5x5","","","","","","24",0
"lut_entry","211","delay_template_5x5","","","","","","0",0
"lut_entry","211","delay_template_5x5","","","","","","1",0
"lut_entry","211","delay_template_5x5","","","","","","2",0
"lut_entry","211","delay_template_5x5","","","","","","3",0
"lut_entry","211","delay_template_5x5","","","","","","4",0
"lut_entry","211","delay_template_5x5","","","","","","5",0
"lut_entry","211","delay_template_5x5","","","","","","6",0
"lut_entry","211","delay_template_5x5","","","","","","7",0
"lut_entry","211","delay_template_5x5","","","","","","8",0
"lut_entry","211","delay_template_5x5","","","","","","9",0
"lut_entry","211","delay_template_5x5","","","","","","10",0
"lut_entry","211","delay_template_5x5","","","","","","11",0
"lut_entry","211","delay_template_5x5","","","","","","12",0
"lut_entry","211","delay_template_5x5","","","","","","13",0
"lut_entry","211","delay_template_5x5","","","","","","14",0
"lut_entry","211","delay_template_5x5","","","","","","15",0
"lut_entry","211","delay_template_5x5","","","","","","16",0
"lut_entry","211","delay_template_5x5","","","","","","17",0
"lut_entry","211","delay_template_5x5","","","","","","18",0
"lut_entry","211","delay_template_5x5","","","","","","19",0
"lut_entry","211","delay_template_5x5","","","","","","20",0
"lut_entry","211","delay_template_5x5","","","","","","21",0
"lut_entry","211","delay_template_5x5","","","","","","22",0
"lut_entry","211","delay_template_5x5","","","","","","23",0
"lut_entry","211","delay_template_5x5","","","","","","24",0
"lut_entry","212","delay_template_5x5","","","","","","0",0
"lut_entry","212","delay_template_5x5","","","","","","1",0
"lut_entry","212","delay_template_5x5","","","","","","2",0
"lut_entry","212","delay_template_5x5","","","","","","3",0
"lut_entry","212","delay_template_5x5","","","","","","4",0
"lut_entry","212","delay_template_5x5","","","","","","5",0
"lut_entry","212","delay_template_5x5","","","","","","6",0
"lut_entry","212","delay_template_5x5","","","","","","7",0
"lut_entry","212","delay_template_5x5","","","","","","8",0
"lut_entry","212","delay_template_5x5","","","","","","9",0
"lut_entry","212","delay_template_5x5","","","","","","10",0
"lut_entry","212","delay_template_5x5","","","","","","11",0
"lut_entry","212","delay_template_5x5","","","","","","12",0
"lut_entry","212","delay_template_5x5","","","","","","13",0
"lut_entry","212","delay_template_5x5","","","","","","14",0
"lut_entry","212","delay_template_5x5","","","","","","15",0
"lut_entry","212","delay_template_5x5","","","","","","16",0
"lut_entry","212","delay_template_5x5","","","","","","17",0
"lut_entry","212","delay_template_5x5","","","","","","18",0
"lut_entry","212","delay_template_5x5","","","","","","19",0
"lut_entry","212","delay_template_5x5","","","","","","20",0
"lut_entry","212","delay_template_5x5","","","","","","21",0
"lut_entry","212","delay_template_5x5","","","","","","22",0
"lut_entry","212","delay_template_5x5","","","","","","23",0
"lut_entry","212","delay_template_5x5","","","","","","24",0
"lut_entry","213","delay_template_5x5","","","","","","0",0
"lut_entry","213","delay_template_5x5","","","","","","1",0
"lut_entry","213","delay_template_5x5","","","","","","2",0
"lut_entry","213","delay_template_5x5","","","","","","3",0
"lut_entry","213","delay_template_5x5","","","","","","4",0
"lut_entry","213","delay_template_5x5","","","","","","5",0
"lut_entry","213","delay_template_5x5","","","","","","6",0
"lut_entry","213","delay_template_5x5","","","","","","7",0
"lut_entry","213","delay_template_5x5","","","","","","8",0
"lut_entry","213","delay_template_5x5","","","","","","9",0
"lut_entry","213","delay_template_5x5","","","","","","10",0
"lut_entry","213","delay_template_5x5","","","","","","11",0
"lut_entry","213","delay_template_5x5","","","","","","12",0
"lut_entry","213","delay_template_5x5","","","","","","13",0
"lut_entry","213","delay_template_5x5","","","","","","14",0
"lut_entry","213","delay_template_5x5","","","","","","15",0
"lut_entry","213","delay_template_5x5","","","","","","16",0
"lut_entry","213","delay_template_5x5","","","","","","17",0
"lut_entry","213","delay_template_5x5","","","","","","18",0
"lut_entry","213","delay_template_5x5","","","","","","19",0
"lut_entry","213","delay_template_5x5","","","","","","20",0
"lut_entry","213","delay_template_5x5","","","","","","21",0
"lut_entry","213","delay_template_5x5","","","","","","22",0
"lut_entry","213","delay_template_5x5","","","","","","23",0
"lut_entry","213","delay_template_5x5","","","","","","24",0
"lut_entry","214","delay_template_5x5","","","","","","0",0
"lut_entry","214","delay_template_5x5","","","","","","1",0
"lut_entry","214","delay_template_5x5","","","","","","2",0
"lut_entry","214","delay_template_5x5","","","","","","3",0
"lut_entry","214","delay_template_5x5","","","","","","4",0
"lut_entry","214","delay_template_5x5","","","","","","5",0
"lut_entry","214","delay_template_5x5","","","","","","6",0
"lut_entry","214","delay_template_5x5","","","","","","7",0
"lut_entry","214","delay_template_5x5","","","","","","8",0
"lut_entry","214","delay_template_5x5","","","","","","9",0
"lut_entry","214","delay_template_5x5","","","","","","10",0
"lut_entry","214","delay_template_5x5","","","","","","11",0
"lut_entry","214","delay_template_5x5","","","","","","12",0
"lut_entry","214","delay_template_5x5","","","","","","13",0
"lut_entry","214","delay_template_5x5","","","","","","14",0
"lut_entry","214","delay_template_5x5","","","","","","15",0
"lut_entry","214","delay_template_5x5","","","","","","16",0
"lut_entry","214","delay_template_5x5","","","","","","17",0
"lut_entry","214","delay_template_5x5","","","","","","18",0
"lut_entry","214","delay_template_5x5","","","","","","19",0
"lut_entry","214","delay_template_5x5","","","","","","20",0
"lut_entry","214","delay_template_5x5","","","","","","21",0
"lut_entry","214","delay_template_5x5","","","","","","22",0
"lut_entry","214","delay_template_5x5","","","","","","23",0
"lut_entry","214","delay_template_5x5","","","","","","24",0
"lut_entry","215","delay_template_5x5","","","","","","0",0
"lut_entry","215","delay_template_5x5","","","","","","1",0
"lut_entry","215","delay_template_5x5","","","","","","2",0
"lut_entry","215","delay_template_5x5","","","","","","3",0
"lut_entry","215","delay_template_5x5","","","","","","4",0
"lut_entry","215","delay_template_5x5","","","","","","5",0
"lut_entry","215","delay_template_5x5","","","","","","6",0
"lut_entry","215","delay_template_5x5","","","","","","7",0
"lut_entry","215","delay_template_5x5","","","","","","8",0
"lut_entry","215","delay_template_5x5","","","","","","9",0
"lut_entry","215","delay_template_5x5","","","","","","10",0
"lut_entry","215","delay_template_5x5","","","","","","11",0
"lut_entry","215","delay_template_5x5","","","","","","12",0
"lut_entry","215","delay_template_5x5","","","","","","13",0
"lut_entry","215","delay_template_5x5","","","","","","14",0
"lut_entry","215","delay_template_5x5","","","","","","15",0
"lut_entry","215","delay_template_5x5","","","","","","16",0
"lut_entry","215","delay_template_5x5","","","","","","17",0
"lut_entry","215","delay_template_5x5","","","","","","18",0
"lut_entry","215","delay_template_5x5","","","","","","19",0
"lut_entry","215","delay_template_5x5","","","","","","20",0
"lut_entry","215","delay_template_5x5","","","","","","21",0
"lut_entry","215","delay_template_5x5","","","","","","22",0
"lut_entry","215","delay_template_5x5","","","","","","23",0
"lut_entry","215","delay_template_5x5","","","","","","24",0
"lut_entry","216","delay_template_5x5","","","","","","0",0
"lut_entry","216","delay_template_5x5","","","","","","1",0
"lut_entry","216","delay_template_5x5","","","","","","2",0
"lut_entry","216","delay_template_5x5","","","","","","3",0
"lut_entry","216","delay_template_5x5","","","","","","4",0
"lut_entry","216","delay_template_5x5","","","","","","5",0
"lut_entry","216","delay_template_5x5","","","","","","6",0
"lut_entry","216","delay_template_5x5","","","","","","7",0
"lut_entry","216","delay_template_5x5","","","","","","8",0
"lut_entry","216","delay_template_5x5","","","","","","9",0
"lut_entry","216","delay_template_5x5","","","","","","10",0
"lut_entry","216","delay_template_5x5","","","","","","11",0
"lut_entry","216","delay_template_5x5","","","","","","12",0
"lut_entry","216","delay_template_5x5","","","","","","13",0
"lut_entry","216","delay_template_5x5","","","","","","14",0
"lut_entry","216","delay_template_5x5","","","","","","15",0
"lut_entry","216","delay_template_5x5","","","","","","16",0
"lut_entry","216","delay_template_5x5","","","","","","17",0
"lut_entry","216","delay_template_5x5","","","","","","18",0
"lut_entry","216","delay_template_5x5","","","","","","19",0
"lut_entry","216","delay_template_5x5","","","","","","20",0
"lut_entry","216","delay_template_5x5","","","","","","21",0
"lut_entry","216","delay_template_5x5","","","","","","22",0
"lut_entry","216","delay_template_5x5","","","","","","23",0
"lut_entry","216","delay_template_5x5","","","","","","24",0
"lut_entry","217","delay_template_5x5","","","","","","0",0
"lut_entry","217","delay_template_5x5","","","","","","1",0
"lut_entry","217","delay_template_5x5","","","","","","2",0
"lut_entry","217","delay_template_5x5","","","","","","3",0
"lut_entry","217","delay_template_5x5","","","","","","4",0
"lut_entry","217","delay_template_5x5","","","","","","5",0
"lut_entry","217","delay_template_5x5","","","","","","6",0
"lut_entry","217","delay_template_5x5","","","","","","7",0
"lut_entry","217","delay_template_5x5","","","","","","8",0
"lut_entry","217","delay_template_5x5","","","","","","9",0
"lut_entry","217","delay_template_5x5","","","","","","10",0
"lut_entry","217","delay_template_5x5","","","","","","11",0
"lut_entry","217","delay_template_5x5","","","","","","12",0
"lut_entry","217","delay_template_5x5","","","","","","13",0
"lut_entry","217","delay_template_5x5","","","","","","14",0
"lut_entry","217","delay_template_5x5","","","","","","15",0
"lut_entry","217","delay_template_5x5","","","","","","16",0
"lut_entry","217","delay_template_5x5","","","","","","17",0
"lut_entry","217","delay_template_5x5","","","","","","18",0
"lut_entry","217","delay_template_5x5","","","","","","19",0
"lut_entry","217","delay_template_5x5","","","","","","20",0
"lut_entry","217","delay_template_5x5","","","","","","21",0
"lut_entry","217","delay_template_5x5","","","","","","22",0
"lut_entry","217","delay_template_5x5","","","","","","23",0
"lut_entry","217","delay_template_5x5","","","","","","24",0
"lut_entry","218","delay_template_5x5","","","","","","0",0
"lut_entry","218","delay_template_5x5","","","","","","1",0
"lut_entry","218","delay_template_5x5","","","","","","2",0
"lut_entry","218","delay_template_5x5","","","","","","3",0
"lut_entry","218","delay_template_5x5","","","","","","4",0
"lut_entry","218","delay_template_5x5","","","","","","5",0
"lut_entry","218","delay_template_5x5","","","","","","6",0
"lut_entry","218","delay_template_5x5","","","","","","7",0
"lut_entry","218","delay_template_5x5","","","","","","8",0
"lut_entry","218","delay_template_5x5","","","","","","9",0
"lut_entry","218","delay_template_5x5","","","","","","10",0
"lut_entry","218","delay_template_5x5","","","","","","11",0
"lut_entry","218","delay_template_5x5","","","","","","12",0
"lut_entry","218","delay_template_5x5","","","","","","13",0
"lut_entry","218","delay_template_5x5","","","","","","14",0
"lut_entry","218","delay_template_5x5","","","","","","15",0
"lut_entry","218","delay_template_5x5","","","","","","16",0
"lut_entry","218","delay_template_5x5","","","","","","17",0
"lut_entry","218","delay_template_5x5","","","","","","18",0
"lut_entry","218","delay_template_5x5","","","","","","19",0
"lut_entry","218","delay_template_5x5","","","","","","20",0
"lut_entry","218","delay_template_5x5","","","","","","21",0
"lut_entry","218","delay_template_5x5","","","","","","22",0
"lut_entry","218","delay_template_5x5","","","","","","23",0
"lut_entry","218","delay_template_5x5","","","","","","24",0
"lut_entry","219","delay_template_5x5","","","","","","0",0
"lut_entry","219","delay_template_5x5","","","","","","1",0
"lut_entry","219","delay_template_5x5","","","","","","2",0
"lut_entry","219","delay_template_5x5","","","","","","3",0
"lut_entry","219","delay_template_5x5","","","","","","4",0
"lut_entry","219","delay_template_5x5","","","","","","5",0
"lut_entry","219","delay_template_5x5","","","","","","6",0
"lut_entry","219","delay_template_5x5","","","","","","7",0
"lut_entry","219","delay_template_5x5","","","","","","8",0
"lut_entry","219","delay_template_5x5","","","","","","9",0
"lut_entry","219","delay_template_5x5","","","","","","10",0
"lut_entry","219","delay_template_5x5","","","","","","11",0
"lut_entry","219","delay_template_5x5","","","","","","12",0
"lut_entry","219","delay_template_5x5","","","","","","13",0
"lut_entry","219","delay_template_5x5","","","","","","14",0
"lut_entry","219","delay_template_5x5","","","","","","15",0
"lut_entry","219","delay_template_5x5","","","","","","16",0
"lut_entry","219","delay_template_5x5","","","","","","17",0
"lut_entry","219","delay_template_5x5","","","","","","18",0
"lut_entry","219","delay_template_5x5","","","","","","19",0
"lut_entry","219","delay_template_5x5","","","","","","20",0
"lut_entry","219","delay_template_5x5","","","","","","21",0
"lut_entry","219","delay_template_5x5","","","","","","22",0
"lut_entry","219","delay_template_5x5","","","","","","23",0
"lut_entry","219","delay_template_5x5","","","","","","24",0
"lut_entry","220","delay_template_5x5","","","","","","0",0
"lut_entry","220","delay_template_5x5","","","","","","1",0
"lut_entry","220","delay_template_5x5","","","","","","2",0
"lut_entry","220","delay_template_5x5","","","","","","3",0
"lut_entry","220","delay_template_5x5","","","","","","4",0
"lut_entry","220","delay_template_5x5","","","","","","5",0
"lut_entry","220","delay_template_5x5","","","","","","6",0
"lut_entry","220","delay_template_5x5","","","","","","7",0
"lut_entry","220","delay_template_5x5","","","","","","8",0
"lut_entry","220","delay_template_5x5","","","","","","9",0
"lut_entry","220","delay_template_5x5","","","","","","10",0
"lut_entry","220","delay_template_5x5","","","","","","11",0
"lut_entry","220","delay_template_5x5","","","","","","12",0
"lut_entry","220","delay_template_5x5","","","","","","13",0
"lut_entry","220","delay_template_5x5","","","","","","14",0
"lut_entry","220","delay_template_5x5","","","","","","15",0
"lut_entry","220","delay_template_5x5","","","","","","16",0
"lut_entry","220","delay_template_5x5","","","","","","17",0
"lut_entry","220","delay_template_5x5","","","","","","18",0
"lut_entry","220","delay_template_5x5","","","","","","19",0
"lut_entry","220","delay_template_5x5","","","","","","20",0
"lut_entry","220","delay_template_5x5","","","","","","21",0
"lut_entry","220","delay_template_5x5","","","","","","22",0
"lut_entry","220","delay_template_5x5","","","","","","23",0
"lut_entry","220","delay_template_5x5","","","","","","24",0
"lut_entry","221","delay_template_5x5","","","","","","0",0
"lut_entry","221","delay_template_5x5","","","","","","1",0
"lut_entry","221","delay_template_5x5","","","","","","2",0
"lut_entry","221","delay_template_5x5","","","","","","3",0
"lut_entry","221","delay_template_5x5","","","","","","4",0
"lut_entry","221","delay_template_5x5","","","","","","5",0
"lut_entry","221","delay_template_5x5","","","","","","6",0
"lut_entry","221","delay_template_5x5","","","","","","7",0
"lut_entry","221","delay_template_5x5","","","","","","8",0
"lut_entry","221","delay_template_5x5","","","","","","9",0
"lut_entry","221","delay_template_5x5","","","","","","10",0
"lut_entry","221","delay_template_5x5","","","","","","11",0
"lut_entry","221","delay_template_5x5","","","","","","12",0
"lut_entry","221","delay_template_5x5","","","","","","13",0
"lut_entry","221","delay_template_5x5","","","","","","14",0
"lut_entry","221","delay_template_5x5","","","","","","15",0
"lut_entry","221","delay_template_5x5","","","","","","16",0
"lut_entry","221","delay_template_5x5","","","","","","17",0
"lut_entry","221","delay_template_5x5","","","","","","18",0
"lut_entry","221","delay_template_5x5","","","","","","19",0
"lut_entry","221","delay_template_5x5","","","","","","20",0
"lut_entry","221","delay_template_5x5","","","","","","21",0
"lut_entry","221","delay_template_5x5","","","","","","22",0
"lut_entry","221","delay_template_5x5","","","","","","23",0
"lut_entry","221","delay_template_5x5","","","","","","24",0
"lut_entry","222","delay_template_5x5","","","","","","0",0
"lut_entry","222","delay_template_5x5","","","","","","1",0
"lut_entry","222","delay_template_5x5","","","","","","2",0
"lut_entry","222","delay_template_5x5","","","","","","3",0
"lut_entry","222","delay_template_5x5","","","","","","4",0
"lut_entry","222","delay_template_5x5","","","","","","5",0
"lut_entry","222","delay_template_5x5","","","","","","6",0
"lut_entry","222","delay_template_5x5","","","","","","7",0
"lut_entry","222","delay_template_5x5","","","","","","8",0
"lut_entry","222","delay_template_5x5","","","","","","9",0
"lut_entry","222","delay_template_5x5","","","","","","10",0
"lut_entry","222","delay_template_5x5","","","","","","11",0
"lut_entry","222","delay_template_5x5","","","","","","12",0
"lut_entry","222","delay_template_5x5","","","","","","13",0
"lut_entry","222","delay_template_5x5","","","","","","14",0
"lut_entry","222","delay_template_5x5","","","","","","15",0
"lut_entry","222","delay_template_5x5","","","","","","16",0
"lut_entry","222","delay_template_5x5","","","","","","17",0
"lut_entry","222","delay_template_5x5","","","","","","18",0
"lut_entry","222","delay_template_5x5","","","","","","19",0
"lut_entry","222","delay_template_5x5","","","","","","20",0
"lut_entry","222","delay_template_5x5","","","","","","21",0
"lut_entry","222","delay_template_5x5","","","","","","22",0
"lut_entry","222","delay_template_5x5","","","","","","23",0
"lut_entry","222","delay_template_5x5","","","","","","24",0
"lut_entry","223","delay_template_5x5","","","","","","0",0
"lut_entry","223","delay_template_5x5","","","","","","1",0
"lut_entry","223","delay_template_5x5","","","","","","2",0
"lut_entry","223","delay_template_5x5","","","","","","3",0
"lut_entry","223","delay_template_5x5","","","","","","4",0
"lut_entry","223","delay_template_5x5","","","","","","5",0
"lut_entry","223","delay_template_5x5","","","","","","6",0
"lut_entry","223","delay_template_5x5","","","","","","7",0
"lut_entry","223","delay_template_5x5","","","","","","8",0
"lut_entry","223","delay_template_5x5","","","","","","9",0
"lut_entry","223","delay_template_5x5","","","","","","10",0
"lut_entry","223","delay_template_5x5","","","","","","11",0
"lut_entry","223","delay_template_5x5","","","","","","12",0
"lut_entry","223","delay_template_5x5","","","","","","13",0
"lut_entry","223","delay_template_5x5","","","","","","14",0
"lut_entry","223","delay_template_5x5","","","","","","15",0
"lut_entry","223","delay_template_5x5","","","","","","16",0
"lut_entry","223","delay_template_5x5","","","","","","17",0
"lut_entry","223","delay_template_5x5","","","","","","18",0
"lut_entry","223","delay_template_5x5","","","","","","19",0
"lut_entry","223","delay_template_5x5","","","","","","20",0
"lut_entry","223","delay_template_5x5","","","","","","21",0
"lut_entry","223","delay_template_5x5","","","","","","22",0
"lut_entry","223","delay_template_5x5","","","","","","23",0
"lut_entry","223","delay_template_5x5","","","","","","24",0
"lut_entry","224","delay_template_5x5","","","","","","0",0
"lut_entry","224","delay_template_5x5","","","","","","1",0
"lut_entry","224","delay_template_5x5","","","","","","2",0
"lut_entry","224","delay_template_5x5","","","","","","3",0
"lut_entry","224","delay_template_5x5","","","","","","4",0
"lut_entry","224","delay_template_5x5","","","","","","5",0
"lut_entry","224","delay_template_5x5","","","","","","6",0
"lut_entry","224","delay_template_5x5","","","","","","7",0
"lut_entry","224","delay_template_5x5","","","","","","8",0
"lut_entry","224","delay_template_5x5","","","","","","9",0
"lut_entry","224","delay_template_5x5","","","","","","10",0
"lut_entry","224","delay_template_5x5","","","","","","11",0
"lut_entry","224","delay_template_5x5","","","","","","12",0
"lut_entry","224","delay_template_5x5","","","","","","13",0
"lut_entry","224","delay_template_5x5","","","","","","14",0
"lut_entry","224","delay_template_5x5","","","","","","15",0
"lut_entry","224","delay_template_5x5","","","","","","16",0
"lut_entry","224","delay_template_5x5","","","","","","17",0
"lut_entry","224","delay_template_5x5","","","","","","18",0
"lut_entry","224","delay_template_5x5","","","","","","19",0
"lut_entry","224","delay_template_5x5","","","","","","20",0
"lut_entry","224","delay_template_5x5","","","","","","21",0
"lut_entry","224","delay_template_5x5","","","","","","22",0
"lut_entry","224","delay_template_5x5","","","","","","23",0
"lut_entry","224","delay_template_5x5","","","","","","24",0
"lut_entry","225","delay_template_5x5","","","","","","0",0
"lut_entry","225","delay_template_5x5","","","","","","1",0
"lut_entry","225","delay_template_5x5","","","","","","2",0
"lut_entry","225","delay_template_5x5","","","","","","3",0
"lut_entry","225","delay_template_5x5","","","","","","4",0
"lut_entry","225","delay_template_5x5","","","","","","5",0
"lut_entry","225","delay_template_5x5","","","","","","6",0
"lut_entry","225","delay_template_5x5","","","","","","7",0
"lut_entry","225","delay_template_5x5","","","","","","8",0
"lut_entry","225","delay_template_5x5","","","","","","9",0
"lut_entry","225","delay_template_5x5","","","","","","10",0
"lut_entry","225","delay_template_5x5","","","","","","11",0
"lut_entry","225","delay_template_5x5","","","","","","12",0
"lut_entry","225","delay_template_5x5","","","","","","13",0
"lut_entry","225","delay_template_5x5","","","","","","14",0
"lut_entry","225","delay_template_5x5","","","","","","15",0
"lut_entry","225","delay_template_5x5","","","","","","16",0
"lut_entry","225","delay_template_5x5","","","","","","17",0
"lut_entry","225","delay_template_5x5","","","","","","18",0
"lut_entry","225","delay_template_5x5","","","","","","19",0
"lut_entry","225","delay_template_5x5","","","","","","20",0
"lut_entry","225","delay_template_5x5","","","","","","21",0
"lut_entry","225","delay_template_5x5","","","","","","22",0
"lut_entry","225","delay_template_5x5","","","","","","23",0
"lut_entry","225","delay_template_5x5","","","","","","24",0
"lut_entry","226","delay_template_5x5","","","","","","0",0
"lut_entry","226","delay_template_5x5","","","","","","1",0
"lut_entry","226","delay_template_5x5","","","","","","2",0
"lut_entry","226","delay_template_5x5","","","","","","3",0
"lut_entry","226","delay_template_5x5","","","","","","4",0
"lut_entry","226","delay_template_5x5","","","","","","5",0
"lut_entry","226","delay_template_5x5","","","","","","6",0
"lut_entry","226","delay_template_5x5","","","","","","7",0
"lut_entry","226","delay_template_5x5","","","","","","8",0
"lut_entry","226","delay_template_5x5","","","","","","9",0
"lut_entry","226","delay_template_5x5","","","","","","10",0
"lut_entry","226","delay_template_5x5","","","","","","11",0
"lut_entry","226","delay_template_5x5","","","","","","12",0
"lut_entry","226","delay_template_5x5","","","","","","13",0
"lut_entry","226","delay_template_5x5","","","","","","14",0
"lut_entry","226","delay_template_5x5","","","","","","15",0
"lut_entry","226","delay_template_5x5","","","","","","16",0
"lut_entry","226","delay_template_5x5","","","","","","17",0
"lut_entry","226","delay_template_5x5","","","","","","18",0
"lut_entry","226","delay_template_5x5","","","","","","19",0
"lut_entry","226","delay_template_5x5","","","","","","20",0
"lut_entry","226","delay_template_5x5","","","","","","21",0
"lut_entry","226","delay_template_5x5","","","","","","22",0
"lut_entry","226","delay_template_5x5","","","","","","23",0
"lut_entry","226","delay_template_5x5","","","","","","24",0
"lut_entry","227","delay_template_5x5","","","","","","0",0
"lut_entry","227","delay_template_5x5","","","","","","1",0
"lut_entry","227","delay_template_5x5","","","","","","2",0
"lut_entry","227","delay_template_5x5","","","","","","3",0
"lut_entry","227","delay_template_5x5","","","","","","4",0
"lut_entry","227","delay_template_5x5","","","","","","5",0
"lut_entry","227","delay_template_5x5","","","","","","6",0
"lut_entry","227","delay_template_5x5","","","","","","7",0
"lut_entry","227","delay_template_5x5","","","","","","8",0
"lut_entry","227","delay_template_5x5","","","","","","9",0
"lut_entry","227","delay_template_5x5","","","","","","10",0
"lut_entry","227","delay_template_5x5","","","","","","11",0
"lut_entry","227","delay_template_5x5","","","","","","12",0
"lut_entry","227","delay_template_5x5","","","","","","13",0
"lut_entry","227","delay_template_5x5","","","","","","14",0
"lut_entry","227","delay_template_5x5","","","","","","15",0
"lut_entry","227","delay_template_5x5","","","","","","16",0
"lut_entry","227","delay_template_5x5","","","","","","17",0
"lut_entry","227","delay_template_5x5","","","","","","18",0
"lut_entry","227","delay_template_5x5","","","","","","19",0
"lut_entry","227","delay_template_5x5","","","","","","20",0
"lut_entry","227","delay_template_5x5","","","","","","21",0
"lut_entry","227","delay_template_5x5","","","","","","22",0
"lut_entry","227","delay_template_5x5","","","","","","23",0
"lut_entry","227","delay_template_5x5","","","","","","24",0
"lut_entry","228","delay_template_5x5","","","","","","0",0
"lut_entry","228","delay_template_5x5","","","","","","1",0
"lut_entry","228","delay_template_5x5","","","","","","2",0
"lut_entry","228","delay_template_5x5","","","","","","3",0
"lut_entry","228","delay_template_5x5","","","","","","4",0
"lut_entry","228","delay_template_5x5","","","","","","5",0
"lut_entry","228","delay_template_5x5","","","","","","6",0
"lut_entry","228","delay_template_5x5","","","","","","7",0
"lut_entry","228","delay_template_5x5","","","","","","8",0
"lut_entry","228","delay_template_5x5","","","","","","9",0
"lut_entry","228","delay_template_5x5","","","","","","10",0
"lut_entry","228","delay_template_5x5","","","","","","11",0
"lut_entry","228","delay_template_5x5","","","","","","12",0
"lut_entry","228","delay_template_5x5","","","","","","13",0
"lut_entry","228","delay_template_5x5","","","","","","14",0
"lut_entry","228","delay_template_5x5","","","","","","15",0
"lut_entry","228","delay_template_5x5","","","","","","16",0
"lut_entry","228","delay_template_5x5","","","","","","17",0
"lut_entry","228","delay_template_5x5","","","","","","18",0
"lut_entry","228","delay_template_5x5","","","","","","19",0
"lut_entry","228","delay_template_5x5","","","","","","20",0
"lut_entry","228","delay_template_5x5","","","","","","21",0
"lut_entry","228","delay_template_5x5","","","","","","22",0
"lut_entry","228","delay_template_5x5","","","","","","23",0
"lut_entry","228","delay_template_5x5","","","","","","24",0
"lut_entry","229","delay_template_5x5","","","","","","0",0
"lut_entry","229","delay_template_5x5","","","","","","1",0
"lut_entry","229","delay_template_5x5","","","","","","2",0
"lut_entry","229","delay_template_5x5","","","","","","3",0
"lut_entry","229","delay_template_5x5","","","","","","4",0
"lut_entry","229","delay_template_5x5","","","","","","5",0
"lut_entry","229","delay_template_5x5","","","","","","6",0
"lut_entry","229","delay_template_5x5","","","","","","7",0
"lut_entry","229","delay_template_5x5","","","","","","8",0
"lut_entry","229","delay_template_5x5","","","","","","9",0
"lut_entry","229","delay_template_5x5","","","","","","10",0
"lut_entry","229","delay_template_5x5","","","","","","11",0
"lut_entry","229","delay_template_5x5","","","","","","12",0
"lut_entry","229","delay_template_5x5","","","","","","13",0
"lut_entry","229","delay_template_5x5","","","","","","14",0
"lut_entry","229","delay_template_5x5","","","","","","15",0
"lut_entry","229","delay_template_5x5","","","","","","16",0
"lut_entry","229","delay_template_5x5","","","","","","17",0
"lut_entry","229","delay_template_5x5","","","","","","18",0
"lut_entry","229","delay_template_5x5","","","","","","19",0
"lut_entry","229","delay_template_5x5","","","","","","20",0
"lut_entry","229","delay_template_5x5","","","","","","21",0
"lut_entry","229","delay_template_5x5","","","","","","22",0
"lut_entry","229","delay_template_5x5","","","","","","23",0
"lut_entry","229","delay_template_5x5","","","","","","24",0
"lut_entry","230","delay_template_5x5","","","","","","0",0
"lut_entry","230","delay_template_5x5","","","","","","1",0
"lut_entry","230","delay_template_5x5","","","","","","2",0
"lut_entry","230","delay_template_5x5","","","","","","3",0
"lut_entry","230","delay_template_5x5","","","","","","4",0
"lut_entry","230","delay_template_5x5","","","","","","5",0
"lut_entry","230","delay_template_5x5","","","","","","6",0
"lut_entry","230","delay_template_5x5","","","","","","7",0
"lut_entry","230","delay_template_5x5","","","","","","8",0
"lut_entry","230","delay_template_5x5","","","","","","9",0
"lut_entry","230","delay_template_5x5","","","","","","10",0
"lut_entry","230","delay_template_5x5","","","","","","11",0
"lut_entry","230","delay_template_5x5","","","","","","12",0
"lut_entry","230","delay_template_5x5","","","","","","13",0
"lut_entry","230","delay_template_5x5","","","","","","14",0
"lut_entry","230","delay_template_5x5","","","","","","15",0
"lut_entry","230","delay_template_5x5","","","","","","16",0
"lut_entry","230","delay_template_5x5","","","","","","17",0
"lut_entry","230","delay_template_5x5","","","","","","18",0
"lut_entry","230","delay_template_5x5","","","","","","19",0
"lut_entry","230","delay_template_5x5","","","","","","20",0
"lut_entry","230","delay_template_5x5","","","","","","21",0
"lut_entry","230","delay_template_5x5","","","","","","22",0
"lut_entry","230","delay_template_5x5","","","","","","23",0
"lut_entry","230","delay_template_5x5","","","","","","24",0
"lut_entry","231","delay_template_5x5","","","","","","0",0
"lut_entry","231","delay_template_5x5","","","","","","1",0
"lut_entry","231","delay_template_5x5","","","","","","2",0
"lut_entry","231","delay_template_5x5","","","","","","3",0
"lut_entry","231","delay_template_5x5","","","","","","4",0
"lut_entry","231","delay_template_5x5","","","","","","5",0
"lut_entry","231","delay_template_5x5","","","","","","6",0
"lut_entry","231","delay_template_5x5","","","","","","7",0
"lut_entry","231","delay_template_5x5","","","","","","8",0
"lut_entry","231","delay_template_5x5","","","","","","9",0
"lut_entry","231","delay_template_5x5","","","","","","10",0
"lut_entry","231","delay_template_5x5","","","","","","11",0
"lut_entry","231","delay_template_5x5","","","","","","12",0
"lut_entry","231","delay_template_5x5","","","","","","13",0
"lut_entry","231","delay_template_5x5","","","","","","14",0
"lut_entry","231","delay_template_5x5","","","","","","15",0
"lut_entry","231","delay_template_5x5","","","","","","16",0
"lut_entry","231","delay_template_5x5","","","","","","17",0
"lut_entry","231","delay_template_5x5","","","","","","18",0
"lut_entry","231","delay_template_5x5","","","","","","19",0
"lut_entry","231","delay_template_5x5","","","","","","20",0
"lut_entry","231","delay_template_5x5","","","","","","21",0
"lut_entry","231","delay_template_5x5","","","","","","22",0
"lut_entry","231","delay_template_5x5","","","","","","23",0
"lut_entry","231","delay_template_5x5","","","","","","24",0
"lut_entry","232","delay_template_5x5","","","","","","0",0
"lut_entry","232","delay_template_5x5","","","","","","1",0
"lut_entry","232","delay_template_5x5","","","","","","2",0
"lut_entry","232","delay_template_5x5","","","","","","3",0
"lut_entry","232","delay_template_5x5","","","","","","4",0
"lut_entry","232","delay_template_5x5","","","","","","5",0
"lut_entry","232","delay_template_5x5","","","","","","6",0
"lut_entry","232","delay_template_5x5","","","","","","7",0
"lut_entry","232","delay_template_5x5","","","","","","8",0
"lut_entry","232","delay_template_5x5","","","","","","9",0
"lut_entry","232","delay_template_5x5","","","","","","10",0
"lut_entry","232","delay_template_5x5","","","","","","11",0
"lut_entry","232","delay_template_5x5","","","","","","12",0
"lut_entry","232","delay_template_5x5","","","","","","13",0
"lut_entry","232","delay_template_5x5","","","","","","14",0
"lut_entry","232","delay_template_5x5","","","","","","15",0
"lut_entry","232","delay_template_5x5","","","","","","16",0
"lut_entry","232","delay_template_5x5","","","","","","17",0
"lut_entry","232","delay_template_5x5","","","","","","18",0
"lut_entry","232","delay_template_5x5","","","","","","19",0
"lut_entry","232","delay_template_5x5","","","","","","20",0
"lut_entry","232","delay_template_5x5","","","","","","21",0
"lut_entry","232","delay_template_5x5","","","","","","22",0
"lut_entry","232","delay_template_5x5","","","","","","23",0
"lut_entry","232","delay_template_5x5","","","","","","24",0
"lut_entry","233","delay_template_5x5","","","","","","0",0
"lut_entry","233","delay_template_5x5","","","","","","1",0
"lut_entry","233","delay_template_5x5","","","","","","2",0
"lut_entry","233","delay_template_5x5","","","","","","3",0
"lut_entry","233","delay_template_5x5","","","","","","4",0
"lut_entry","233","delay_template_5x5","","","","","","5",0
"lut_entry","233","delay_template_5x5","","","","","","6",0
"lut_entry","233","delay_template_5x5","","","","","","7",0
"lut_entry","233","delay_template_5x5","","","","","","8",0
"lut_entry","233","delay_template_5x5","","","","","","9",0
"lut_entry","233","delay_template_5x5","","","","","","10",0
"lut_entry","233","delay_template_5x5","","","","","","11",0
"lut_entry","233","delay_template_5x5","","","","","","12",0
"lut_entry","233","delay_template_5x5","","","","","","13",0
"lut_entry","233","delay_template_5x5","","","","","","14",0
"lut_entry","233","delay_template_5x5","","","","","","15",0
"lut_entry","233","delay_template_5x5","","","","","","16",0
"lut_entry","233","delay_template_5x5","","","","","","17",0
"lut_entry","233","delay_template_5x5","","","","","","18",0
"lut_entry","233","delay_template_5x5","","","","","","19",0
"lut_entry","233","delay_template_5x5","","","","","","20",0
"lut_entry","233","delay_template_5x5","","","","","","21",0
"lut_entry","233","delay_template_5x5","","","","","","22",0
"lut_entry","233","delay_template_5x5","","","","","","23",0
"lut_entry","233","delay_template_5x5","","","","","","24",0
"lut_entry","234","delay_template_5x5","","","","","","0",0
"lut_entry","234","delay_template_5x5","","","","","","1",0
"lut_entry","234","delay_template_5x5","","","","","","2",0
"lut_entry","234","delay_template_5x5","","","","","","3",0
"lut_entry","234","delay_template_5x5","","","","","","4",0
"lut_entry","234","delay_template_5x5","","","","","","5",0
"lut_entry","234","delay_template_5x5","","","","","","6",0
"lut_entry","234","delay_template_5x5","","","","","","7",0
"lut_entry","234","delay_template_5x5","","","","","","8",0
"lut_entry","234","delay_template_5x5","","","","","","9",0
"lut_entry","234","delay_template_5x5","","","","","","10",0
"lut_entry","234","delay_template_5x5","","","","","","11",0
"lut_entry","234","delay_template_5x5","","","","","","12",0
"lut_entry","234","delay_template_5x5","","","","","","13",0
"lut_entry","234","delay_template_5x5","","","","","","14",0
"lut_entry","234","delay_template_5x5","","","","","","15",0
"lut_entry","234","delay_template_5x5","","","","","","16",0
"lut_entry","234","delay_template_5x5","","","","","","17",0
"lut_entry","234","delay_template_5x5","","","","","","18",0
"lut_entry","234","delay_template_5x5","","","","","","19",0
"lut_entry","234","delay_template_5x5","","","","","","20",0
"lut_entry","234","delay_template_5x5","","","","","","21",0
"lut_entry","234","delay_template_5x5","","","","","","22",0
"lut_entry","234","delay_template_5x5","","","","","","23",0
"lut_entry","234","delay_template_5x5","","","","","","24",0
"lut_entry","235","delay_template_5x5","","","","","","0",0
"lut_entry","235","delay_template_5x5","","","","","","1",0
"lut_entry","235","delay_template_5x5","","","","","","2",0
"lut_entry","235","delay_template_5x5","","","","","","3",0
"lut_entry","235","delay_template_5x5","","","","","","4",0
"lut_entry","235","delay_template_5x5","","","","","","5",0
"lut_entry","235","delay_template_5x5","","","","","","6",0
"lut_entry","235","delay_template_5x5","","","","","","7",0
"lut_entry","235","delay_template_5x5","","","","","","8",0
"lut_entry","235","delay_template_5x5","","","","","","9",0
"lut_entry","235","delay_template_5x5","","","","","","10",0
"lut_entry","235","delay_template_5x5","","","","","","11",0
"lut_entry","235","delay_template_5x5","","","","","","12",0
"lut_entry","235","delay_template_5x5","","","","","","13",0
"lut_entry","235","delay_template_5x5","","","","","","14",0
"lut_entry","235","delay_template_5x5","","","","","","15",0
"lut_entry","235","delay_template_5x5","","","","","","16",0
"lut_entry","235","delay_template_5x5","","","","","","17",0
"lut_entry","235","delay_template_5x5","","","","","","18",0
"lut_entry","235","delay_template_5x5","","","","","","19",0
"lut_entry","235","delay_template_5x5","","","","","","20",0
"lut_entry","235","delay_template_5x5","","","","","","21",0
"lut_entry","235","delay_template_5x5","","","","","","22",0
"lut_entry","235","delay_template_5x5","","","","","","23",0
"lut_entry","235","delay_template_5x5","","","","","","24",0
"lut_entry","236","delay_template_5x5","","","","","","0",0
"lut_entry","236","delay_template_5x5","","","","","","1",0
"lut_entry","236","delay_template_5x5","","","","","","2",0
"lut_entry","236","delay_template_5x5","","","","","","3",0
"lut_entry","236","delay_template_5x5","","","","","","4",0
"lut_entry","236","delay_template_5x5","","","","","","5",0
"lut_entry","236","delay_template_5x5","","","","","","6",0
"lut_entry","236","delay_template_5x5","","","","","","7",0
"lut_entry","236","delay_template_5x5","","","","","","8",0
"lut_entry","236","delay_template_5x5","","","","","","9",0
"lut_entry","236","delay_template_5x5","","","","","","10",0
"lut_entry","236","delay_template_5x5","","","","","","11",0
"lut_entry","236","delay_template_5x5","","","","","","12",0
"lut_entry","236","delay_template_5x5","","","","","","13",0
"lut_entry","236","delay_template_5x5","","","","","","14",0
"lut_entry","236","delay_template_5x5","","","","","","15",0
"lut_entry","236","delay_template_5x5","","","","","","16",0
"lut_entry","236","delay_template_5x5","","","","","","17",0
"lut_entry","236","delay_template_5x5","","","","","","18",0
"lut_entry","236","delay_template_5x5","","","","","","19",0
"lut_entry","236","delay_template_5x5","","","","","","20",0
"lut_entry","236","delay_template_5x5","","","","","","21",0
"lut_entry","236","delay_template_5x5","","","","","","22",0
"lut_entry","236","delay_template_5x5","","","","","","23",0
"lut_entry","236","delay_template_5x5","","","","","","24",0
"lut_entry","237","delay_template_5x5","","","","","","0",0
"lut_entry","237","delay_template_5x5","","","","","","1",0
"lut_entry","237","delay_template_5x5","","","","","","2",0
"lut_entry","237","delay_template_5x5","","","","","","3",0
"lut_entry","237","delay_template_5x5","","","","","","4",0
"lut_entry","237","delay_template_5x5","","","","","","5",0
"lut_entry","237","delay_template_5x5","","","","","","6",0
"lut_entry","237","delay_template_5x5","","","","","","7",0
"lut_entry","237","delay_template_5x5","","","","","","8",0
"lut_entry","237","delay_template_5x5","","","","","","9",0
"lut_entry","237","delay_template_5x5","","","","","","10",0
"lut_entry","237","delay_template_5x5","","","","","","11",0
"lut_entry","237","delay_template_5x5","","","","","","12",0
"lut_entry","237","delay_template_5x5","","","","","","13",0
"lut_entry","237","delay_template_5x5","","","","","","14",0
"lut_entry","237","delay_template_5x5","","","","","","15",0
"lut_entry","237","delay_template_5x5","","","","","","16",0
"lut_entry","237","delay_template_5x5","","","","","","17",0
"lut_entry","237","delay_template_5x5","","","","","","18",0
"lut_entry","237","delay_template_5x5","","","","","","19",0
"lut_entry","237","delay_template_5x5","","","","","","20",0
"lut_entry","237","delay_template_5x5","","","","","","21",0
"lut_entry","237","delay_template_5x5","","","","","","22",0
"lut_entry","237","delay_template_5x5","","","","","","23",0
"lut_entry","237","delay_template_5x5","","","","","","24",0
"lut_entry","238","delay_template_5x5","","","","","","0",0
"lut_entry","238","delay_template_5x5","","","","","","1",0
"lut_entry","238","delay_template_5x5","","","","","","2",0
"lut_entry","238","delay_template_5x5","","","","","","3",0
"lut_entry","238","delay_template_5x5","","","","","","4",0
"lut_entry","238","delay_template_5x5","","","","","","5",0
"lut_entry","238","delay_template_5x5","","","","","","6",0
"lut_entry","238","delay_template_5x5","","","","","","7",0
"lut_entry","238","delay_template_5x5","","","","","","8",0
"lut_entry","238","delay_template_5x5","","","","","","9",0
"lut_entry","238","delay_template_5x5","","","","","","10",0
"lut_entry","238","delay_template_5x5","","","","","","11",0
"lut_entry","238","delay_template_5x5","","","","","","12",0
"lut_entry","238","delay_template_5x5","","","","","","13",0
"lut_entry","238","delay_template_5x5","","","","","","14",0
"lut_entry","238","delay_template_5x5","","","","","","15",0
"lut_entry","238","delay_template_5x5","","","","","","16",0
"lut_entry","238","delay_template_5x5","","","","","","17",0
"lut_entry","238","delay_template_5x5","","","","","","18",0
"lut_entry","238","delay_template_5x5","","","","","","19",0
"lut_entry","238","delay_template_5x5","","","","","","20",0
"lut_entry","238","delay_template_5x5","","","","","","21",0
"lut_entry","238","delay_template_5x5","","","","","","22",0
"lut_entry","238","delay_template_5x5","","","","","","23",0
"lut_entry","238","delay_template_5x5","","","","","","24",0
"lut_entry","239","delay_template_5x5","","","","","","0",0
"lut_entry","239","delay_template_5x5","","","","","","1",0
"lut_entry","239","delay_template_5x5","","","","","","2",0
"lut_entry","239","delay_template_5x5","","","","","","3",0
"lut_entry","239","delay_template_5x5","","","","","","4",0
"lut_entry","239","delay_template_5x5","","","","","","5",0
"lut_entry","239","delay_template_5x5","","","","","","6",0
"lut_entry","239","delay_template_5x5","","","","","","7",0
"lut_entry","239","delay_template_5x5","","","","","","8",0
"lut_entry","239","delay_template_5x5","","","","","","9",0
"lut_entry","239","delay_template_5x5","","","","","","10",0
"lut_entry","239","delay_template_5x5","","","","","","11",0
"lut_entry","239","delay_template_5x5","","","","","","12",0
"lut_entry","239","delay_template_5x5","","","","","","13",0
"lut_entry","239","delay_template_5x5","","","","","","14",0
"lut_entry","239","delay_template_5x5","","","","","","15",0
"lut_entry","239","delay_template_5x5","","","","","","16",0
"lut_entry","239","delay_template_5x5","","","","","","17",0
"lut_entry","239","delay_template_5x5","","","","","","18",0
"lut_entry","239","delay_template_5x5","","","","","","19",0
"lut_entry","239","delay_template_5x5","","","","","","20",0
"lut_entry","239","delay_template_5x5","","","","","","21",0
"lut_entry","239","delay_template_5x5","","","","","","22",0
"lut_entry","239","delay_template_5x5","","","","","","23",0
"lut_entry","239","delay_template_5x5","","","","","","24",0
"lut_entry","240","delay_template_5x5","","","","","","0",0
"lut_entry","240","delay_template_5x5","","","","","","1",0
"lut_entry","240","delay_template_5x5","","","","","","2",0
"lut_entry","240","delay_template_5x5","","","","","","3",0
"lut_entry","240","delay_template_5x5","","","","","","4",0
"lut_entry","240","delay_template_5x5","","","","","","5",0
"lut_entry","240","delay_template_5x5","","","","","","6",0
"lut_entry","240","delay_template_5x5","","","","","","7",0
"lut_entry","240","delay_template_5x5","","","","","","8",0
"lut_entry","240","delay_template_5x5","","","","","","9",0
"lut_entry","240","delay_template_5x5","","","","","","10",0
"lut_entry","240","delay_template_5x5","","","","","","11",0
"lut_entry","240","delay_template_5x5","","","","","","12",0
"lut_entry","240","delay_template_5x5","","","","","","13",0
"lut_entry","240","delay_template_5x5","","","","","","14",0
"lut_entry","240","delay_template_5x5","","","","","","15",0
"lut_entry","240","delay_template_5x5","","","","","","16",0
"lut_entry","240","delay_template_5x5","","","","","","17",0
"lut_entry","240","delay_template_5x5","","","","","","18",0
"lut_entry","240","delay_template_5x5","","","","","","19",0
"lut_entry","240","delay_template_5x5","","","","","","20",0
"lut_entry","240","delay_template_5x5","","","","","","21",0
"lut_entry","240","delay_template_5x5","","","","","","22",0
"lut_entry","240","delay_template_5x5","","","","","","23",0
"lut_entry","240","delay_template_5x5","","","","","","24",0
"lut_entry","241","delay_template_5x5","","","","","","0",0
"lut_entry","241","delay_template_5x5","","","","","","1",0
"lut_entry","241","delay_template_5x5","","","","","","2",0
"lut_entry","241","delay_template_5x5","","","","","","3",0
"lut_entry","241","delay_template_5x5","","","","","","4",0
"lut_entry","241","delay_template_5x5","","","","","","5",0
"lut_entry","241","delay_template_5x5","","","","","","6",0
"lut_entry","241","delay_template_5x5","","","","","","7",0
"lut_entry","241","delay_template_5x5","","","","","","8",0
"lut_entry","241","delay_template_5x5","","","","","","9",0
"lut_entry","241","delay_template_5x5","","","","","","10",0
"lut_entry","241","delay_template_5x5","","","","","","11",0
"lut_entry","241","delay_template_5x5","","","","","","12",0
"lut_entry","241","delay_template_5x5","","","","","","13",0
"lut_entry","241","delay_template_5x5","","","","","","14",0
"lut_entry","241","delay_template_5x5","","","","","","15",0
"lut_entry","241","delay_template_5x5","","","","","","16",0
"lut_entry","241","delay_template_5x5","","","","","","17",0
"lut_entry","241","delay_template_5x5","","","","","","18",0
"lut_entry","241","delay_template_5x5","","","","","","19",0
"lut_entry","241","delay_template_5x5","","","","","","20",0
"lut_entry","241","delay_template_5x5","","","","","","21",0
"lut_entry","241","delay_template_5x5","","","","","","22",0
"lut_entry","241","delay_template_5x5","","","","","","23",0
"lut_entry","241","delay_template_5x5","","","","","","24",0
"lut_entry","242","delay_template_5x5","","","","","","0",0
"lut_entry","242","delay_template_5x5","","","","","","1",0
"lut_entry","242","delay_template_5x5","","","","","","2",0
"lut_entry","242","delay_template_5x5","","","","","","3",0
"lut_entry","242","delay_template_5x5","","","","","","4",0
"lut_entry","242","delay_template_5x5","","","","","","5",0
"lut_entry","242","delay_template_5x5","","","","","","6",0
"lut_entry","242","delay_template_5x5","","","","","","7",0
"lut_entry","242","delay_template_5x5","","","","","","8",0
"lut_entry","242","delay_template_5x5","","","","","","9",0
"lut_entry","242","delay_template_5x5","","","","","","10",0
"lut_entry","242","delay_template_5x5","","","","","","11",0
"lut_entry","242","delay_template_5x5","","","","","","12",0
"lut_entry","242","delay_template_5x5","","","","","","13",0
"lut_entry","242","delay_template_5x5","","","","","","14",0
"lut_entry","242","delay_template_5x5","","","","","","15",0
"lut_entry","242","delay_template_5x5","","","","","","16",0
"lut_entry","242","delay_template_5x5","","","","","","17",0
"lut_entry","242","delay_template_5x5","","","","","","18",0
"lut_entry","242","delay_template_5x5","","","","","","19",0
"lut_entry","242","delay_template_5x5","","","","","","20",0
"lut_entry","242","delay_template_5x5","","","","","","21",0
"lut_entry","242","delay_template_5x5","","","","","","22",0
"lut_entry","242","delay_template_5x5","","","","","","23",0
"lut_entry","242","delay_template_5x5","","","","","","24",0
"lut_entry","243","delay_template_5x5","","","","","","0",0
"lut_entry","243","delay_template_5x5","","","","","","1",0
"lut_entry","243","delay_template_5x5","","","","","","2",0
"lut_entry","243","delay_template_5x5","","","","","","3",0
"lut_entry","243","delay_template_5x5","","","","","","4",0
"lut_entry","243","delay_template_5x5","","","","","","5",0
"lut_entry","243","delay_template_5x5","","","","","","6",0
"lut_entry","243","delay_template_5x5","","","","","","7",0
"lut_entry","243","delay_template_5x5","","","","","","8",0
"lut_entry","243","delay_template_5x5","","","","","","9",0
"lut_entry","243","delay_template_5x5","","","","","","10",0
"lut_entry","243","delay_template_5x5","","","","","","11",0
"lut_entry","243","delay_template_5x5","","","","","","12",0
"lut_entry","243","delay_template_5x5","","","","","","13",0
"lut_entry","243","delay_template_5x5","","","","","","14",0
"lut_entry","243","delay_template_5x5","","","","","","15",0
"lut_entry","243","delay_template_5x5","","","","","","16",0
"lut_entry","243","delay_template_5x5","","","","","","17",0
"lut_entry","243","delay_template_5x5","","","","","","18",0
"lut_entry","243","delay_template_5x5","","","","","","19",0
"lut_entry","243","delay_template_5x5","","","","","","20",0
"lut_entry","243","delay_template_5x5","","","","","","21",0
"lut_entry","243","delay_template_5x5","","","","","","22",0
"lut_entry","243","delay_template_5x5","","","","","","23",0
"lut_entry","243","delay_template_5x5","","","","","","24",0
"lut_entry","244","delay_template_5x5","","","","","","0",0
"lut_entry","244","delay_template_5x5","","","","","","1",0
"lut_entry","244","delay_template_5x5","","","","","","2",0
"lut_entry","244","delay_template_5x5","","","","","","3",0
"lut_entry","244","delay_template_5x5","","","","","","4",0
"lut_entry","244","delay_template_5x5","","","","","","5",0
"lut_entry","244","delay_template_5x5","","","","","","6",0
"lut_entry","244","delay_template_5x5","","","","","","7",0
"lut_entry","244","delay_template_5x5","","","","","","8",0
"lut_entry","244","delay_template_5x5","","","","","","9",0
"lut_entry","244","delay_template_5x5","","","","","","10",0
"lut_entry","244","delay_template_5x5","","","","","","11",0
"lut_entry","244","delay_template_5x5","","","","","","12",0
"lut_entry","244","delay_template_5x5","","","","","","13",0
"lut_entry","244","delay_template_5x5","","","","","","14",0
"lut_entry","244","delay_template_5x5","","","","","","15",0
"lut_entry","244","delay_template_5x5","","","","","","16",0
"lut_entry","244","delay_template_5x5","","","","","","17",0
"lut_entry","244","delay_template_5x5","","","","","","18",0
"lut_entry","244","delay_template_5x5","","","","","","19",0
"lut_entry","244","delay_template_5x5","","","","","","20",0
"lut_entry","244","delay_template_5x5","","","","","","21",0
"lut_entry","244","delay_template_5x5","","","","","","22",0
"lut_entry","244","delay_template_5x5","","","","","","23",0
"lut_entry","244","delay_template_5x5","","","","","","24",0
"lut_entry","245","delay_template_5x5","","","","","","0",0
"lut_entry","245","delay_template_5x5","","","","","","1",0
"lut_entry","245","delay_template_5x5","","","","","","2",0
"lut_entry","245","delay_template_5x5","","","","","","3",0
"lut_entry","245","delay_template_5x5","","","","","","4",0
"lut_entry","245","delay_template_5x5","","","","","","5",0
"lut_entry","245","delay_template_5x5","","","","","","6",0
"lut_entry","245","delay_template_5x5","","","","","","7",0
"lut_entry","245","delay_template_5x5","","","","","","8",0
"lut_entry","245","delay_template_5x5","","","","","","9",0
"lut_entry","245","delay_template_5x5","","","","","","10",0
"lut_entry","245","delay_template_5x5","","","","","","11",0
"lut_entry","245","delay_template_5x5","","","","","","12",0
"lut_entry","245","delay_template_5x5","","","","","","13",0
"lut_entry","245","delay_template_5x5","","","","","","14",0
"lut_entry","245","delay_template_5x5","","","","","","15",0
"lut_entry","245","delay_template_5x5","","","","","","16",0
"lut_entry","245","delay_template_5x5","","","","","","17",0
"lut_entry","245","delay_template_5x5","","","","","","18",0
"lut_entry","245","delay_template_5x5","","","","","","19",0
"lut_entry","245","delay_template_5x5","","","","","","20",0
"lut_entry","245","delay_template_5x5","","","","","","21",0
"lut_entry","245","delay_template_5x5","","","","","","22",0
"lut_entry","245","delay_template_5x5","","","","","","23",0
"lut_entry","245","delay_template_5x5","","","","","","24",0
"lut_entry","246","delay_template_5x5","","","","","","0",0
"lut_entry","246","delay_template_5x5","","","","","","1",0
"lut_entry","246","delay_template_5x5","","","","","","2",0
"lut_entry","246","delay_template_5x5","","","","","","3",0
"lut_entry","246","delay_template_5x5","","","","","","4",0
"lut_entry","246","delay_template_5x5","","","","","","5",0
"lut_entry","246","delay_template_5x5","","","","","","6",0
"lut_entry","246","delay_template_5x5","","","","","","7",0
"lut_entry","246","delay_template_5x5","","","","","","8",0
"lut_entry","246","delay_template_5x5","","","","","","9",0
"lut_entry","246","delay_template_5x5","","","","","","10",0
"lut_entry","246","delay_template_5x5","","","","","","11",0
"lut_entry","246","delay_template_5x5","","","","","","12",0
"lut_entry","246","delay_template_5x5","","","","","","13",0
"lut_entry","246","delay_template_5x5","","","","","","14",0
"lut_entry","246","delay_template_5x5","","","","","","15",0
"lut_entry","246","delay_template_5x5","","","","","","16",0
"lut_entry","246","delay_template_5x5","","","","","","17",0
"lut_entry","246","delay_template_5x5","","","","","","18",0
"lut_entry","246","delay_template_5x5","","","","","","19",0
"lut_entry","246","delay_template_5x5","","","","","","20",0
"lut_entry","246","delay_template_5x5","","","","","","21",0
"lut_entry","246","delay_template_5x5","","","","","","22",0
"lut_entry","246","delay_template_5x5","","","","","","23",0
"lut_entry","246","delay_template_5x5","","","","","","24",0
"lut_entry","247","delay_template_5x5","","","","","","0",0
"lut_entry","247","delay_template_5x5","","","","","","1",0
"lut_entry","247","delay_template_5x5","","","","","","2",0
"lut_entry","247","delay_template_5x5","","","","","","3",0
"lut_entry","247","delay_template_5x5","","","","","","4",0
"lut_entry","247","delay_template_5x5","","","","","","5",0
"lut_entry","247","delay_template_5x5","","","","","","6",0
"lut_entry","247","delay_template_5x5","","","","","","7",0
"lut_entry","247","delay_template_5x5","","","","","","8",0
"lut_entry","247","delay_template_5x5","","","","","","9",0
"lut_entry","247","delay_template_5x5","","","","","","10",0
"lut_entry","247","delay_template_5x5","","","","","","11",0
"lut_entry","247","delay_template_5x5","","","","","","12",0
"lut_entry","247","delay_template_5x5","","","","","","13",0
"lut_entry","247","delay_template_5x5","","","","","","14",0
"lut_entry","247","delay_template_5x5","","","","","","15",0
"lut_entry","247","delay_template_5x5","","","","","","16",0
"lut_entry","247","delay_template_5x5","","","","","","17",0
"lut_entry","247","delay_template_5x5","","","","","","18",0
"lut_entry","247","delay_template_5x5","","","","","","19",0
"lut_entry","247","delay_template_5x5","","","","","","20",0
"lut_entry","247","delay_template_5x5","","","","","","21",0
"lut_entry","247","delay_template_5x5","","","","","","22",0
"lut_entry","247","delay_template_5x5","","","","","","23",0
"lut_entry","247","delay_template_5x5","","","","","","24",0
"lut_entry","248","delay_template_5x5","","","","","","0",0
"lut_entry","248","delay_template_5x5","","","","","","1",0
"lut_entry","248","delay_template_5x5","","","","","","2",0
"lut_entry","248","delay_template_5x5","","","","","","3",0
"lut_entry","248","delay_template_5x5","","","","","","4",0
"lut_entry","248","delay_template_5x5","","","","","","5",0
"lut_entry","248","delay_template_5x5","","","","","","6",0
"lut_entry","248","delay_template_5x5","","","","","","7",0
"lut_entry","248","delay_template_5x5","","","","","","8",0
"lut_entry","248","delay_template_5x5","","","","","","9",0
"lut_entry","248","delay_template_5x5","","","","","","10",0
"lut_entry","248","delay_template_5x5","","","","","","11",0
"lut_entry","248","delay_template_5x5","","","","","","12",0
"lut_entry","248","delay_template_5x5","","","","","","13",0
"lut_entry","248","delay_template_5x5","","","","","","14",0
"lut_entry","248","delay_template_5x5","","","","","","15",0
"lut_entry","248","delay_template_5x5","","","","","","16",0
"lut_entry","248","delay_template_5x5","","","","","","17",0
"lut_entry","248","delay_template_5x5","","","","","","18",0
"lut_entry","248","delay_template_5x5","","","","","","19",0
"lut_entry","248","delay_template_5x5","","","","","","20",0
"lut_entry","248","delay_template_5x5","","","","","","21",0
"lut_entry","248","delay_template_5x5","","","","","","22",0
"lut_entry","248","delay_template_5x5","","","","","","23",0
"lut_entry","248","delay_template_5x5","","","","","","24",0
"lut_entry","249","delay_template_5x5","","","","","","0",0
"lut_entry","249","delay_template_5x5","","","","","","1",0
"lut_entry","249","delay_template_5x5","","","","","","2",0
"lut_entry","249","delay_template_5x5","","","","","","3",0
"lut_entry","249","delay_template_5x5","","","","","","4",0
"lut_entry","249","delay_template_5x5","","","","","","5",0
"lut_entry","249","delay_template_5x5","","","","","","6",0
"lut_entry","249","delay_template_5x5","","","","","","7",0
"lut_entry","249","delay_template_5x5","","","","","","8",0
"lut_entry","249","delay_template_5x5","","","","","","9",0
"lut_entry","249","delay_template_5x5","","","","","","10",0
"lut_entry","249","delay_template_5x5","","","","","","11",0
"lut_entry","249","delay_template_5x5","","","","","","12",0
"lut_entry","249","delay_template_5x5","","","","","","13",0
"lut_entry","249","delay_template_5x5","","","","","","14",0
"lut_entry","249","delay_template_5x5","","","","","","15",0
"lut_entry","249","delay_template_5x5","","","","","","16",0
"lut_entry","249","delay_template_5x5","","","","","","17",0
"lut_entry","249","delay_template_5x5","","","","","","18",0
"lut_entry","249","delay_template_5x5","","","","","","19",0
"lut_entry","249","delay_template_5x5","","","","","","20",0
"lut_entry","249","delay_template_5x5","","","","","","21",0
"lut_entry","249","delay_template_5x5","","","","","","22",0
"lut_entry","249","delay_template_5x5","","","","","","23",0
"lut_entry","249","delay_template_5x5","","","","","","24",0
"lut_entry","250","delay_template_5x5","","","","","","0",0
"lut_entry","250","delay_template_5x5","","","","","","1",0
"lut_entry","250","delay_template_5x5","","","","","","2",0
"lut_entry","250","delay_template_5x5","","","","","","3",0
"lut_entry","250","delay_template_5x5","","","","","","4",0
"lut_entry","250","delay_template_5x5","","","","","","5",0
"lut_entry","250","delay_template_5x5","","","","","","6",0
"lut_entry","250","delay_template_5x5","","","","","","7",0
"lut_entry","250","delay_template_5x5","","","","","","8",0
"lut_entry","250","delay_template_5x5","","","","","","9",0
"lut_entry","250","delay_template_5x5","","","","","","10",0
"lut_entry","250","delay_template_5x5","","","","","","11",0
"lut_entry","250","delay_template_5x5","","","","","","12",0
"lut_entry","250","delay_template_5x5","","","","","","13",0
"lut_entry","250","delay_template_5x5","","","","","","14",0
"lut_entry","250","delay_template_5x5","","","","","","15",0
"lut_entry","250","delay_template_5x5","","","","","","16",0
"lut_entry","250","delay_template_5x5","","","","","","17",0
"lut_entry","250","delay_template_5x5","","","","","","18",0
"lut_entry","250","delay_template_5x5","","","","","","19",0
"lut_entry","250","delay_template_5x5","","","","","","20",0
"lut_entry","250","delay_template_5x5","","","","","","21",0
"lut_entry","250","delay_template_5x5","","","","","","22",0
"lut_entry","250","delay_template_5x5","","","","","","23",0
"lut_entry","250","delay_template_5x5","","","","","","24",0
"lut_entry","251","delay_template_5x5","","","","","","0",0
"lut_entry","251","delay_template_5x5","","","","","","1",0
"lut_entry","251","delay_template_5x5","","","","","","2",0
"lut_entry","251","delay_template_5x5","","","","","","3",0
"lut_entry","251","delay_template_5x5","","","","","","4",0
"lut_entry","251","delay_template_5x5","","","","","","5",0
"lut_entry","251","delay_template_5x5","","","","","","6",0
"lut_entry","251","delay_template_5x5","","","","","","7",0
"lut_entry","251","delay_template_5x5","","","","","","8",0
"lut_entry","251","delay_template_5x5","","","","","","9",0
"lut_entry","251","delay_template_5x5","","","","","","10",0
"lut_entry","251","delay_template_5x5","","","","","","11",0
"lut_entry","251","delay_template_5x5","","","","","","12",0
"lut_entry","251","delay_template_5x5","","","","","","13",0
"lut_entry","251","delay_template_5x5","","","","","","14",0
"lut_entry","251","delay_template_5x5","","","","","","15",0
"lut_entry","251","delay_template_5x5","","","","","","16",0
"lut_entry","251","delay_template_5x5","","","","","","17",0
"lut_entry","251","delay_template_5x5","","","","","","18",0
"lut_entry","251","delay_template_5x5","","","","","","19",0
"lut_entry","251","delay_template_5x5","","","","","","20",0
"lut_entry","251","delay_template_5x5","","","","","","21",0
"lut_entry","251","delay_template_5x5","","","","","","22",0
"lut_entry","251","delay_template_5x5","","","","","","23",0
"lut_entry","251","delay_template_5x5","","","","","","24",0
"lut_entry","252","delay_template_5x5","","","","","","0",0
"lut_entry","252","delay_template_5x5","","","","","","1",0
"lut_entry","252","delay_template_5x5","","","","","","2",0
"lut_entry","252","delay_template_5x5","","","","","","3",0
"lut_entry","252","delay_template_5x5","","","","","","4",0
"lut_entry","252","delay_template_5x5","","","","","","5",0
"lut_entry","252","delay_template_5x5","","","","","","6",0
"lut_entry","252","delay_template_5x5","","","","","","7",0
"lut_entry","252","delay_template_5x5","","","","","","8",0
"lut_entry","252","delay_template_5x5","","","","","","9",0
"lut_entry","252","delay_template_5x5","","","","","","10",0
"lut_entry","252","delay_template_5x5","","","","","","11",0
"lut_entry","252","delay_template_5x5","","","","","","12",0
"lut_entry","252","delay_template_5x5","","","","","","13",0
"lut_entry","252","delay_template_5x5","","","","","","14",0
"lut_entry","252","delay_template_5x5","","","","","","15",0
"lut_entry","252","delay_template_5x5","","","","","","16",0
"lut_entry","252","delay_template_5x5","","","","","","17",0
"lut_entry","252","delay_template_5x5","","","","","","18",0
"lut_entry","252","delay_template_5x5","","","","","","19",0
"lut_entry","252","delay_template_5x5","","","","","","20",0
"lut_entry","252","delay_template_5x5","","","","","","21",0
"lut_entry","252","delay_template_5x5","","","","","","22",0
"lut_entry","252","delay_template_5x5","","","","","","23",0
"lut_entry","252","delay_template_5x5","","","","","","24",0
"lut_entry","253","delay_template_5x5","","","","","","0",0
"lut_entry","253","delay_template_5x5","","","","","","1",0
"lut_entry","253","delay_template_5x5","","","","","","2",0
"lut_entry","253","delay_template_5x5","","","","","","3",0
"lut_entry","253","delay_template_5x5","","","","","","4",0
"lut_entry","253","delay_template_5x5","","","","","","5",0
"lut_entry","253","delay_template_5x5","","","","","","6",0
"lut_entry","253","delay_template_5x5","","","","","","7",0
"lut_entry","253","delay_template_5x5","","","","","","8",0
"lut_entry","253","delay_template_5x5","","","","","","9",0
"lut_entry","253","delay_template_5x5","","","","","","10",0
"lut_entry","253","delay_template_5x5","","","","","","11",0
"lut_entry","253","delay_template_5x5","","","","","","12",0
"lut_entry","253","delay_template_5x5","","","","","","13",0
"lut_entry","253","delay_template_5x5","","","","","","14",0
"lut_entry","253","delay_template_5x5","","","","","","15",0
"lut_entry","253","delay_template_5x5","","","","","","16",0
"lut_entry","253","delay_template_5x5","","","","","","17",0
"lut_entry","253","delay_template_5x5","","","","","","18",0
"lut_entry","253","delay_template_5x5","","","","","","19",0
"lut_entry","253","delay_template_5x5","","","","","","20",0
"lut_entry","253","delay_template_5x5","","","","","","21",0
"lut_entry","253","delay_template_5x5","","","","","","22",0
"lut_entry","253","delay_template_5x5","","","","","","23",0
"lut_entry","253","delay_template_5x5","","","","","","24",0
"lut_entry","254","delay_template_5x5","","","","","","0",0
"lut_entry","254","delay_template_5x5","","","","","","1",0
"lut_entry","254","delay_template_5x5","","","","","","2",0
"lut_entry","254","delay_template_5x5","","","","","","3",0
"lut_entry","254","delay_template_5x5","","","","","","4",0
"lut_entry","254","delay_template_5x5","","","","","","5",0
"lut_entry","254","delay_template_5x5","","","","","","6",0
"lut_entry","254","delay_template_5x5","","","","","","7",0
"lut_entry","254","delay_template_5x5","","","","","","8",0
"lut_entry","254","delay_template_5x5","","","","","","9",0
"lut_entry","254","delay_template_5x5","","","","","","10",0
"lut_entry","254","delay_template_5x5","","","","","","11",0
"lut_entry","254","delay_template_5x5","","","","","","12",0
"lut_entry","254","delay_template_5x5","","","","","","13",0
"lut_entry","254","delay_template_5x5","","","","","","14",0
"lut_entry","254","delay_template_5x5","","","","","","15",0
"lut_entry","254","delay_template_5x5","","","","","","16",0
"lut_entry","254","delay_template_5x5","","","","","","17",0
"lut_entry","254","delay_template_5x5","","","","","","18",0
"lut_entry","254","delay_template_5x5","","","","","","19",0
"lut_entry","254","delay_template_5x5","","","","","","20",0
"lut_entry","254","delay_template_5x5","","","","","","21",0
"lut_entry","254","delay_template_5x5","","","","","","22",0
"lut_entry","254","delay_template_5x5","","","","","","23",0
"lut_entry","254","delay_template_5x5","","","","","","24",0
"lut_entry","255","delay_template_5x5","","","","","","0",0
"lut_entry","255","delay_template_5x5","","","","","","1",0
"lut_entry","255","delay_template_5x5","","","","","","2",0
"lut_entry","255","delay_template_5x5","","","","","","3",0
"lut_entry","255","delay_template_5x5","","","","","","4",0
"lut_entry","255","delay_template_5x5","","","","","","5",0
"lut_entry","255","delay_template_5x5","","","","","","6",0
"lut_entry","255","delay_template_5x5","","","","","","7",0
"lut_entry","255","delay_template_5x5","","","","","","8",0
"lut_entry","255","delay_template_5x5","","","","","","9",0
"lut_entry","255","delay_template_5x5","","","","","","10",0
"lut_entry","255","delay_template_5x5","","","","","","11",0
"lut_entry","255","delay_template_5x5","","","","","","12",0
"lut_entry","255","delay_template_5x5","","","","","","13",0
"lut_entry","255","delay_template_5x5","","","","","","14",0
"lut_entry","255","delay_template_5x5","","","","","","15",0
"lut_entry","255","delay_template_5x5","","","","","","16",0
"lut_entry","255","delay_template_5x5","","","","","","17",0
"lut_entry","255","delay_template_5x5","","","","","","18",0
"lut_entry","255","delay_template_5x5","","","","","","19",0
"lut_entry","255","delay_template_5x5","","","","","","20",0
"lut_entry","255","delay_template_5x5","","","","","","21",0
"lut_entry","255","delay_template_5x5","","","","","","22",0
"lut_entry","255","delay_template_5x5","","","","","","23",0
"lut_entry","255","delay_template_5x5","","","","","","24",0
"lut_entry","256","delay_template_5x5","","","","","","0",0
"lut_entry","256","delay_template_5x5","","","","","","1",0
"lut_entry","256","delay_template_5x5","","","","","","2",0
"lut_entry","256","delay_template_5x5","","","","","","3",0
"lut_entry","256","delay_template_5x5","","","","","","4",0
"lut_entry","256","delay_template_5x5","","","","","","5",0
"lut_entry","256","delay_template_5x5","","","","","","6",0
"lut_entry","256","delay_template_5x5","","","","","","7",0
"lut_entry","256","delay_template_5x5","","","","","","8",0
"lut_entry","256","delay_template_5x5","","","","","","9",0
"lut_entry","256","delay_template_5x5","","","","","","10",0
"lut_entry","256","delay_template_5x5","","","","","","11",0
"lut_entry","256","delay_template_5x5","","","","","","12",0
"lut_entry","256","delay_template_5x5","","","","","","13",0
"lut_entry","256","delay_template_5x5","","","","","","14",0
"lut_entry","256","delay_template_5x5","","","","","","15",0
"lut_entry","256","delay_template_5x5","","","","","","16",0
"lut_entry","256","delay_template_5x5","","","","","","17",0
"lut_entry","256","delay_template_5x5","","","","","","18",0
"lut_entry","256","delay_template_5x5","","","","","","19",0
"lut_entry","256","delay_template_5x5","","","","","","20",0
"lut_entry","256","delay_template_5x5","","","","","","21",0
"lut_entry","256","delay_template_5x5","","","","","","22",0
"lut_entry","256","delay_template_5x5","","","","","","23",0
"lut_entry","256","delay_template_5x5","","","","","","24",0
"lut_entry","257","delay_template_5x5","","","","","","0",0
"lut_entry","257","delay_template_5x5","","","","","","1",0
"lut_entry","257","delay_template_5x5","","","","","","2",0
"lut_entry","257","delay_template_5x5","","","","","","3",0
"lut_entry","257","delay_template_5x5","","","","","","4",0
"lut_entry","257","delay_template_5x5","","","","","","5",0
"lut_entry","257","delay_template_5x5","","","","","","6",0
"lut_entry","257","delay_template_5x5","","","","","","7",0
"lut_entry","257","delay_template_5x5","","","","","","8",0
"lut_entry","257","delay_template_5x5","","","","","","9",0
"lut_entry","257","delay_template_5x5","","","","","","10",0
"lut_entry","257","delay_template_5x5","","","","","","11",0
"lut_entry","257","delay_template_5x5","","","","","","12",0
"lut_entry","257","delay_template_5x5","","","","","","13",0
"lut_entry","257","delay_template_5x5","","","","","","14",0
"lut_entry","257","delay_template_5x5","","","","","","15",0
"lut_entry","257","delay_template_5x5","","","","","","16",0
"lut_entry","257","delay_template_5x5","","","","","","17",0
"lut_entry","257","delay_template_5x5","","","","","","18",0
"lut_entry","257","delay_template_5x5","","","","","","19",0
"lut_entry","257","delay_template_5x5","","","","","","20",0
"lut_entry","257","delay_template_5x5","","","","","","21",0
"lut_entry","257","delay_template_5x5","","","","","","22",0
"lut_entry","257","delay_template_5x5","","","","","","23",0
"lut_entry","257","delay_template_5x5","","","","","","24",0
"lut_entry","258","delay_template_5x5","","","","","","0",0
"lut_entry","258","delay_template_5x5","","","","","","1",0
"lut_entry","258","delay_template_5x5","","","","","","2",0
"lut_entry","258","delay_template_5x5","","","","","","3",0
"lut_entry","258","delay_template_5x5","","","","","","4",0
"lut_entry","258","delay_template_5x5","","","","","","5",0
"lut_entry","258","delay_template_5x5","","","","","","6",0
"lut_entry","258","delay_template_5x5","","","","","","7",0
"lut_entry","258","delay_template_5x5","","","","","","8",0
"lut_entry","258","delay_template_5x5","","","","","","9",0
"lut_entry","258","delay_template_5x5","","","","","","10",0
"lut_entry","258","delay_template_5x5","","","","","","11",0
"lut_entry","258","delay_template_5x5","","","","","","12",0
"lut_entry","258","delay_template_5x5","","","","","","13",0
"lut_entry","258","delay_template_5x5","","","","","","14",0
"lut_entry","258","delay_template_5x5","","","","","","15",0
"lut_entry","258","delay_template_5x5","","","","","","16",0
"lut_entry","258","delay_template_5x5","","","","","","17",0
"lut_entry","258","delay_template_5x5","","","","","","18",0
"lut_entry","258","delay_template_5x5","","","","","","19",0
"lut_entry","258","delay_template_5x5","","","","","","20",0
"lut_entry","258","delay_template_5x5","","","","","","21",0
"lut_entry","258","delay_template_5x5","","","","","","22",0
"lut_entry","258","delay_template_5x5","","","","","","23",0
"lut_entry","258","delay_template_5x5","","","","","","24",0
"lut_entry","259","delay_template_5x5","","","","","","0",0
"lut_entry","259","delay_template_5x5","","","","","","1",0
"lut_entry","259","delay_template_5x5","","","","","","2",0
"lut_entry","259","delay_template_5x5","","","","","","3",0
"lut_entry","259","delay_template_5x5","","","","","","4",0
"lut_entry","259","delay_template_5x5","","","","","","5",0
"lut_entry","259","delay_template_5x5","","","","","","6",0
"lut_entry","259","delay_template_5x5","","","","","","7",0
"lut_entry","259","delay_template_5x5","","","","","","8",0
"lut_entry","259","delay_template_5x5","","","","","","9",0
"lut_entry","259","delay_template_5x5","","","","","","10",0
"lut_entry","259","delay_template_5x5","","","","","","11",0
"lut_entry","259","delay_template_5x5","","","","","","12",0
"lut_entry","259","delay_template_5x5","","","","","","13",0
"lut_entry","259","delay_template_5x5","","","","","","14",0
"lut_entry","259","delay_template_5x5","","","","","","15",0
"lut_entry","259","delay_template_5x5","","","","","","16",0
"lut_entry","259","delay_template_5x5","","","","","","17",0
"lut_entry","259","delay_template_5x5","","","","","","18",0
"lut_entry","259","delay_template_5x5","","","","","","19",0
"lut_entry","259","delay_template_5x5","","","","","","20",0
"lut_entry","259","delay_template_5x5","","","","","","21",0
"lut_entry","259","delay_template_5x5","","","","","","22",0
"lut_entry","259","delay_template_5x5","","","","","","23",0
"lut_entry","259","delay_template_5x5","","","","","","24",0
"lut_entry","260","delay_template_5x5","","","","","","0",0
"lut_entry","260","delay_template_5x5","","","","","","1",0
"lut_entry","260","delay_template_5x5","","","","","","2",0
"lut_entry","260","delay_template_5x5","","","","","","3",0
"lut_entry","260","delay_template_5x5","","","","","","4",0
"lut_entry","260","delay_template_5x5","","","","","","5",0
"lut_entry","260","delay_template_5x5","","","","","","6",0
"lut_entry","260","delay_template_5x5","","","","","","7",0
"lut_entry","260","delay_template_5x5","","","","","","8",0
"lut_entry","260","delay_template_5x5","","","","","","9",0
"lut_entry","260","delay_template_5x5","","","","","","10",0
"lut_entry","260","delay_template_5x5","","","","","","11",0
"lut_entry","260","delay_template_5x5","","","","","","12",0
"lut_entry","260","delay_template_5x5","","","","","","13",0
"lut_entry","260","delay_template_5x5","","","","","","14",0
"lut_entry","260","delay_template_5x5","","","","","","15",0
"lut_entry","260","delay_template_5x5","","","","","","16",0
"lut_entry","260","delay_template_5x5","","","","","","17",0
"lut_entry","260","delay_template_5x5","","","","","","18",0
"lut_entry","260","delay_template_5x5","","","","","","19",0
"lut_entry","260","delay_template_5x5","","","","","","20",0
"lut_entry","260","delay_template_5x5","","","","","","21",0
"lut_entry","260","delay_template_5x5","","","","","","22",0
"lut_entry","260","delay_template_5x5","","","","","","23",0
"lut_entry","260","delay_template_5x5","","","","","","24",0
"lut_entry","261","delay_template_5x5","","","","","","0",0
"lut_entry","261","delay_template_5x5","","","","","","1",0
"lut_entry","261","delay_template_5x5","","","","","","2",0
"lut_entry","261","delay_template_5x5","","","","","","3",0
"lut_entry","261","delay_template_5x5","","","","","","4",0
"lut_entry","261","delay_template_5x5","","","","","","5",0
"lut_entry","261","delay_template_5x5","","","","","","6",0
"lut_entry","261","delay_template_5x5","","","","","","7",0
"lut_entry","261","delay_template_5x5","","","","","","8",0
"lut_entry","261","delay_template_5x5","","","","","","9",0
"lut_entry","261","delay_template_5x5","","","","","","10",0
"lut_entry","261","delay_template_5x5","","","","","","11",0
"lut_entry","261","delay_template_5x5","","","","","","12",0
"lut_entry","261","delay_template_5x5","","","","","","13",0
"lut_entry","261","delay_template_5x5","","","","","","14",0
"lut_entry","261","delay_template_5x5","","","","","","15",0
"lut_entry","261","delay_template_5x5","","","","","","16",0
"lut_entry","261","delay_template_5x5","","","","","","17",0
"lut_entry","261","delay_template_5x5","","","","","","18",0
"lut_entry","261","delay_template_5x5","","","","","","19",0
"lut_entry","261","delay_template_5x5","","","","","","20",0
"lut_entry","261","delay_template_5x5","","","","","","21",0
"lut_entry","261","delay_template_5x5","","","","","","22",0
"lut_entry","261","delay_template_5x5","","","","","","23",0
"lut_entry","261","delay_template_5x5","","","","","","24",0
"lut_entry","262","delay_template_5x5","","","","","","0",0
"lut_entry","262","delay_template_5x5","","","","","","1",0
"lut_entry","262","delay_template_5x5","","","","","","2",0
"lut_entry","262","delay_template_5x5","","","","","","3",0
"lut_entry","262","delay_template_5x5","","","","","","4",0
"lut_entry","262","delay_template_5x5","","","","","","5",0
"lut_entry","262","delay_template_5x5","","","","","","6",0
"lut_entry","262","delay_template_5x5","","","","","","7",0
"lut_entry","262","delay_template_5x5","","","","","","8",0
"lut_entry","262","delay_template_5x5","","","","","","9",0
"lut_entry","262","delay_template_5x5","","","","","","10",0
"lut_entry","262","delay_template_5x5","","","","","","11",0
"lut_entry","262","delay_template_5x5","","","","","","12",0
"lut_entry","262","delay_template_5x5","","","","","","13",0
"lut_entry","262","delay_template_5x5","","","","","","14",0
"lut_entry","262","delay_template_5x5","","","","","","15",0
"lut_entry","262","delay_template_5x5","","","","","","16",0
"lut_entry","262","delay_template_5x5","","","","","","17",0
"lut_entry","262","delay_template_5x5","","","","","","18",0
"lut_entry","262","delay_template_5x5","","","","","","19",0
"lut_entry","262","delay_template_5x5","","","","","","20",0
"lut_entry","262","delay_template_5x5","","","","","","21",0
"lut_entry","262","delay_template_5x5","","","","","","22",0
"lut_entry","262","delay_template_5x5","","","","","","23",0
"lut_entry","262","delay_template_5x5","","","","","","24",0
"lut_entry","263","delay_template_5x5","","","","","","0",0
"lut_entry","263","delay_template_5x5","","","","","","1",0
"lut_entry","263","delay_template_5x5","","","","","","2",0
"lut_entry","263","delay_template_5x5","","","","","","3",0
"lut_entry","263","delay_template_5x5","","","","","","4",0
"lut_entry","263","delay_template_5x5","","","","","","5",0
"lut_entry","263","delay_template_5x5","","","","","","6",0
"lut_entry","263","delay_template_5x5","","","","","","7",0
"lut_entry","263","delay_template_5x5","","","","","","8",0
"lut_entry","263","delay_template_5x5","","","","","","9",0
"lut_entry","263","delay_template_5x5","","","","","","10",0
"lut_entry","263","delay_template_5x5","","","","","","11",0
"lut_entry","263","delay_template_5x5","","","","","","12",0
"lut_entry","263","delay_template_5x5","","","","","","13",0
"lut_entry","263","delay_template_5x5","","","","","","14",0
"lut_entry","263","delay_template_5x5","","","","","","15",0
"lut_entry","263","delay_template_5x5","","","","","","16",0
"lut_entry","263","delay_template_5x5","","","","","","17",0
"lut_entry","263","delay_template_5x5","","","","","","18",0
"lut_entry","263","delay_template_5x5","","","","","","19",0
"lut_entry","263","delay_template_5x5","","","","","","20",0
"lut_entry","263","delay_template_5x5","","","","","","21",0
"lut_entry","263","delay_template_5x5","","","","","","22",0
"lut_entry","263","delay_template_5x5","","","","","","23",0
"lut_entry","263","delay_template_5x5","","","","","","24",0
"lut_entry","264","delay_template_5x5","","","","","","0",0
"lut_entry","264","delay_template_5x5","","","","","","1",0
"lut_entry","264","delay_template_5x5","","","","","","2",0
"lut_entry","264","delay_template_5x5","","","","","","3",0
"lut_entry","264","delay_template_5x5","","","","","","4",0
"lut_entry","264","delay_template_5x5","","","","","","5",0
"lut_entry","264","delay_template_5x5","","","","","","6",0
"lut_entry","264","delay_template_5x5","","","","","","7",0
"lut_entry","264","delay_template_5x5","","","","","","8",0
"lut_entry","264","delay_template_5x5","","","","","","9",0
"lut_entry","264","delay_template_5x5","","","","","","10",0
"lut_entry","264","delay_template_5x5","","","","","","11",0
"lut_entry","264","delay_template_5x5","","","","","","12",0
"lut_entry","264","delay_template_5x5","","","","","","13",0
"lut_entry","264","delay_template_5x5","","","","","","14",0
"lut_entry","264","delay_template_5x5","","","","","","15",0
"lut_entry","264","delay_template_5x5","","","","","","16",0
"lut_entry","264","delay_template_5x5","","","","","","17",0
"lut_entry","264","delay_template_5x5","","","","","","18",0
"lut_entry","264","delay_template_5x5","","","","","","19",0
"lut_entry","264","delay_template_5x5","","","","","","20",0
"lut_entry","264","delay_template_5x5","","","","","","21",0
"lut_entry","264","delay_template_5x5","","","","","","22",0
"lut_entry","264","delay_template_5x5","","","","","","23",0
"lut_entry","264","delay_template_5x5","","","","","","24",0
"lut_entry","265","delay_template_5x5","","","","","","0",0
"lut_entry","265","delay_template_5x5","","","","","","1",0
"lut_entry","265","delay_template_5x5","","","","","","2",0
"lut_entry","265","delay_template_5x5","","","","","","3",0
"lut_entry","265","delay_template_5x5","","","","","","4",0
"lut_entry","265","delay_template_5x5","","","","","","5",0
"lut_entry","265","delay_template_5x5","","","","","","6",0
"lut_entry","265","delay_template_5x5","","","","","","7",0
"lut_entry","265","delay_template_5x5","","","","","","8",0
"lut_entry","265","delay_template_5x5","","","","","","9",0
"lut_entry","265","delay_template_5x5","","","","","","10",0
"lut_entry","265","delay_template_5x5","","","","","","11",0
"lut_entry","265","delay_template_5x5","","","","","","12",0
"lut_entry","265","delay_template_5x5","","","","","","13",0
"lut_entry","265","delay_template_5x5","","","","","","14",0
"lut_entry","265","delay_template_5x5","","","","","","15",0
"lut_entry","265","delay_template_5x5","","","","","","16",0
"lut_entry","265","delay_template_5x5","","","","","","17",0
"lut_entry","265","delay_template_5x5","","","","","","18",0
"lut_entry","265","delay_template_5x5","","","","","","19",0
"lut_entry","265","delay_template_5x5","","","","","","20",0
"lut_entry","265","delay_template_5x5","","","","","","21",0
"lut_entry","265","delay_template_5x5","","","","","","22",0
"lut_entry","265","delay_template_5x5","","","","","","23",0
"lut_entry","265","delay_template_5x5","","","","","","24",0
"lut_entry","266","delay_template_5x5","","","","","","0",0
"lut_entry","266","delay_template_5x5","","","","","","1",0
"lut_entry","266","delay_template_5x5","","","","","","2",0
"lut_entry","266","delay_template_5x5","","","","","","3",0
"lut_entry","266","delay_template_5x5","","","","","","4",0
"lut_entry","266","delay_template_5x5","","","","","","5",0
"lut_entry","266","delay_template_5x5","","","","","","6",0
"lut_entry","266","delay_template_5x5","","","","","","7",0
"lut_entry","266","delay_template_5x5","","","","","","8",0
"lut_entry","266","delay_template_5x5","","","","","","9",0
"lut_entry","266","delay_template_5x5","","","","","","10",0
"lut_entry","266","delay_template_5x5","","","","","","11",0
"lut_entry","266","delay_template_5x5","","","","","","12",0
"lut_entry","266","delay_template_5x5","","","","","","13",0
"lut_entry","266","delay_template_5x5","","","","","","14",0
"lut_entry","266","delay_template_5x5","","","","","","15",0
"lut_entry","266","delay_template_5x5","","","","","","16",0
"lut_entry","266","delay_template_5x5","","","","","","17",0
"lut_entry","266","delay_template_5x5","","","","","","18",0
"lut_entry","266","delay_template_5x5","","","","","","19",0
"lut_entry","266","delay_template_5x5","","","","","","20",0
"lut_entry","266","delay_template_5x5","","","","","","21",0
"lut_entry","266","delay_template_5x5","","","","","","22",0
"lut_entry","266","delay_template_5x5","","","","","","23",0
"lut_entry","266","delay_template_5x5","","","","","","24",0
"lut_entry","267","delay_template_5x5","","","","","","0",0
"lut_entry","267","delay_template_5x5","","","","","","1",0
"lut_entry","267","delay_template_5x5","","","","","","2",0
"lut_entry","267","delay_template_5x5","","","","","","3",0
"lut_entry","267","delay_template_5x5","","","","","","4",0
"lut_entry","267","delay_template_5x5","","","","","","5",0
"lut_entry","267","delay_template_5x5","","","","","","6",0
"lut_entry","267","delay_template_5x5","","","","","","7",0
"lut_entry","267","delay_template_5x5","","","","","","8",0
"lut_entry","267","delay_template_5x5","","","","","","9",0
"lut_entry","267","delay_template_5x5","","","","","","10",0
"lut_entry","267","delay_template_5x5","","","","","","11",0
"lut_entry","267","delay_template_5x5","","","","","","12",0
"lut_entry","267","delay_template_5x5","","","","","","13",0
"lut_entry","267","delay_template_5x5","","","","","","14",0
"lut_entry","267","delay_template_5x5","","","","","","15",0
"lut_entry","267","delay_template_5x5","","","","","","16",0
"lut_entry","267","delay_template_5x5","","","","","","17",0
"lut_entry","267","delay_template_5x5","","","","","","18",0
"lut_entry","267","delay_template_5x5","","","","","","19",0
"lut_entry","267","delay_template_5x5","","","","","","20",0
"lut_entry","267","delay_template_5x5","","","","","","21",0
"lut_entry","267","delay_template_5x5","","","","","","22",0
"lut_entry","267","delay_template_5x5","","","","","","23",0
"lut_entry","267","delay_template_5x5","","","","","","24",0
"lut_entry","268","delay_template_5x5","","","","","","0",0
"lut_entry","268","delay_template_5x5","","","","","","1",0
"lut_entry","268","delay_template_5x5","","","","","","2",0
"lut_entry","268","delay_template_5x5","","","","","","3",0
"lut_entry","268","delay_template_5x5","","","","","","4",0
"lut_entry","268","delay_template_5x5","","","","","","5",0
"lut_entry","268","delay_template_5x5","","","","","","6",0
"lut_entry","268","delay_template_5x5","","","","","","7",0
"lut_entry","268","delay_template_5x5","","","","","","8",0
"lut_entry","268","delay_template_5x5","","","","","","9",0
"lut_entry","268","delay_template_5x5","","","","","","10",0
"lut_entry","268","delay_template_5x5","","","","","","11",0
"lut_entry","268","delay_template_5x5","","","","","","12",0
"lut_entry","268","delay_template_5x5","","","","","","13",0
"lut_entry","268","delay_template_5x5","","","","","","14",0
"lut_entry","268","delay_template_5x5","","","","","","15",0
"lut_entry","268","delay_template_5x5","","","","","","16",0
"lut_entry","268","delay_template_5x5","","","","","","17",0
"lut_entry","268","delay_template_5x5","","","","","","18",0
"lut_entry","268","delay_template_5x5","","","","","","19",0
"lut_entry","268","delay_template_5x5","","","","","","20",0
"lut_entry","268","delay_template_5x5","","","","","","21",0
"lut_entry","268","delay_template_5x5","","","","","","22",0
"lut_entry","268","delay_template_5x5","","","","","","23",0
"lut_entry","268","delay_template_5x5","","","","","","24",0
"lut_entry","269","delay_template_5x5","","","","","","0",0
"lut_entry","269","delay_template_5x5","","","","","","1",0
"lut_entry","269","delay_template_5x5","","","","","","2",0
"lut_entry","269","delay_template_5x5","","","","","","3",0
"lut_entry","269","delay_template_5x5","","","","","","4",0
"lut_entry","269","delay_template_5x5","","","","","","5",0
"lut_entry","269","delay_template_5x5","","","","","","6",0
"lut_entry","269","delay_template_5x5","","","","","","7",0
"lut_entry","269","delay_template_5x5","","","","","","8",0
"lut_entry","269","delay_template_5x5","","","","","","9",0
"lut_entry","269","delay_template_5x5","","","","","","10",0
"lut_entry","269","delay_template_5x5","","","","","","11",0
"lut_entry","269","delay_template_5x5","","","","","","12",0
"lut_entry","269","delay_template_5x5","","","","","","13",0
"lut_entry","269","delay_template_5x5","","","","","","14",0
"lut_entry","269","delay_template_5x5","","","","","","15",0
"lut_entry","269","delay_template_5x5","","","","","","16",0
"lut_entry","269","delay_template_5x5","","","","","","17",0
"lut_entry","269","delay_template_5x5","","","","","","18",0
"lut_entry","269","delay_template_5x5","","","","","","19",0
"lut_entry","269","delay_template_5x5","","","","","","20",0
"lut_entry","269","delay_template_5x5","","","","","","21",0
"lut_entry","269","delay_template_5x5","","","","","","22",0
"lut_entry","269","delay_template_5x5","","","","","","23",0
"lut_entry","269","delay_template_5x5","","","","","","24",0
"lut_entry","270","delay_template_5x5","","","","","","0",0
"lut_entry","270","delay_template_5x5","","","","","","1",0
"lut_entry","270","delay_template_5x5","","","","","","2",0
"lut_entry","270","delay_template_5x5","","","","","","3",0
"lut_entry","270","delay_template_5x5","","","","","","4",0
"lut_entry","270","delay_template_5x5","","","","","","5",0
"lut_entry","270","delay_template_5x5","","","","","","6",0
"lut_entry","270","delay_template_5x5","","","","","","7",0
"lut_entry","270","delay_template_5x5","","","","","","8",0
"lut_entry","270","delay_template_5x5","","","","","","9",0
"lut_entry","270","delay_template_5x5","","","","","","10",0
"lut_entry","270","delay_template_5x5","","","","","","11",0
"lut_entry","270","delay_template_5x5","","","","","","12",0
"lut_entry","270","delay_template_5x5","","","","","","13",0
"lut_entry","270","delay_template_5x5","","","","","","14",0
"lut_entry","270","delay_template_5x5","","","","","","15",0
"lut_entry","270","delay_template_5x5","","","","","","16",0
"lut_entry","270","delay_template_5x5","","","","","","17",0
"lut_entry","270","delay_template_5x5","","","","","","18",0
"lut_entry","270","delay_template_5x5","","","","","","19",0
"lut_entry","270","delay_template_5x5","","","","","","20",0
"lut_entry","270","delay_template_5x5","","","","","","21",0
"lut_entry","270","delay_template_5x5","","","","","","22",0
"lut_entry","270","delay_template_5x5","","","","","","23",0
"lut_entry","270","delay_template_5x5","","","","","","24",0
"lut_entry","271","delay_template_5x5","","","","","","0",0
"lut_entry","271","delay_template_5x5","","","","","","1",0
"lut_entry","271","delay_template_5x5","","","","","","2",0
"lut_entry","271","delay_template_5x5","","","","","","3",0
"lut_entry","271","delay_template_5x5","","","","","","4",0
"lut_entry","271","delay_template_5x5","","","","","","5",0
"lut_entry","271","delay_template_5x5","","","","","","6",0
"lut_entry","271","delay_template_5x5","","","","","","7",0
"lut_entry","271","delay_template_5x5","","","","","","8",0
"lut_entry","271","delay_template_5x5","","","","","","9",0
"lut_entry","271","delay_template_5x5","","","","","","10",0
"lut_entry","271","delay_template_5x5","","","","","","11",0
"lut_entry","271","delay_template_5x5","","","","","","12",0
"lut_entry","271","delay_template_5x5","","","","","","13",0
"lut_entry","271","delay_template_5x5","","","","","","14",0
"lut_entry","271","delay_template_5x5","","","","","","15",0
"lut_entry","271","delay_template_5x5","","","","","","16",0
"lut_entry","271","delay_template_5x5","","","","","","17",0
"lut_entry","271","delay_template_5x5","","","","","","18",0
"lut_entry","271","delay_template_5x5","","","","","","19",0
"lut_entry","271","delay_template_5x5","","","","","","20",0
"lut_entry","271","delay_template_5x5","","","","","","21",0
"lut_entry","271","delay_template_5x5","","","","","","22",0
"lut_entry","271","delay_template_5x5","","","","","","23",0
"lut_entry","271","delay_template_5x5","","","","","","24",0
"lut_entry","272","delay_template_5x5","","","","","","0",0
"lut_entry","272","delay_template_5x5","","","","","","1",0
"lut_entry","272","delay_template_5x5","","","","","","2",0
"lut_entry","272","delay_template_5x5","","","","","","3",0
"lut_entry","272","delay_template_5x5","","","","","","4",0
"lut_entry","272","delay_template_5x5","","","","","","5",0
"lut_entry","272","delay_template_5x5","","","","","","6",0
"lut_entry","272","delay_template_5x5","","","","","","7",0
"lut_entry","272","delay_template_5x5","","","","","","8",0
"lut_entry","272","delay_template_5x5","","","","","","9",0
"lut_entry","272","delay_template_5x5","","","","","","10",0
"lut_entry","272","delay_template_5x5","","","","","","11",0
"lut_entry","272","delay_template_5x5","","","","","","12",0
"lut_entry","272","delay_template_5x5","","","","","","13",0
"lut_entry","272","delay_template_5x5","","","","","","14",0
"lut_entry","272","delay_template_5x5","","","","","","15",0
"lut_entry","272","delay_template_5x5","","","","","","16",0
"lut_entry","272","delay_template_5x5","","","","","","17",0
"lut_entry","272","delay_template_5x5","","","","","","18",0
"lut_entry","272","delay_template_5x5","","","","","","19",0
"lut_entry","272","delay_template_5x5","","","","","","20",0
"lut_entry","272","delay_template_5x5","","","","","","21",0
"lut_entry","272","delay_template_5x5","","","","","","22",0
"lut_entry","272","delay_template_5x5","","","","","","23",0
"lut_entry","272","delay_template_5x5","","","","","","24",0
"lut_entry","273","delay_template_5x5","","","","","","0",0
"lut_entry","273","delay_template_5x5","","","","","","1",0
"lut_entry","273","delay_template_5x5","","","","","","2",0
"lut_entry","273","delay_template_5x5","","","","","","3",0
"lut_entry","273","delay_template_5x5","","","","","","4",0
"lut_entry","273","delay_template_5x5","","","","","","5",0
"lut_entry","273","delay_template_5x5","","","","","","6",0
"lut_entry","273","delay_template_5x5","","","","","","7",0
"lut_entry","273","delay_template_5x5","","","","","","8",0
"lut_entry","273","delay_template_5x5","","","","","","9",0
"lut_entry","273","delay_template_5x5","","","","","","10",0
"lut_entry","273","delay_template_5x5","","","","","","11",0
"lut_entry","273","delay_template_5x5","","","","","","12",0
"lut_entry","273","delay_template_5x5","","","","","","13",0
"lut_entry","273","delay_template_5x5","","","","","","14",0
"lut_entry","273","delay_template_5x5","","","","","","15",0
"lut_entry","273","delay_template_5x5","","","","","","16",0
"lut_entry","273","delay_template_5x5","","","","","","17",0
"lut_entry","273","delay_template_5x5","","","","","","18",0
"lut_entry","273","delay_template_5x5","","","","","","19",0
"lut_entry","273","delay_template_5x5","","","","","","20",0
"lut_entry","273","delay_template_5x5","","","","","","21",0
"lut_entry","273","delay_template_5x5","","","","","","22",0
"lut_entry","273","delay_template_5x5","","","","","","23",0
"lut_entry","273","delay_template_5x5","","","","","","24",0
"lut_entry","274","delay_template_5x5","","","","","","0",0
"lut_entry","274","delay_template_5x5","","","","","","1",0
"lut_entry","274","delay_template_5x5","","","","","","2",0
"lut_entry","274","delay_template_5x5","","","","","","3",0
"lut_entry","274","delay_template_5x5","","","","","","4",0
"lut_entry","274","delay_template_5x5","","","","","","5",0
"lut_entry","274","delay_template_5x5","","","","","","6",0
"lut_entry","274","delay_template_5x5","","","","","","7",0
"lut_entry","274","delay_template_5x5","","","","","","8",0
"lut_entry","274","delay_template_5x5","","","","","","9",0
"lut_entry","274","delay_template_5x5","","","","","","10",0
"lut_entry","274","delay_template_5x5","","","","","","11",0
"lut_entry","274","delay_template_5x5","","","","","","12",0
"lut_entry","274","delay_template_5x5","","","","","","13",0
"lut_entry","274","delay_template_5x5","","","","","","14",0
"lut_entry","274","delay_template_5x5","","","","","","15",0
"lut_entry","274","delay_template_5x5","","","","","","16",0
"lut_entry","274","delay_template_5x5","","","","","","17",0
"lut_entry","274","delay_template_5x5","","","","","","18",0
"lut_entry","274","delay_template_5x5","","","","","","19",0
"lut_entry","274","delay_template_5x5","","","","","","20",0
"lut_entry","274","delay_template_5x5","","","","","","21",0
"lut_entry","274","delay_template_5x5","","","","","","22",0
"lut_entry","274","delay_template_5x5","","","","","","23",0
"lut_entry","274","delay_template_5x5","","","","","","24",0
"lut_entry","275","delay_template_5x5","","","","","","0",0
"lut_entry","275","delay_template_5x5","","","","","","1",0
"lut_entry","275","delay_template_5x5","","","","","","2",0
"lut_entry","275","delay_template_5x5","","","","","","3",0
"lut_entry","275","delay_template_5x5","","","","","","4",0
"lut_entry","275","delay_template_5x5","","","","","","5",0
"lut_entry","275","delay_template_5x5","","","","","","6",0
"lut_entry","275","delay_template_5x5","","","","","","7",0
"lut_entry","275","delay_template_5x5","","","","","","8",0
"lut_entry","275","delay_template_5x5","","","","","","9",0
"lut_entry","275","delay_template_5x5","","","","","","10",0
"lut_entry","275","delay_template_5x5","","","","","","11",0
"lut_entry","275","delay_template_5x5","","","","","","12",0
"lut_entry","275","delay_template_5x5","","","","","","13",0
"lut_entry","275","delay_template_5x5","","","","","","14",0
"lut_entry","275","delay_template_5x5","","","","","","15",0
"lut_entry","275","delay_template_5x5","","","","","","16",0
"lut_entry","275","delay_template_5x5","","","","","","17",0
"lut_entry","275","delay_template_5x5","","","","","","18",0
"lut_entry","275","delay_template_5x5","","","","","","19",0
"lut_entry","275","delay_template_5x5","","","","","","20",0
"lut_entry","275","delay_template_5x5","","","","","","21",0
"lut_entry","275","delay_template_5x5","","","","","","22",0
"lut_entry","275","delay_template_5x5","","","","","","23",0
"lut_entry","275","delay_template_5x5","","","","","","24",0
"lut_entry","276","delay_template_5x5","","","","","","0",0
"lut_entry","276","delay_template_5x5","","","","","","1",0
"lut_entry","276","delay_template_5x5","","","","","","2",0
"lut_entry","276","delay_template_5x5","","","","","","3",0
"lut_entry","276","delay_template_5x5","","","","","","4",0
"lut_entry","276","delay_template_5x5","","","","","","5",0
"lut_entry","276","delay_template_5x5","","","","","","6",0
"lut_entry","276","delay_template_5x5","","","","","","7",0
"lut_entry","276","delay_template_5x5","","","","","","8",0
"lut_entry","276","delay_template_5x5","","","","","","9",0
"lut_entry","276","delay_template_5x5","","","","","","10",0
"lut_entry","276","delay_template_5x5","","","","","","11",0
"lut_entry","276","delay_template_5x5","","","","","","12",0
"lut_entry","276","delay_template_5x5","","","","","","13",0
"lut_entry","276","delay_template_5x5","","","","","","14",0
"lut_entry","276","delay_template_5x5","","","","","","15",0
"lut_entry","276","delay_template_5x5","","","","","","16",0
"lut_entry","276","delay_template_5x5","","","","","","17",0
"lut_entry","276","delay_template_5x5","","","","","","18",0
"lut_entry","276","delay_template_5x5","","","","","","19",0
"lut_entry","276","delay_template_5x5","","","","","","20",0
"lut_entry","276","delay_template_5x5","","","","","","21",0
"lut_entry","276","delay_template_5x5","","","","","","22",0
"lut_entry","276","delay_template_5x5","","","","","","23",0
"lut_entry","276","delay_template_5x5","","","","","","24",0
"lut_entry","277","delay_template_5x5","","","","","","0",0
"lut_entry","277","delay_template_5x5","","","","","","1",0
"lut_entry","277","delay_template_5x5","","","","","","2",0
"lut_entry","277","delay_template_5x5","","","","","","3",0
"lut_entry","277","delay_template_5x5","","","","","","4",0
"lut_entry","277","delay_template_5x5","","","","","","5",0
"lut_entry","277","delay_template_5x5","","","","","","6",0
"lut_entry","277","delay_template_5x5","","","","","","7",0
"lut_entry","277","delay_template_5x5","","","","","","8",0
"lut_entry","277","delay_template_5x5","","","","","","9",0
"lut_entry","277","delay_template_5x5","","","","","","10",0
"lut_entry","277","delay_template_5x5","","","","","","11",0
"lut_entry","277","delay_template_5x5","","","","","","12",0
"lut_entry","277","delay_template_5x5","","","","","","13",0
"lut_entry","277","delay_template_5x5","","","","","","14",0
"lut_entry","277","delay_template_5x5","","","","","","15",0
"lut_entry","277","delay_template_5x5","","","","","","16",0
"lut_entry","277","delay_template_5x5","","","","","","17",0
"lut_entry","277","delay_template_5x5","","","","","","18",0
"lut_entry","277","delay_template_5x5","","","","","","19",0
"lut_entry","277","delay_template_5x5","","","","","","20",0
"lut_entry","277","delay_template_5x5","","","","","","21",0
"lut_entry","277","delay_template_5x5","","","","","","22",0
"lut_entry","277","delay_template_5x5","","","","","","23",0
"lut_entry","277","delay_template_5x5","","","","","","24",0
"lut_entry","278","delay_template_5x5","","","","","","0",0
"lut_entry","278","delay_template_5x5","","","","","","1",0
"lut_entry","278","delay_template_5x5","","","","","","2",0
"lut_entry","278","delay_template_5x5","","","","","","3",0
"lut_entry","278","delay_template_5x5","","","","","","4",0
"lut_entry","278","delay_template_5x5","","","","","","5",0
"lut_entry","278","delay_template_5x5","","","","","","6",0
"lut_entry","278","delay_template_5x5","","","","","","7",0
"lut_entry","278","delay_template_5x5","","","","","","8",0
"lut_entry","278","delay_template_5x5","","","","","","9",0
"lut_entry","278","delay_template_5x5","","","","","","10",0
"lut_entry","278","delay_template_5x5","","","","","","11",0
"lut_entry","278","delay_template_5x5","","","","","","12",0
"lut_entry","278","delay_template_5x5","","","","","","13",0
"lut_entry","278","delay_template_5x5","","","","","","14",0
"lut_entry","278","delay_template_5x5","","","","","","15",0
"lut_entry","278","delay_template_5x5","","","","","","16",0
"lut_entry","278","delay_template_5x5","","","","","","17",0
"lut_entry","278","delay_template_5x5","","","","","","18",0
"lut_entry","278","delay_template_5x5","","","","","","19",0
"lut_entry","278","delay_template_5x5","","","","","","20",0
"lut_entry","278","delay_template_5x5","","","","","","21",0
"lut_entry","278","delay_template_5x5","","","","","","22",0
"lut_entry","278","delay_template_5x5","","","","","","23",0
"lut_entry","278","delay_template_5x5","","","","","","24",0
"lut_entry","279","delay_template_5x5","","","","","","0",0
"lut_entry","279","delay_template_5x5","","","","","","1",0
"lut_entry","279","delay_template_5x5","","","","","","2",0
"lut_entry","279","delay_template_5x5","","","","","","3",0
"lut_entry","279","delay_template_5x5","","","","","","4",0
"lut_entry","279","delay_template_5x5","","","","","","5",0
"lut_entry","279","delay_template_5x5","","","","","","6",0
"lut_entry","279","delay_template_5x5","","","","","","7",0
"lut_entry","279","delay_template_5x5","","","","","","8",0
"lut_entry","279","delay_template_5x5","","","","","","9",0
"lut_entry","279","delay_template_5x5","","","","","","10",0
"lut_entry","279","delay_template_5x5","","","","","","11",0
"lut_entry","279","delay_template_5x5","","","","","","12",0
"lut_entry","279","delay_template_5x5","","","","","","13",0
"lut_entry","279","delay_template_5x5","","","","","","14",0
"lut_entry","279","delay_template_5x5","","","","","","15",0
"lut_entry","279","delay_template_5x5","","","","","","16",0
"lut_entry","279","delay_template_5x5","","","","","","17",0
"lut_entry","279","delay_template_5x5","","","","","","18",0
"lut_entry","279","delay_template_5x5","","","","","","19",0
"lut_entry","279","delay_template_5x5","","","","","","20",0
"lut_entry","279","delay_template_5x5","","","","","","21",0
"lut_entry","279","delay_template_5x5","","","","","","22",0
"lut_entry","279","delay_template_5x5","","","","","","23",0
"lut_entry","279","delay_template_5x5","","","","","","24",0
"lut_entry","280","delay_template_5x5","","","","","","0",0
"lut_entry","280","delay_template_5x5","","","","","","1",0
"lut_entry","280","delay_template_5x5","","","","","","2",0
"lut_entry","280","delay_template_5x5","","","","","","3",0
"lut_entry","280","delay_template_5x5","","","","","","4",0
"lut_entry","280","delay_template_5x5","","","","","","5",0
"lut_entry","280","delay_template_5x5","","","","","","6",0
"lut_entry","280","delay_template_5x5","","","","","","7",0
"lut_entry","280","delay_template_5x5","","","","","","8",0
"lut_entry","280","delay_template_5x5","","","","","","9",0
"lut_entry","280","delay_template_5x5","","","","","","10",0
"lut_entry","280","delay_template_5x5","","","","","","11",0
"lut_entry","280","delay_template_5x5","","","","","","12",0
"lut_entry","280","delay_template_5x5","","","","","","13",0
"lut_entry","280","delay_template_5x5","","","","","","14",0
"lut_entry","280","delay_template_5x5","","","","","","15",0
"lut_entry","280","delay_template_5x5","","","","","","16",0
"lut_entry","280","delay_template_5x5","","","","","","17",0
"lut_entry","280","delay_template_5x5","","","","","","18",0
"lut_entry","280","delay_template_5x5","","","","","","19",0
"lut_entry","280","delay_template_5x5","","","","","","20",0
"lut_entry","280","delay_template_5x5","","","","","","21",0
"lut_entry","280","delay_template_5x5","","","","","","22",0
"lut_entry","280","delay_template_5x5","","","","","","23",0
"lut_entry","280","delay_template_5x5","","","","","","24",0
"lut_entry","281","delay_template_5x5","","","","","","0",0
"lut_entry","281","delay_template_5x5","","","","","","1",0
"lut_entry","281","delay_template_5x5","","","","","","2",0
"lut_entry","281","delay_template_5x5","","","","","","3",0
"lut_entry","281","delay_template_5x5","","","","","","4",0
"lut_entry","281","delay_template_5x5","","","","","","5",0
"lut_entry","281","delay_template_5x5","","","","","","6",0
"lut_entry","281","delay_template_5x5","","","","","","7",0
"lut_entry","281","delay_template_5x5","","","","","","8",0
"lut_entry","281","delay_template_5x5","","","","","","9",0
"lut_entry","281","delay_template_5x5","","","","","","10",0
"lut_entry","281","delay_template_5x5","","","","","","11",0
"lut_entry","281","delay_template_5x5","","","","","","12",0
"lut_entry","281","delay_template_5x5","","","","","","13",0
"lut_entry","281","delay_template_5x5","","","","","","14",0
"lut_entry","281","delay_template_5x5","","","","","","15",0
"lut_entry","281","delay_template_5x5","","","","","","16",0
"lut_entry","281","delay_template_5x5","","","","","","17",0
"lut_entry","281","delay_template_5x5","","","","","","18",0
"lut_entry","281","delay_template_5x5","","","","","","19",0
"lut_entry","281","delay_template_5x5","","","","","","20",0
"lut_entry","281","delay_template_5x5","","","","","","21",0
"lut_entry","281","delay_template_5x5","","","","","","22",0
"lut_entry","281","delay_template_5x5","","","","","","23",0
"lut_entry","281","delay_template_5x5","","","","","","24",0
"lut_entry","282","delay_template_5x5","","","","","","0",0
"lut_entry","282","delay_template_5x5","","","","","","1",0
"lut_entry","282","delay_template_5x5","","","","","","2",0
"lut_entry","282","delay_template_5x5","","","","","","3",0
"lut_entry","282","delay_template_5x5","","","","","","4",0
"lut_entry","282","delay_template_5x5","","","","","","5",0
"lut_entry","282","delay_template_5x5","","","","","","6",0
"lut_entry","282","delay_template_5x5","","","","","","7",0
"lut_entry","282","delay_template_5x5","","","","","","8",0
"lut_entry","282","delay_template_5x5","","","","","","9",0
"lut_entry","282","delay_template_5x5","","","","","","10",0
"lut_entry","282","delay_template_5x5","","","","","","11",0
"lut_entry","282","delay_template_5x5","","","","","","12",0
"lut_entry","282","delay_template_5x5","","","","","","13",0
"lut_entry","282","delay_template_5x5","","","","","","14",0
"lut_entry","282","delay_template_5x5","","","","","","15",0
"lut_entry","282","delay_template_5x5","","","","","","16",0
"lut_entry","282","delay_template_5x5","","","","","","17",0
"lut_entry","282","delay_template_5x5","","","","","","18",0
"lut_entry","282","delay_template_5x5","","","","","","19",0
"lut_entry","282","delay_template_5x5","","","","","","20",0
"lut_entry","282","delay_template_5x5","","","","","","21",0
"lut_entry","282","delay_template_5x5","","","","","","22",0
"lut_entry","282","delay_template_5x5","","","","","","23",0
"lut_entry","282","delay_template_5x5","","","","","","24",0
"lut_entry","283","delay_template_5x5","","","","","","0",0
"lut_entry","283","delay_template_5x5","","","","","","1",0
"lut_entry","283","delay_template_5x5","","","","","","2",0
"lut_entry","283","delay_template_5x5","","","","","","3",0
"lut_entry","283","delay_template_5x5","","","","","","4",0
"lut_entry","283","delay_template_5x5","","","","","","5",0
"lut_entry","283","delay_template_5x5","","","","","","6",0
"lut_entry","283","delay_template_5x5","","","","","","7",0
"lut_entry","283","delay_template_5x5","","","","","","8",0
"lut_entry","283","delay_template_5x5","","","","","","9",0
"lut_entry","283","delay_template_5x5","","","","","","10",0
"lut_entry","283","delay_template_5x5","","","","","","11",0
"lut_entry","283","delay_template_5x5","","","","","","12",0
"lut_entry","283","delay_template_5x5","","","","","","13",0
"lut_entry","283","delay_template_5x5","","","","","","14",0
"lut_entry","283","delay_template_5x5","","","","","","15",0
"lut_entry","283","delay_template_5x5","","","","","","16",0
"lut_entry","283","delay_template_5x5","","","","","","17",0
"lut_entry","283","delay_template_5x5","","","","","","18",0
"lut_entry","283","delay_template_5x5","","","","","","19",0
"lut_entry","283","delay_template_5x5","","","","","","20",0
"lut_entry","283","delay_template_5x5","","","","","","21",0
"lut_entry","283","delay_template_5x5","","","","","","22",0
"lut_entry","283","delay_template_5x5","","","","","","23",0
"lut_entry","283","delay_template_5x5","","","","","","24",0
"lut_entry","284","delay_template_5x5","","","","","","0",0
"lut_entry","284","delay_template_5x5","","","","","","1",0
"lut_entry","284","delay_template_5x5","","","","","","2",0
"lut_entry","284","delay_template_5x5","","","","","","3",0
"lut_entry","284","delay_template_5x5","","","","","","4",0
"lut_entry","284","delay_template_5x5","","","","","","5",0
"lut_entry","284","delay_template_5x5","","","","","","6",0
"lut_entry","284","delay_template_5x5","","","","","","7",0
"lut_entry","284","delay_template_5x5","","","","","","8",0
"lut_entry","284","delay_template_5x5","","","","","","9",0
"lut_entry","284","delay_template_5x5","","","","","","10",0
"lut_entry","284","delay_template_5x5","","","","","","11",0
"lut_entry","284","delay_template_5x5","","","","","","12",0
"lut_entry","284","delay_template_5x5","","","","","","13",0
"lut_entry","284","delay_template_5x5","","","","","","14",0
"lut_entry","284","delay_template_5x5","","","","","","15",0
"lut_entry","284","delay_template_5x5","","","","","","16",0
"lut_entry","284","delay_template_5x5","","","","","","17",0
"lut_entry","284","delay_template_5x5","","","","","","18",0
"lut_entry","284","delay_template_5x5","","","","","","19",0
"lut_entry","284","delay_template_5x5","","","","","","20",0
"lut_entry","284","delay_template_5x5","","","","","","21",0
"lut_entry","284","delay_template_5x5","","","","","","22",0
"lut_entry","284","delay_template_5x5","","","","","","23",0
"lut_entry","284","delay_template_5x5","","","","","","24",0
"lut_entry","285","delay_template_5x5","","","","","","0",0
"lut_entry","285","delay_template_5x5","","","","","","1",0
"lut_entry","285","delay_template_5x5","","","","","","2",0
"lut_entry","285","delay_template_5x5","","","","","","3",0
"lut_entry","285","delay_template_5x5","","","","","","4",0
"lut_entry","285","delay_template_5x5","","","","","","5",0
"lut_entry","285","delay_template_5x5","","","","","","6",0
"lut_entry","285","delay_template_5x5","","","","","","7",0
"lut_entry","285","delay_template_5x5","","","","","","8",0
"lut_entry","285","delay_template_5x5","","","","","","9",0
"lut_entry","285","delay_template_5x5","","","","","","10",0
"lut_entry","285","delay_template_5x5","","","","","","11",0
"lut_entry","285","delay_template_5x5","","","","","","12",0
"lut_entry","285","delay_template_5x5","","","","","","13",0
"lut_entry","285","delay_template_5x5","","","","","","14",0
"lut_entry","285","delay_template_5x5","","","","","","15",0
"lut_entry","285","delay_template_5x5","","","","","","16",0
"lut_entry","285","delay_template_5x5","","","","","","17",0
"lut_entry","285","delay_template_5x5","","","","","","18",0
"lut_entry","285","delay_template_5x5","","","","","","19",0
"lut_entry","285","delay_template_5x5","","","","","","20",0
"lut_entry","285","delay_template_5x5","","","","","","21",0
"lut_entry","285","delay_template_5x5","","","","","","22",0
"lut_entry","285","delay_template_5x5","","","","","","23",0
"lut_entry","285","delay_template_5x5","","","","","","24",0
"lut_entry","286","delay_template_5x5","","","","","","0",0
"lut_entry","286","delay_template_5x5","","","","","","1",0
"lut_entry","286","delay_template_5x5","","","","","","2",0
"lut_entry","286","delay_template_5x5","","","","","","3",0
"lut_entry","286","delay_template_5x5","","","","","","4",0
"lut_entry","286","delay_template_5x5","","","","","","5",0
"lut_entry","286","delay_template_5x5","","","","","","6",0
"lut_entry","286","delay_template_5x5","","","","","","7",0
"lut_entry","286","delay_template_5x5","","","","","","8",0
"lut_entry","286","delay_template_5x5","","","","","","9",0
"lut_entry","286","delay_template_5x5","","","","","","10",0
"lut_entry","286","delay_template_5x5","","","","","","11",0
"lut_entry","286","delay_template_5x5","","","","","","12",0
"lut_entry","286","delay_template_5x5","","","","","","13",0
"lut_entry","286","delay_template_5x5","","","","","","14",0
"lut_entry","286","delay_template_5x5","","","","","","15",0
"lut_entry","286","delay_template_5x5","","","","","","16",0
"lut_entry","286","delay_template_5x5","","","","","","17",0
"lut_entry","286","delay_template_5x5","","","","","","18",0
"lut_entry","286","delay_template_5x5","","","","","","19",0
"lut_entry","286","delay_template_5x5","","","","","","20",0
"lut_entry","286","delay_template_5x5","","","","","","21",0
"lut_entry","286","delay_template_5x5","","","","","","22",0
"lut_entry","286","delay_template_5x5","","","","","","23",0
"lut_entry","286","delay_template_5x5","","","","","","24",0
"lut_entry","287","delay_template_5x5","","","","","","0",0
"lut_entry","287","delay_template_5x5","","","","","","1",0
"lut_entry","287","delay_template_5x5","","","","","","2",0
"lut_entry","287","delay_template_5x5","","","","","","3",0
"lut_entry","287","delay_template_5x5","","","","","","4",0
"lut_entry","287","delay_template_5x5","","","","","","5",0
"lut_entry","287","delay_template_5x5","","","","","","6",0
"lut_entry","287","delay_template_5x5","","","","","","7",0
"lut_entry","287","delay_template_5x5","","","","","","8",0
"lut_entry","287","delay_template_5x5","","","","","","9",0
"lut_entry","287","delay_template_5x5","","","","","","10",0
"lut_entry","287","delay_template_5x5","","","","","","11",0
"lut_entry","287","delay_template_5x5","","","","","","12",0
"lut_entry","287","delay_template_5x5","","","","","","13",0
"lut_entry","287","delay_template_5x5","","","","","","14",0
"lut_entry","287","delay_template_5x5","","","","","","15",0
"lut_entry","287","delay_template_5x5","","","","","","16",0
"lut_entry","287","delay_template_5x5","","","","","","17",0
"lut_entry","287","delay_template_5x5","","","","","","18",0
"lut_entry","287","delay_template_5x5","","","","","","19",0
"lut_entry","287","delay_template_5x5","","","","","","20",0
"lut_entry","287","delay_template_5x5","","","","","","21",0
"lut_entry","287","delay_template_5x5","","","","","","22",0
"lut_entry","287","delay_template_5x5","","","","","","23",0
"lut_entry","287","delay_template_5x5","","","","","","24",0
"lut_entry","288","delay_template_5x5","","","","","","0",0
"lut_entry","288","delay_template_5x5","","","","","","1",0
"lut_entry","288","delay_template_5x5","","","","","","2",0
"lut_entry","288","delay_template_5x5","","","","","","3",0
"lut_entry","288","delay_template_5x5","","","","","","4",0
"lut_entry","288","delay_template_5x5","","","","","","5",0
"lut_entry","288","delay_template_5x5","","","","","","6",0
"lut_entry","288","delay_template_5x5","","","","","","7",0
"lut_entry","288","delay_template_5x5","","","","","","8",0
"lut_entry","288","delay_template_5x5","","","","","","9",0
"lut_entry","288","delay_template_5x5","","","","","","10",0
"lut_entry","288","delay_template_5x5","","","","","","11",0
"lut_entry","288","delay_template_5x5","","","","","","12",0
"lut_entry","288","delay_template_5x5","","","","","","13",0
"lut_entry","288","delay_template_5x5","","","","","","14",0
"lut_entry","288","delay_template_5x5","","","","","","15",0
"lut_entry","288","delay_template_5x5","","","","","","16",0
"lut_entry","288","delay_template_5x5","","","","","","17",0
"lut_entry","288","delay_template_5x5","","","","","","18",0
"lut_entry","288","delay_template_5x5","","","","","","19",0
"lut_entry","288","delay_template_5x5","","","","","","20",0
"lut_entry","288","delay_template_5x5","","","","","","21",0
"lut_entry","288","delay_template_5x5","","","","","","22",0
"lut_entry","288","delay_template_5x5","","","","","","23",0
"lut_entry","288","delay_template_5x5","","","","","","24",0
"lut_entry","289","delay_template_5x5","","","","","","0",0
"lut_entry","289","delay_template_5x5","","","","","","1",0
"lut_entry","289","delay_template_5x5","","","","","","2",0
"lut_entry","289","delay_template_5x5","","","","","","3",0
"lut_entry","289","delay_template_5x5","","","","","","4",0
"lut_entry","289","delay_template_5x5","","","","","","5",0
"lut_entry","289","delay_template_5x5","","","","","","6",0
"lut_entry","289","delay_template_5x5","","","","","","7",0
"lut_entry","289","delay_template_5x5","","","","","","8",0
"lut_entry","289","delay_template_5x5","","","","","","9",0
"lut_entry","289","delay_template_5x5","","","","","","10",0
"lut_entry","289","delay_template_5x5","","","","","","11",0
"lut_entry","289","delay_template_5x5","","","","","","12",0
"lut_entry","289","delay_template_5x5","","","","","","13",0
"lut_entry","289","delay_template_5x5","","","","","","14",0
"lut_entry","289","delay_template_5x5","","","","","","15",0
"lut_entry","289","delay_template_5x5","","","","","","16",0
"lut_entry","289","delay_template_5x5","","","","","","17",0
"lut_entry","289","delay_template_5x5","","","","","","18",0
"lut_entry","289","delay_template_5x5","","","","","","19",0
"lut_entry","289","delay_template_5x5","","","","","","20",0
"lut_entry","289","delay_template_5x5","","","","","","21",0
"lut_entry","289","delay_template_5x5","","","","","","22",0
"lut_entry","289","delay_template_5x5","","","","","","23",0
"lut_entry","289","delay_template_5x5","","","","","","24",0
"lut_entry","290","delay_template_5x5","","","","","","0",0
"lut_entry","290","delay_template_5x5","","","","","","1",0
"lut_entry","290","delay_template_5x5","","","","","","2",0
"lut_entry","290","delay_template_5x5","","","","","","3",0
"lut_entry","290","delay_template_5x5","","","","","","4",0
"lut_entry","290","delay_template_5x5","","","","","","5",0
"lut_entry","290","delay_template_5x5","","","","","","6",0
"lut_entry","290","delay_template_5x5","","","","","","7",0
"lut_entry","290","delay_template_5x5","","","","","","8",0
"lut_entry","290","delay_template_5x5","","","","","","9",0
"lut_entry","290","delay_template_5x5","","","","","","10",0
"lut_entry","290","delay_template_5x5","","","","","","11",0
"lut_entry","290","delay_template_5x5","","","","","","12",0
"lut_entry","290","delay_template_5x5","","","","","","13",0
"lut_entry","290","delay_template_5x5","","","","","","14",0
"lut_entry","290","delay_template_5x5","","","","","","15",0
"lut_entry","290","delay_template_5x5","","","","","","16",0
"lut_entry","290","delay_template_5x5","","","","","","17",0
"lut_entry","290","delay_template_5x5","","","","","","18",0
"lut_entry","290","delay_template_5x5","","","","","","19",0
"lut_entry","290","delay_template_5x5","","","","","","20",0
"lut_entry","290","delay_template_5x5","","","","","","21",0
"lut_entry","290","delay_template_5x5","","","","","","22",0
"lut_entry","290","delay_template_5x5","","","","","","23",0
"lut_entry","290","delay_template_5x5","","","","","","24",0
"lut_entry","291","delay_template_5x5","","","","","","0",0
"lut_entry","291","delay_template_5x5","","","","","","1",0
"lut_entry","291","delay_template_5x5","","","","","","2",0
"lut_entry","291","delay_template_5x5","","","","","","3",0
"lut_entry","291","delay_template_5x5","","","","","","4",0
"lut_entry","291","delay_template_5x5","","","","","","5",0
"lut_entry","291","delay_template_5x5","","","","","","6",0
"lut_entry","291","delay_template_5x5","","","","","","7",0
"lut_entry","291","delay_template_5x5","","","","","","8",0
"lut_entry","291","delay_template_5x5","","","","","","9",0
"lut_entry","291","delay_template_5x5","","","","","","10",0
"lut_entry","291","delay_template_5x5","","","","","","11",0
"lut_entry","291","delay_template_5x5","","","","","","12",0
"lut_entry","291","delay_template_5x5","","","","","","13",0
"lut_entry","291","delay_template_5x5","","","","","","14",0
"lut_entry","291","delay_template_5x5","","","","","","15",0
"lut_entry","291","delay_template_5x5","","","","","","16",0
"lut_entry","291","delay_template_5x5","","","","","","17",0
"lut_entry","291","delay_template_5x5","","","","","","18",0
"lut_entry","291","delay_template_5x5","","","","","","19",0
"lut_entry","291","delay_template_5x5","","","","","","20",0
"lut_entry","291","delay_template_5x5","","","","","","21",0
"lut_entry","291","delay_template_5x5","","","","","","22",0
"lut_entry","291","delay_template_5x5","","","","","","23",0
"lut_entry","291","delay_template_5x5","","","","","","24",0
"lut_entry","292","delay_template_5x5","","","","","","0",0
"lut_entry","292","delay_template_5x5","","","","","","1",0
"lut_entry","292","delay_template_5x5","","","","","","2",0
"lut_entry","292","delay_template_5x5","","","","","","3",0
"lut_entry","292","delay_template_5x5","","","","","","4",0
"lut_entry","292","delay_template_5x5","","","","","","5",0
"lut_entry","292","delay_template_5x5","","","","","","6",0
"lut_entry","292","delay_template_5x5","","","","","","7",0
"lut_entry","292","delay_template_5x5","","","","","","8",0
"lut_entry","292","delay_template_5x5","","","","","","9",0
"lut_entry","292","delay_template_5x5","","","","","","10",0
"lut_entry","292","delay_template_5x5","","","","","","11",0
"lut_entry","292","delay_template_5x5","","","","","","12",0
"lut_entry","292","delay_template_5x5","","","","","","13",0
"lut_entry","292","delay_template_5x5","","","","","","14",0
"lut_entry","292","delay_template_5x5","","","","","","15",0
"lut_entry","292","delay_template_5x5","","","","","","16",0
"lut_entry","292","delay_template_5x5","","","","","","17",0
"lut_entry","292","delay_template_5x5","","","","","","18",0
"lut_entry","292","delay_template_5x5","","","","","","19",0
"lut_entry","292","delay_template_5x5","","","","","","20",0
"lut_entry","292","delay_template_5x5","","","","","","21",0
"lut_entry","292","delay_template_5x5","","","","","","22",0
"lut_entry","292","delay_template_5x5","","","","","","23",0
"lut_entry","292","delay_template_5x5","","","","","","24",0
"lut_entry","293","delay_template_5x5","","","","","","0",0
"lut_entry","293","delay_template_5x5","","","","","","1",0
"lut_entry","293","delay_template_5x5","","","","","","2",0
"lut_entry","293","delay_template_5x5","","","","","","3",0
"lut_entry","293","delay_template_5x5","","","","","","4",0
"lut_entry","293","delay_template_5x5","","","","","","5",0
"lut_entry","293","delay_template_5x5","","","","","","6",0
"lut_entry","293","delay_template_5x5","","","","","","7",0
"lut_entry","293","delay_template_5x5","","","","","","8",0
"lut_entry","293","delay_template_5x5","","","","","","9",0
"lut_entry","293","delay_template_5x5","","","","","","10",0
"lut_entry","293","delay_template_5x5","","","","","","11",0
"lut_entry","293","delay_template_5x5","","","","","","12",0
"lut_entry","293","delay_template_5x5","","","","","","13",0
"lut_entry","293","delay_template_5x5","","","","","","14",0
"lut_entry","293","delay_template_5x5","","","","","","15",0
"lut_entry","293","delay_template_5x5","","","","","","16",0
"lut_entry","293","delay_template_5x5","","","","","","17",0
"lut_entry","293","delay_template_5x5","","","","","","18",0
"lut_entry","293","delay_template_5x5","","","","","","19",0
"lut_entry","293","delay_template_5x5","","","","","","20",0
"lut_entry","293","delay_template_5x5","","","","","","21",0
"lut_entry","293","delay_template_5x5","","","","","","22",0
"lut_entry","293","delay_template_5x5","","","","","","23",0
"lut_entry","293","delay_template_5x5","","","","","","24",0
"lut_entry","294","delay_template_5x5","","","","","","0",0
"lut_entry","294","delay_template_5x5","","","","","","1",0
"lut_entry","294","delay_template_5x5","","","","","","2",0
"lut_entry","294","delay_template_5x5","","","","","","3",0
"lut_entry","294","delay_template_5x5","","","","","","4",0
"lut_entry","294","delay_template_5x5","","","","","","5",0
"lut_entry","294","delay_template_5x5","","","","","","6",0
"lut_entry","294","delay_template_5x5","","","","","","7",0
"lut_entry","294","delay_template_5x5","","","","","","8",0
"lut_entry","294","delay_template_5x5","","","","","","9",0
"lut_entry","294","delay_template_5x5","","","","","","10",0
"lut_entry","294","delay_template_5x5","","","","","","11",0
"lut_entry","294","delay_template_5x5","","","","","","12",0
"lut_entry","294","delay_template_5x5","","","","","","13",0
"lut_entry","294","delay_template_5x5","","","","","","14",0
"lut_entry","294","delay_template_5x5","","","","","","15",0
"lut_entry","294","delay_template_5x5","","","","","","16",0
"lut_entry","294","delay_template_5x5","","","","","","17",0
"lut_entry","294","delay_template_5x5","","","","","","18",0
"lut_entry","294","delay_template_5x5","","","","","","19",0
"lut_entry","294","delay_template_5x5","","","","","","20",0
"lut_entry","294","delay_template_5x5","","","","","","21",0
"lut_entry","294","delay_template_5x5","","","","","","22",0
"lut_entry","294","delay_template_5x5","","","","","","23",0
"lut_entry","294","delay_template_5x5","","","","","","24",0
"lut_entry","295","delay_template_5x5","","","","","","0",0
"lut_entry","295","delay_template_5x5","","","","","","1",0
"lut_entry","295","delay_template_5x5","","","","","","2",0
"lut_entry","295","delay_template_5x5","","","","","","3",0
"lut_entry","295","delay_template_5x5","","","","","","4",0
"lut_entry","295","delay_template_5x5","","","","","","5",0
"lut_entry","295","delay_template_5x5","","","","","","6",0
"lut_entry","295","delay_template_5x5","","","","","","7",0
"lut_entry","295","delay_template_5x5","","","","","","8",0
"lut_entry","295","delay_template_5x5","","","","","","9",0
"lut_entry","295","delay_template_5x5","","","","","","10",0
"lut_entry","295","delay_template_5x5","","","","","","11",0
"lut_entry","295","delay_template_5x5","","","","","","12",0
"lut_entry","295","delay_template_5x5","","","","","","13",0
"lut_entry","295","delay_template_5x5","","","","","","14",0
"lut_entry","295","delay_template_5x5","","","","","","15",0
"lut_entry","295","delay_template_5x5","","","","","","16",0
"lut_entry","295","delay_template_5x5","","","","","","17",0
"lut_entry","295","delay_template_5x5","","","","","","18",0
"lut_entry","295","delay_template_5x5","","","","","","19",0
"lut_entry","295","delay_template_5x5","","","","","","20",0
"lut_entry","295","delay_template_5x5","","","","","","21",0
"lut_entry","295","delay_template_5x5","","","","","","22",0
"lut_entry","295","delay_template_5x5","","","","","","23",0
"lut_entry","295","delay_template_5x5","","","","","","24",0
"lut_entry","296","delay_template_5x5","","","","","","0",0
"lut_entry","296","delay_template_5x5","","","","","","1",0
"lut_entry","296","delay_template_5x5","","","","","","2",0
"lut_entry","296","delay_template_5x5","","","","","","3",0
"lut_entry","296","delay_template_5x5","","","","","","4",0
"lut_entry","296","delay_template_5x5","","","","","","5",0
"lut_entry","296","delay_template_5x5","","","","","","6",0
"lut_entry","296","delay_template_5x5","","","","","","7",0
"lut_entry","296","delay_template_5x5","","","","","","8",0
"lut_entry","296","delay_template_5x5","","","","","","9",0
"lut_entry","296","delay_template_5x5","","","","","","10",0
"lut_entry","296","delay_template_5x5","","","","","","11",0
"lut_entry","296","delay_template_5x5","","","","","","12",0
"lut_entry","296","delay_template_5x5","","","","","","13",0
"lut_entry","296","delay_template_5x5","","","","","","14",0
"lut_entry","296","delay_template_5x5","","","","","","15",0
"lut_entry","296","delay_template_5x5","","","","","","16",0
"lut_entry","296","delay_template_5x5","","","","","","17",0
"lut_entry","296","delay_template_5x5","","","","","","18",0
"lut_entry","296","delay_template_5x5","","","","","","19",0
"lut_entry","296","delay_template_5x5","","","","","","20",0
"lut_entry","296","delay_template_5x5","","","","","","21",0
"lut_entry","296","delay_template_5x5","","","","","","22",0
"lut_entry","296","delay_template_5x5","","","","","","23",0
"lut_entry","296","delay_template_5x5","","","","","","24",0
"lut_entry","297","delay_template_5x5","","","","","","0",0
"lut_entry","297","delay_template_5x5","","","","","","1",0
"lut_entry","297","delay_template_5x5","","","","","","2",0
"lut_entry","297","delay_template_5x5","","","","","","3",0
"lut_entry","297","delay_template_5x5","","","","","","4",0
"lut_entry","297","delay_template_5x5","","","","","","5",0
"lut_entry","297","delay_template_5x5","","","","","","6",0
"lut_entry","297","delay_template_5x5","","","","","","7",0
"lut_entry","297","delay_template_5x5","","","","","","8",0
"lut_entry","297","delay_template_5x5","","","","","","9",0
"lut_entry","297","delay_template_5x5","","","","","","10",0
"lut_entry","297","delay_template_5x5","","","","","","11",0
"lut_entry","297","delay_template_5x5","","","","","","12",0
"lut_entry","297","delay_template_5x5","","","","","","13",0
"lut_entry","297","delay_template_5x5","","","","","","14",0
"lut_entry","297","delay_template_5x5","","","","","","15",0
"lut_entry","297","delay_template_5x5","","","","","","16",0
"lut_entry","297","delay_template_5x5","","","","","","17",0
"lut_entry","297","delay_template_5x5","","","","","","18",0
"lut_entry","297","delay_template_5x5","","","","","","19",0
"lut_entry","297","delay_template_5x5","","","","","","20",0
"lut_entry","297","delay_template_5x5","","","","","","21",0
"lut_entry","297","delay_template_5x5","","","","","","22",0
"lut_entry","297","delay_template_5x5","","","","","","23",0
"lut_entry","297","delay_template_5x5","","","","","","24",0
"lut_entry","298","delay_template_5x5","","","","","","0",0
"lut_entry","298","delay_template_5x5","","","","","","1",0
"lut_entry","298","delay_template_5x5","","","","","","2",0
"lut_entry","298","delay_template_5x5","","","","","","3",0
"lut_entry","298","delay_template_5x5","","","","","","4",0
"lut_entry","298","delay_template_5x5","","","","","","5",0
"lut_entry","298","delay_template_5x5","","","","","","6",0
"lut_entry","298","delay_template_5x5","","","","","","7",0
"lut_entry","298","delay_template_5x5","","","","","","8",0
"lut_entry","298","delay_template_5x5","","","","","","9",0
"lut_entry","298","delay_template_5x5","","","","","","10",0
"lut_entry","298","delay_template_5x5","","","","","","11",0
"lut_entry","298","delay_template_5x5","","","","","","12",0
"lut_entry","298","delay_template_5x5","","","","","","13",0
"lut_entry","298","delay_template_5x5","","","","","","14",0
"lut_entry","298","delay_template_5x5","","","","","","15",0
"lut_entry","298","delay_template_5x5","","","","","","16",0
"lut_entry","298","delay_template_5x5","","","","","","17",0
"lut_entry","298","delay_template_5x5","","","","","","18",0
"lut_entry","298","delay_template_5x5","","","","","","19",0
"lut_entry","298","delay_template_5x5","","","","","","20",0
"lut_entry","298","delay_template_5x5","","","","","","21",0
"lut_entry","298","delay_template_5x5","","","","","","22",0
"lut_entry","298","delay_template_5x5","","","","","","23",0
"lut_entry","298","delay_template_5x5","","","","","","24",0
"lut_entry","299","delay_template_5x5","","","","","","0",0
"lut_entry","299","delay_template_5x5","","","","","","1",0
"lut_entry","299","delay_template_5x5","","","","","","2",0
"lut_entry","299","delay_template_5x5","","","","","","3",0
"lut_entry","299","delay_template_5x5","","","","","","4",0
"lut_entry","299","delay_template_5x5","","","","","","5",0
"lut_entry","299","delay_template_5x5","","","","","","6",0
"lut_entry","299","delay_template_5x5","","","","","","7",0
"lut_entry","299","delay_template_5x5","","","","","","8",0
"lut_entry","299","delay_template_5x5","","","","","","9",0
"lut_entry","299","delay_template_5x5","","","","","","10",0
"lut_entry","299","delay_template_5x5","","","","","","11",0
"lut_entry","299","delay_template_5x5","","","","","","12",0
"lut_entry","299","delay_template_5x5","","","","","","13",0
"lut_entry","299","delay_template_5x5","","","","","","14",0
"lut_entry","299","delay_template_5x5","","","","","","15",0
"lut_entry","299","delay_template_5x5","","","","","","16",0
"lut_entry","299","delay_template_5x5","","","","","","17",0
"lut_entry","299","delay_template_5x5","","","","","","18",0
"lut_entry","299","delay_template_5x5","","","","","","19",0
"lut_entry","299","delay_template_5x5","","","","","","20",0
"lut_entry","299","delay_template_5x5","","","","","","21",0
"lut_entry","299","delay_template_5x5","","","","","","22",0
"lut_entry","299","delay_template_5x5","","","","","","23",0
"lut_entry","299","delay_template_5x5","","","","","","24",0
"lut_entry","300","delay_template_5x5","","","","","","0",0
"lut_entry","300","delay_template_5x5","","","","","","1",0
"lut_entry","300","delay_template_5x5","","","","","","2",0
"lut_entry","300","delay_template_5x5","","","","","","3",0
"lut_entry","300","delay_template_5x5","","","","","","4",0
"lut_entry","300","delay_template_5x5","","","","","","5",0
"lut_entry","300","delay_template_5x5","","","","","","6",0
"lut_entry","300","delay_template_5x5","","","","","","7",0
"lut_entry","300","delay_template_5x5","","","","","","8",0
"lut_entry","300","delay_template_5x5","","","","","","9",0
"lut_entry","300","delay_template_5x5","","","","","","10",0
"lut_entry","300","delay_template_5x5","","","","","","11",0
"lut_entry","300","delay_template_5x5","","","","","","12",0
"lut_entry","300","delay_template_5x5","","","","","","13",0
"lut_entry","300","delay_template_5x5","","","","","","14",0
"lut_entry","300","delay_template_5x5","","","","","","15",0
"lut_entry","300","delay_template_5x5","","","","","","16",0
"lut_entry","300","delay_template_5x5","","","","","","17",0
"lut_entry","300","delay_template_5x5","","","","","","18",0
"lut_entry","300","delay_template_5x5","","","","","","19",0
"lut_entry","300","delay_template_5x5","","","","","","20",0
"lut_entry","300","delay_template_5x5","","","","","","21",0
"lut_entry","300","delay_template_5x5","","","","","","22",0
"lut_entry","300","delay_template_5x5","","","","","","23",0
"lut_entry","300","delay_template_5x5","","","","","","24",0
"lut_entry","301","delay_template_5x5","","","","","","0",0
"lut_entry","301","delay_template_5x5","","","","","","1",0
"lut_entry","301","delay_template_5x5","","","","","","2",0
"lut_entry","301","delay_template_5x5","","","","","","3",0
"lut_entry","301","delay_template_5x5","","","","","","4",0
"lut_entry","301","delay_template_5x5","","","","","","5",0
"lut_entry","301","delay_template_5x5","","","","","","6",0
"lut_entry","301","delay_template_5x5","","","","","","7",0
"lut_entry","301","delay_template_5x5","","","","","","8",0
"lut_entry","301","delay_template_5x5","","","","","","9",0
"lut_entry","301","delay_template_5x5","","","","","","10",0
"lut_entry","301","delay_template_5x5","","","","","","11",0
"lut_entry","301","delay_template_5x5","","","","","","12",0
"lut_entry","301","delay_template_5x5","","","","","","13",0
"lut_entry","301","delay_template_5x5","","","","","","14",0
"lut_entry","301","delay_template_5x5","","","","","","15",0
"lut_entry","301","delay_template_5x5","","","","","","16",0
"lut_entry","301","delay_template_5x5","","","","","","17",0
"lut_entry","301","delay_template_5x5","","","","","","18",0
"lut_entry","301","delay_template_5x5","","","","","","19",0
"lut_entry","301","delay_template_5x5","","","","","","20",0
"lut_entry","301","delay_template_5x5","","","","","","21",0
"lut_entry","301","delay_template_5x5","","","","","","22",0
"lut_entry","301","delay_template_5x5","","","","","","23",0
"lut_entry","301","delay_template_5x5","","","","","","24",0
"lut_entry","302","delay_template_5x5","","","","","","0",0
"lut_entry","302","delay_template_5x5","","","","","","1",0
"lut_entry","302","delay_template_5x5","","","","","","2",0
"lut_entry","302","delay_template_5x5","","","","","","3",0
"lut_entry","302","delay_template_5x5","","","","","","4",0
"lut_entry","302","delay_template_5x5","","","","","","5",0
"lut_entry","302","delay_template_5x5","","","","","","6",0
"lut_entry","302","delay_template_5x5","","","","","","7",0
"lut_entry","302","delay_template_5x5","","","","","","8",0
"lut_entry","302","delay_template_5x5","","","","","","9",0
"lut_entry","302","delay_template_5x5","","","","","","10",0
"lut_entry","302","delay_template_5x5","","","","","","11",0
"lut_entry","302","delay_template_5x5","","","","","","12",0
"lut_entry","302","delay_template_5x5","","","","","","13",0
"lut_entry","302","delay_template_5x5","","","","","","14",0
"lut_entry","302","delay_template_5x5","","","","","","15",0
"lut_entry","302","delay_template_5x5","","","","","","16",0
"lut_entry","302","delay_template_5x5","","","","","","17",0
"lut_entry","302","delay_template_5x5","","","","","","18",0
"lut_entry","302","delay_template_5x5","","","","","","19",0
"lut_entry","302","delay_template_5x5","","","","","","20",0
"lut_entry","302","delay_template_5x5","","","","","","21",0
"lut_entry","302","delay_template_5x5","","","","","","22",0
"lut_entry","302","delay_template_5x5","","","","","","23",0
"lut_entry","302","delay_template_5x5","","","","","","24",0
"lut_entry","303","delay_template_5x5","","","","","","0",0
"lut_entry","303","delay_template_5x5","","","","","","1",0
"lut_entry","303","delay_template_5x5","","","","","","2",0
"lut_entry","303","delay_template_5x5","","","","","","3",0
"lut_entry","303","delay_template_5x5","","","","","","4",0
"lut_entry","303","delay_template_5x5","","","","","","5",0
"lut_entry","303","delay_template_5x5","","","","","","6",0
"lut_entry","303","delay_template_5x5","","","","","","7",0
"lut_entry","303","delay_template_5x5","","","","","","8",0
"lut_entry","303","delay_template_5x5","","","","","","9",0
"lut_entry","303","delay_template_5x5","","","","","","10",0
"lut_entry","303","delay_template_5x5","","","","","","11",0
"lut_entry","303","delay_template_5x5","","","","","","12",0
"lut_entry","303","delay_template_5x5","","","","","","13",0
"lut_entry","303","delay_template_5x5","","","","","","14",0
"lut_entry","303","delay_template_5x5","","","","","","15",0
"lut_entry","303","delay_template_5x5","","","","","","16",0
"lut_entry","303","delay_template_5x5","","","","","","17",0
"lut_entry","303","delay_template_5x5","","","","","","18",0
"lut_entry","303","delay_template_5x5","","","","","","19",0
"lut_entry","303","delay_template_5x5","","","","","","20",0
"lut_entry","303","delay_template_5x5","","","","","","21",0
"lut_entry","303","delay_template_5x5","","","","","","22",0
"lut_entry","303","delay_template_5x5","","","","","","23",0
"lut_entry","303","delay_template_5x5","","","","","","24",0
"lut_entry","304","delay_template_5x5","","","","","","0",0
"lut_entry","304","delay_template_5x5","","","","","","1",0
"lut_entry","304","delay_template_5x5","","","","","","2",0
"lut_entry","304","delay_template_5x5","","","","","","3",0
"lut_entry","304","delay_template_5x5","","","","","","4",0
"lut_entry","304","delay_template_5x5","","","","","","5",0
"lut_entry","304","delay_template_5x5","","","","","","6",0
"lut_entry","304","delay_template_5x5","","","","","","7",0
"lut_entry","304","delay_template_5x5","","","","","","8",0
"lut_entry","304","delay_template_5x5","","","","","","9",0
"lut_entry","304","delay_template_5x5","","","","","","10",0
"lut_entry","304","delay_template_5x5","","","","","","11",0
"lut_entry","304","delay_template_5x5","","","","","","12",0
"lut_entry","304","delay_template_5x5","","","","","","13",0
"lut_entry","304","delay_template_5x5","","","","","","14",0
"lut_entry","304","delay_template_5x5","","","","","","15",0
"lut_entry","304","delay_template_5x5","","","","","","16",0
"lut_entry","304","delay_template_5x5","","","","","","17",0
"lut_entry","304","delay_template_5x5","","","","","","18",0
"lut_entry","304","delay_template_5x5","","","","","","19",0
"lut_entry","304","delay_template_5x5","","","","","","20",0
"lut_entry","304","delay_template_5x5","","","","","","21",0
"lut_entry","304","delay_template_5x5","","","","","","22",0
"lut_entry","304","delay_template_5x5","","","","","","23",0
"lut_entry","304","delay_template_5x5","","","","","","24",0
"lut_entry","305","delay_template_5x5","","","","","","0",0
"lut_entry","305","delay_template_5x5","","","","","","1",0
"lut_entry","305","delay_template_5x5","","","","","","2",0
"lut_entry","305","delay_template_5x5","","","","","","3",0
"lut_entry","305","delay_template_5x5","","","","","","4",0
"lut_entry","305","delay_template_5x5","","","","","","5",0
"lut_entry","305","delay_template_5x5","","","","","","6",0
"lut_entry","305","delay_template_5x5","","","","","","7",0
"lut_entry","305","delay_template_5x5","","","","","","8",0
"lut_entry","305","delay_template_5x5","","","","","","9",0
"lut_entry","305","delay_template_5x5","","","","","","10",0
"lut_entry","305","delay_template_5x5","","","","","","11",0
"lut_entry","305","delay_template_5x5","","","","","","12",0
"lut_entry","305","delay_template_5x5","","","","","","13",0
"lut_entry","305","delay_template_5x5","","","","","","14",0
"lut_entry","305","delay_template_5x5","","","","","","15",0
"lut_entry","305","delay_template_5x5","","","","","","16",0
"lut_entry","305","delay_template_5x5","","","","","","17",0
"lut_entry","305","delay_template_5x5","","","","","","18",0
"lut_entry","305","delay_template_5x5","","","","","","19",0
"lut_entry","305","delay_template_5x5","","","","","","20",0
"lut_entry","305","delay_template_5x5","","","","","","21",0
"lut_entry","305","delay_template_5x5","","","","","","22",0
"lut_entry","305","delay_template_5x5","","","","","","23",0
"lut_entry","305","delay_template_5x5","","","","","","24",0
"lut_entry","306","delay_template_5x5","","","","","","0",0
"lut_entry","306","delay_template_5x5","","","","","","1",0
"lut_entry","306","delay_template_5x5","","","","","","2",0
"lut_entry","306","delay_template_5x5","","","","","","3",0
"lut_entry","306","delay_template_5x5","","","","","","4",0
"lut_entry","306","delay_template_5x5","","","","","","5",0
"lut_entry","306","delay_template_5x5","","","","","","6",0
"lut_entry","306","delay_template_5x5","","","","","","7",0
"lut_entry","306","delay_template_5x5","","","","","","8",0
"lut_entry","306","delay_template_5x5","","","","","","9",0
"lut_entry","306","delay_template_5x5","","","","","","10",0
"lut_entry","306","delay_template_5x5","","","","","","11",0
"lut_entry","306","delay_template_5x5","","","","","","12",0
"lut_entry","306","delay_template_5x5","","","","","","13",0
"lut_entry","306","delay_template_5x5","","","","","","14",0
"lut_entry","306","delay_template_5x5","","","","","","15",0
"lut_entry","306","delay_template_5x5","","","","","","16",0
"lut_entry","306","delay_template_5x5","","","","","","17",0
"lut_entry","306","delay_template_5x5","","","","","","18",0
"lut_entry","306","delay_template_5x5","","","","","","19",0
"lut_entry","306","delay_template_5x5","","","","","","20",0
"lut_entry","306","delay_template_5x5","","","","","","21",0
"lut_entry","306","delay_template_5x5","","","","","","22",0
"lut_entry","306","delay_template_5x5","","","","","","23",0
"lut_entry","306","delay_template_5x5","","","","","","24",0
"lut_entry","307","delay_template_5x5","","","","","","0",0
"lut_entry","307","delay_template_5x5","","","","","","1",0
"lut_entry","307","delay_template_5x5","","","","","","2",0
"lut_entry","307","delay_template_5x5","","","","","","3",0
"lut_entry","307","delay_template_5x5","","","","","","4",0
"lut_entry","307","delay_template_5x5","","","","","","5",0
"lut_entry","307","delay_template_5x5","","","","","","6",0
"lut_entry","307","delay_template_5x5","","","","","","7",0
"lut_entry","307","delay_template_5x5","","","","","","8",0
"lut_entry","307","delay_template_5x5","","","","","","9",0
"lut_entry","307","delay_template_5x5","","","","","","10",0
"lut_entry","307","delay_template_5x5","","","","","","11",0
"lut_entry","307","delay_template_5x5","","","","","","12",0
"lut_entry","307","delay_template_5x5","","","","","","13",0
"lut_entry","307","delay_template_5x5","","","","","","14",0
"lut_entry","307","delay_template_5x5","","","","","","15",0
"lut_entry","307","delay_template_5x5","","","","","","16",0
"lut_entry","307","delay_template_5x5","","","","","","17",0
"lut_entry","307","delay_template_5x5","","","","","","18",0
"lut_entry","307","delay_template_5x5","","","","","","19",0
"lut_entry","307","delay_template_5x5","","","","","","20",0
"lut_entry","307","delay_template_5x5","","","","","","21",0
"lut_entry","307","delay_template_5x5","","","","","","22",0
"lut_entry","307","delay_template_5x5","","","","","","23",0
"lut_entry","307","delay_template_5x5","","","","","","24",0
"lut_entry","308","delay_template_5x5","","","","","","0",0
"lut_entry","308","delay_template_5x5","","","","","","1",0
"lut_entry","308","delay_template_5x5","","","","","","2",0
"lut_entry","308","delay_template_5x5","","","","","","3",0
"lut_entry","308","delay_template_5x5","","","","","","4",0
"lut_entry","308","delay_template_5x5","","","","","","5",0
"lut_entry","308","delay_template_5x5","","","","","","6",0
"lut_entry","308","delay_template_5x5","","","","","","7",0
"lut_entry","308","delay_template_5x5","","","","","","8",0
"lut_entry","308","delay_template_5x5","","","","","","9",0
"lut_entry","308","delay_template_5x5","","","","","","10",0
"lut_entry","308","delay_template_5x5","","","","","","11",0
"lut_entry","308","delay_template_5x5","","","","","","12",0
"lut_entry","308","delay_template_5x5","","","","","","13",0
"lut_entry","308","delay_template_5x5","","","","","","14",0
"lut_entry","308","delay_template_5x5","","","","","","15",0
"lut_entry","308","delay_template_5x5","","","","","","16",0
"lut_entry","308","delay_template_5x5","","","","","","17",0
"lut_entry","308","delay_template_5x5","","","","","","18",0
"lut_entry","308","delay_template_5x5","","","","","","19",0
"lut_entry","308","delay_template_5x5","","","","","","20",0
"lut_entry","308","delay_template_5x5","","","","","","21",0
"lut_entry","308","delay_template_5x5","","","","","","22",0
"lut_entry","308","delay_template_5x5","","","","","","23",0
"lut_entry","308","delay_template_5x5","","","","","","24",0
"lut_entry","309","delay_template_5x5","","","","","","0",0
"lut_entry","309","delay_template_5x5","","","","","","1",0
"lut_entry","309","delay_template_5x5","","","","","","2",0
"lut_entry","309","delay_template_5x5","","","","","","3",0
"lut_entry","309","delay_template_5x5","","","","","","4",0
"lut_entry","309","delay_template_5x5","","","","","","5",0
"lut_entry","309","delay_template_5x5","","","","","","6",0
"lut_entry","309","delay_template_5x5","","","","","","7",0
"lut_entry","309","delay_template_5x5","","","","","","8",0
"lut_entry","309","delay_template_5x5","","","","","","9",0
"lut_entry","309","delay_template_5x5","","","","","","10",0
"lut_entry","309","delay_template_5x5","","","","","","11",0
"lut_entry","309","delay_template_5x5","","","","","","12",0
"lut_entry","309","delay_template_5x5","","","","","","13",0
"lut_entry","309","delay_template_5x5","","","","","","14",0
"lut_entry","309","delay_template_5x5","","","","","","15",0
"lut_entry","309","delay_template_5x5","","","","","","16",0
"lut_entry","309","delay_template_5x5","","","","","","17",0
"lut_entry","309","delay_template_5x5","","","","","","18",0
"lut_entry","309","delay_template_5x5","","","","","","19",0
"lut_entry","309","delay_template_5x5","","","","","","20",0
"lut_entry","309","delay_template_5x5","","","","","","21",0
"lut_entry","309","delay_template_5x5","","","","","","22",0
"lut_entry","309","delay_template_5x5","","","","","","23",0
"lut_entry","309","delay_template_5x5","","","","","","24",0
"lut_entry","310","delay_template_5x5","","","","","","0",0
"lut_entry","310","delay_template_5x5","","","","","","1",0
"lut_entry","310","delay_template_5x5","","","","","","2",0
"lut_entry","310","delay_template_5x5","","","","","","3",0
"lut_entry","310","delay_template_5x5","","","","","","4",0
"lut_entry","310","delay_template_5x5","","","","","","5",0
"lut_entry","310","delay_template_5x5","","","","","","6",0
"lut_entry","310","delay_template_5x5","","","","","","7",0
"lut_entry","310","delay_template_5x5","","","","","","8",0
"lut_entry","310","delay_template_5x5","","","","","","9",0
"lut_entry","310","delay_template_5x5","","","","","","10",0
"lut_entry","310","delay_template_5x5","","","","","","11",0
"lut_entry","310","delay_template_5x5","","","","","","12",0
"lut_entry","310","delay_template_5x5","","","","","","13",0
"lut_entry","310","delay_template_5x5","","","","","","14",0
"lut_entry","310","delay_template_5x5","","","","","","15",0
"lut_entry","310","delay_template_5x5","","","","","","16",0
"lut_entry","310","delay_template_5x5","","","","","","17",0
"lut_entry","310","delay_template_5x5","","","","","","18",0
"lut_entry","310","delay_template_5x5","","","","","","19",0
"lut_entry","310","delay_template_5x5","","","","","","20",0
"lut_entry","310","delay_template_5x5","","","","","","21",0
"lut_entry","310","delay_template_5x5","","","","","","22",0
"lut_entry","310","delay_template_5x5","","","","","","23",0
"lut_entry","310","delay_template_5x5","","","","","","24",0
"lut_entry","311","delay_template_5x5","","","","","","0",0
"lut_entry","311","delay_template_5x5","","","","","","1",0
"lut_entry","311","delay_template_5x5","","","","","","2",0
"lut_entry","311","delay_template_5x5","","","","","","3",0
"lut_entry","311","delay_template_5x5","","","","","","4",0
"lut_entry","311","delay_template_5x5","","","","","","5",0
"lut_entry","311","delay_template_5x5","","","","","","6",0
"lut_entry","311","delay_template_5x5","","","","","","7",0
"lut_entry","311","delay_template_5x5","","","","","","8",0
"lut_entry","311","delay_template_5x5","","","","","","9",0
"lut_entry","311","delay_template_5x5","","","","","","10",0
"lut_entry","311","delay_template_5x5","","","","","","11",0
"lut_entry","311","delay_template_5x5","","","","","","12",0
"lut_entry","311","delay_template_5x5","","","","","","13",0
"lut_entry","311","delay_template_5x5","","","","","","14",0
"lut_entry","311","delay_template_5x5","","","","","","15",0
"lut_entry","311","delay_template_5x5","","","","","","16",0
"lut_entry","311","delay_template_5x5","","","","","","17",0
"lut_entry","311","delay_template_5x5","","","","","","18",0
"lut_entry","311","delay_template_5x5","","","","","","19",0
"lut_entry","311","delay_template_5x5","","","","","","20",0
"lut_entry","311","delay_template_5x5","","","","","","21",0
"lut_entry","311","delay_template_5x5","","","","","","22",0
"lut_entry","311","delay_template_5x5","","","","","","23",0
"lut_entry","311","delay_template_5x5","","","","","","24",0
"lut_entry","312","delay_template_5x5","","","","","","0",0
"lut_entry","312","delay_template_5x5","","","","","","1",0
"lut_entry","312","delay_template_5x5","","","","","","2",0
"lut_entry","312","delay_template_5x5","","","","","","3",0
"lut_entry","312","delay_template_5x5","","","","","","4",0
"lut_entry","312","delay_template_5x5","","","","","","5",0
"lut_entry","312","delay_template_5x5","","","","","","6",0
"lut_entry","312","delay_template_5x5","","","","","","7",0
"lut_entry","312","delay_template_5x5","","","","","","8",0
"lut_entry","312","delay_template_5x5","","","","","","9",0
"lut_entry","312","delay_template_5x5","","","","","","10",0
"lut_entry","312","delay_template_5x5","","","","","","11",0
"lut_entry","312","delay_template_5x5","","","","","","12",0
"lut_entry","312","delay_template_5x5","","","","","","13",0
"lut_entry","312","delay_template_5x5","","","","","","14",0
"lut_entry","312","delay_template_5x5","","","","","","15",0
"lut_entry","312","delay_template_5x5","","","","","","16",0
"lut_entry","312","delay_template_5x5","","","","","","17",0
"lut_entry","312","delay_template_5x5","","","","","","18",0
"lut_entry","312","delay_template_5x5","","","","","","19",0
"lut_entry","312","delay_template_5x5","","","","","","20",0
"lut_entry","312","delay_template_5x5","","","","","","21",0
"lut_entry","312","delay_template_5x5","","","","","","22",0
"lut_entry","312","delay_template_5x5","","","","","","23",0
"lut_entry","312","delay_template_5x5","","","","","","24",0
"lut_entry","313","delay_template_5x5","","","","","","0",0
"lut_entry","313","delay_template_5x5","","","","","","1",0
"lut_entry","313","delay_template_5x5","","","","","","2",0
"lut_entry","313","delay_template_5x5","","","","","","3",0
"lut_entry","313","delay_template_5x5","","","","","","4",0
"lut_entry","313","delay_template_5x5","","","","","","5",0
"lut_entry","313","delay_template_5x5","","","","","","6",0
"lut_entry","313","delay_template_5x5","","","","","","7",0
"lut_entry","313","delay_template_5x5","","","","","","8",0
"lut_entry","313","delay_template_5x5","","","","","","9",0
"lut_entry","313","delay_template_5x5","","","","","","10",0
"lut_entry","313","delay_template_5x5","","","","","","11",0
"lut_entry","313","delay_template_5x5","","","","","","12",0
"lut_entry","313","delay_template_5x5","","","","","","13",0
"lut_entry","313","delay_template_5x5","","","","","","14",0
"lut_entry","313","delay_template_5x5","","","","","","15",0
"lut_entry","313","delay_template_5x5","","","","","","16",0
"lut_entry","313","delay_template_5x5","","","","","","17",0
"lut_entry","313","delay_template_5x5","","","","","","18",0
"lut_entry","313","delay_template_5x5","","","","","","19",0
"lut_entry","313","delay_template_5x5","","","","","","20",0
"lut_entry","313","delay_template_5x5","","","","","","21",0
"lut_entry","313","delay_template_5x5","","","","","","22",0
"lut_entry","313","delay_template_5x5","","","","","","23",0
"lut_entry","313","delay_template_5x5","","","","","","24",0
"lut_entry","314","delay_template_5x5","","","","","","0",0
"lut_entry","314","delay_template_5x5","","","","","","1",0
"lut_entry","314","delay_template_5x5","","","","","","2",0
"lut_entry","314","delay_template_5x5","","","","","","3",0
"lut_entry","314","delay_template_5x5","","","","","","4",0
"lut_entry","314","delay_template_5x5","","","","","","5",0
"lut_entry","314","delay_template_5x5","","","","","","6",0
"lut_entry","314","delay_template_5x5","","","","","","7",0
"lut_entry","314","delay_template_5x5","","","","","","8",0
"lut_entry","314","delay_template_5x5","","","","","","9",0
"lut_entry","314","delay_template_5x5","","","","","","10",0
"lut_entry","314","delay_template_5x5","","","","","","11",0
"lut_entry","314","delay_template_5x5","","","","","","12",0
"lut_entry","314","delay_template_5x5","","","","","","13",0
"lut_entry","314","delay_template_5x5","","","","","","14",0
"lut_entry","314","delay_template_5x5","","","","","","15",0
"lut_entry","314","delay_template_5x5","","","","","","16",0
"lut_entry","314","delay_template_5x5","","","","","","17",0
"lut_entry","314","delay_template_5x5","","","","","","18",0
"lut_entry","314","delay_template_5x5","","","","","","19",0
"lut_entry","314","delay_template_5x5","","","","","","20",0
"lut_entry","314","delay_template_5x5","","","","","","21",0
"lut_entry","314","delay_template_5x5","","","","","","22",0
"lut_entry","314","delay_template_5x5","","","","","","23",0
"lut_entry","314","delay_template_5x5","","","","","","24",0
"lut_entry","315","delay_template_5x5","","","","","","0",0
"lut_entry","315","delay_template_5x5","","","","","","1",0
"lut_entry","315","delay_template_5x5","","","","","","2",0
"lut_entry","315","delay_template_5x5","","","","","","3",0
"lut_entry","315","delay_template_5x5","","","","","","4",0
"lut_entry","315","delay_template_5x5","","","","","","5",0
"lut_entry","315","delay_template_5x5","","","","","","6",0
"lut_entry","315","delay_template_5x5","","","","","","7",0
"lut_entry","315","delay_template_5x5","","","","","","8",0
"lut_entry","315","delay_template_5x5","","","","","","9",0
"lut_entry","315","delay_template_5x5","","","","","","10",0
"lut_entry","315","delay_template_5x5","","","","","","11",0
"lut_entry","315","delay_template_5x5","","","","","","12",0
"lut_entry","315","delay_template_5x5","","","","","","13",0
"lut_entry","315","delay_template_5x5","","","","","","14",0
"lut_entry","315","delay_template_5x5","","","","","","15",0
"lut_entry","315","delay_template_5x5","","","","","","16",0
"lut_entry","315","delay_template_5x5","","","","","","17",0
"lut_entry","315","delay_template_5x5","","","","","","18",0
"lut_entry","315","delay_template_5x5","","","","","","19",0
"lut_entry","315","delay_template_5x5","","","","","","20",0
"lut_entry","315","delay_template_5x5","","","","","","21",0
"lut_entry","315","delay_template_5x5","","","","","","22",0
"lut_entry","315","delay_template_5x5","","","","","","23",0
"lut_entry","315","delay_template_5x5","","","","","","24",0
